-- phpMyAdmin SQL Dump
-- version 3.5.8.2
-- http://www.phpmyadmin.net
--
-- ホスト: localhost
-- 生成日時: 2013 年 11 月 19 日 11:49
-- サーバのバージョン: 5.6.13-log
-- PHP のバージョン: 5.3.27

SET SQL_MODE="NO_AUTO_VALUE_ON_ZERO";
SET time_zone = "+00:00";


/*!40101 SET @OLD_CHARACTER_SET_CLIENT=@@CHARACTER_SET_CLIENT */;
/*!40101 SET @OLD_CHARACTER_SET_RESULTS=@@CHARACTER_SET_RESULTS */;
/*!40101 SET @OLD_COLLATION_CONNECTION=@@COLLATION_CONNECTION */;
/*!40101 SET NAMES utf8 */;

--
-- データベース: `audit_db`
--

-- --------------------------------------------------------

--
-- テーブルの構造 `audits`
--

CREATE TABLE IF NOT EXISTS `audits` (
  `audit_id` int(11) NOT NULL AUTO_INCREMENT COMMENT '監査ID',
  `store_id` int(11) NOT NULL COMMENT '店舗ID',
  `item_id` int(11) NOT NULL COMMENT 'ジャンルID',
  `status` int(1) NOT NULL COMMENT '状態',
  `audit_file_id` int(11) DEFAULT NULL COMMENT '監査ファイルID',
  `comment` varchar(512) CHARACTER SET utf8 DEFAULT NULL COMMENT 'コメント',
  `audit_scheduled_date` date DEFAULT NULL COMMENT '監査予定日',
  `audit_date` date DEFAULT NULL COMMENT '監査日',
  `approval_date` date DEFAULT NULL COMMENT '承認日',
  `audit_end_date` date DEFAULT NULL COMMENT '監査完了日',
  `correct_information_date` date DEFAULT NULL COMMENT '是正通知日',
  `correct_end_scheduled_date` date DEFAULT NULL COMMENT '是正完了予定日',
  `correct_end_date` date DEFAULT NULL COMMENT '是正完了日',
  `impossible` int(11) DEFAULT NULL COMMENT '不可',
  `correct_value` int(1) DEFAULT NULL COMMENT '是正有無',
  `correct_status` int(1) DEFAULT NULL COMMENT '是正状態区分',
  `approver` varchar(30) CHARACTER SET utf8 DEFAULT NULL COMMENT '承認者',
  `audit_create_user` varchar(30) CHARACTER SET utf8 NOT NULL COMMENT '担当者',
  `register_datetime` datetime DEFAULT NULL,
  `register_user` varchar(30) CHARACTER SET utf8 DEFAULT NULL,
  `register_process` varchar(30) CHARACTER SET utf8 DEFAULT NULL,
  `update_datetime` datetime DEFAULT NULL,
  `update_user` varchar(30) CHARACTER SET utf8 DEFAULT NULL,
  `update_process` varchar(30) CHARACTER SET utf8 DEFAULT NULL,
  PRIMARY KEY (`audit_id`),
  KEY `store_id` (`store_id`),
  KEY `item_id` (`item_id`),
  KEY `audit_create_user` (`audit_create_user`)
) ENGINE=InnoDB  DEFAULT CHARSET=utf16 PACK_KEYS=0 COMMENT='監査テーブル' AUTO_INCREMENT=18 ;

--
-- テーブルのデータのダンプ `audits`
--

INSERT INTO `audits` (`audit_id`, `store_id`, `item_id`, `status`, `audit_file_id`, `comment`, `audit_scheduled_date`, `audit_date`, `approval_date`, `audit_end_date`, `correct_information_date`, `correct_end_scheduled_date`, `correct_end_date`, `impossible`, `correct_value`, `correct_status`, `approver`, `audit_create_user`, `register_datetime`, `register_user`, `register_process`, `update_datetime`, `update_user`, `update_process`) VALUES
(1, 3, 2, 4, NULL, NULL, '2013-11-05', '2013-11-04', NULL, NULL, NULL, NULL, NULL, NULL, NULL, NULL, NULL, '000001', NULL, NULL, NULL, NULL, NULL, NULL),
(2, 269, 1, 2, NULL, '０１２３４５６７８９０１２３４５６７８９０１２３４５６７８９０１２３４５６７８９０１２３４５６７８９０１２３４５６７８９０１２３４５６７８９０１２３４５６７８９０１２３４５６７８９０１２３４５６７８９', '2013-11-01', '2013-11-05', NULL, NULL, NULL, NULL, NULL, 0, NULL, NULL, NULL, '000001', NULL, NULL, NULL, NULL, NULL, NULL),
(3, 269, 2, 2, NULL, 'ああああああああああああああああああああああああああああああああああああああああああああああああああああああああああああああああああああああああああああああああああああああああああああああああああああああああああああああああああああああああああああああああああああああああああああああああああああああああああああああああああああああああああああああああああああああああああああああ', '2013-11-06', '2013-11-05', NULL, NULL, NULL, NULL, NULL, 0, NULL, NULL, NULL, '000001', NULL, NULL, NULL, NULL, NULL, NULL),
(4, 3, 1, 3, NULL, 'ああああ\r\nいいいい\r\nう<br><b>', '2013-11-04', '2013-11-06', '2013-11-07', NULL, '2013-11-05', '2013-11-13', NULL, 0, 1, NULL, '000002', '000001', NULL, NULL, NULL, NULL, NULL, NULL),
(5, 3, 2, 4, NULL, NULL, '2013-11-07', '2013-11-07', NULL, NULL, NULL, NULL, NULL, NULL, NULL, NULL, NULL, '000001', NULL, NULL, NULL, NULL, NULL, NULL),
(6, 4, 2, 0, NULL, NULL, '2013-11-05', NULL, NULL, NULL, NULL, NULL, NULL, NULL, NULL, NULL, NULL, '000001', NULL, NULL, NULL, NULL, NULL, NULL),
(7, 4, 2, 0, NULL, NULL, '2013-11-05', NULL, NULL, NULL, NULL, NULL, NULL, NULL, NULL, NULL, NULL, '000001', NULL, NULL, NULL, NULL, NULL, NULL),
(8, 3, 2, 4, NULL, NULL, '2013-11-05', '2013-11-08', NULL, NULL, NULL, NULL, NULL, NULL, NULL, NULL, NULL, '000001', NULL, NULL, NULL, NULL, NULL, NULL),
(9, 3, 2, 2, NULL, NULL, '2013-11-08', '2013-11-08', NULL, NULL, NULL, NULL, NULL, 0, NULL, NULL, NULL, '000001', NULL, NULL, NULL, NULL, NULL, NULL),
(10, 275, 1, 0, NULL, NULL, '2013-11-07', NULL, NULL, NULL, NULL, NULL, NULL, NULL, NULL, NULL, NULL, '000001', NULL, NULL, NULL, NULL, NULL, NULL),
(11, 3, 2, 0, NULL, NULL, '2013-11-06', NULL, NULL, NULL, NULL, NULL, NULL, NULL, NULL, NULL, NULL, '000001', NULL, NULL, NULL, NULL, NULL, NULL),
(12, 3, 2, 0, NULL, NULL, '2013-11-07', NULL, NULL, NULL, NULL, NULL, NULL, NULL, NULL, NULL, NULL, '000001', NULL, NULL, NULL, NULL, NULL, NULL),
(13, 11, 1, 2, NULL, 'ffffd', '2013-11-02', '2013-11-15', NULL, NULL, NULL, NULL, NULL, 0, NULL, NULL, NULL, '000004', NULL, NULL, NULL, NULL, NULL, NULL),
(14, 271, 1, 2, NULL, NULL, '2013-11-15', '2013-11-18', NULL, NULL, NULL, NULL, NULL, 0, NULL, NULL, NULL, '000001', NULL, NULL, NULL, NULL, NULL, NULL),
(15, 271, 2, 2, NULL, 'あああああ', '2013-11-18', '2013-11-18', NULL, NULL, '2013-11-01', '2013-11-01', NULL, 0, NULL, NULL, NULL, '000001', NULL, NULL, NULL, NULL, NULL, NULL),
(16, 96, 1, 2, NULL, '', '2013-12-02', '2013-11-19', NULL, NULL, NULL, NULL, NULL, 0, NULL, NULL, NULL, '000001', NULL, NULL, NULL, NULL, NULL, NULL),
(17, 87, 1, 2, NULL, NULL, '2013-12-03', '2013-11-19', NULL, NULL, NULL, NULL, NULL, 0, NULL, NULL, NULL, '000001', NULL, NULL, NULL, NULL, NULL, NULL);

-- --------------------------------------------------------

--
-- テーブルの構造 `audit_details`
--

CREATE TABLE IF NOT EXISTS `audit_details` (
  `audit_detail_id` int(11) NOT NULL AUTO_INCREMENT COMMENT '監査詳細ID',
  `audit_id` int(11) NOT NULL COMMENT '監査ID',
  `document_id` int(11) NOT NULL COMMENT '書類項目ID',
  `judgment` int(11) NOT NULL COMMENT '評価',
  `audit_detail_file_id` varchar(30) DEFAULT NULL COMMENT '監査詳細ファイルID',
  `valid_flag` int(1) NOT NULL COMMENT '有効フラグ',
  `user_update_date` date DEFAULT NULL COMMENT '更新日',
  `user_update_name` varchar(30) DEFAULT NULL COMMENT '更新者',
  `register_datetime` datetime DEFAULT NULL,
  `register_user` varchar(30) DEFAULT NULL,
  `register_process` varchar(30) DEFAULT NULL,
  `update_datetime` datetime DEFAULT NULL,
  `update_user` varchar(30) DEFAULT NULL,
  `update_process` varchar(30) DEFAULT NULL,
  PRIMARY KEY (`audit_detail_id`),
  KEY `audit_id` (`audit_id`),
  KEY `document_id` (`document_id`)
) ENGINE=InnoDB  DEFAULT CHARSET=utf8 PACK_KEYS=0 COMMENT='監査詳細テーブル' AUTO_INCREMENT=1867 ;

--
-- テーブルのデータのダンプ `audit_details`
--

INSERT INTO `audit_details` (`audit_detail_id`, `audit_id`, `document_id`, `judgment`, `audit_detail_file_id`, `valid_flag`, `user_update_date`, `user_update_name`, `register_datetime`, `register_user`, `register_process`, `update_datetime`, `update_user`, `update_process`) VALUES
(1, 1, 246, 1, NULL, 1, '2013-11-15', '鈴木一郎', NULL, NULL, NULL, NULL, NULL, NULL),
(2, 1, 247, 1, NULL, 1, '2013-11-15', '鈴木一郎', NULL, NULL, NULL, NULL, NULL, NULL),
(3, 1, 248, 1, NULL, 1, '2013-11-15', '鈴木一郎', NULL, NULL, NULL, NULL, NULL, NULL),
(4, 1, 249, 2, NULL, 1, '2013-11-15', '鈴木一郎', NULL, NULL, NULL, NULL, NULL, NULL),
(5, 1, 250, 2, NULL, 1, '2013-11-15', '鈴木一郎', NULL, NULL, NULL, NULL, NULL, NULL),
(6, 1, 251, 2, NULL, 1, '2013-11-15', '鈴木一郎', NULL, NULL, NULL, NULL, NULL, NULL),
(7, 1, 252, 2, NULL, 1, '2013-11-15', '鈴木一郎', NULL, NULL, NULL, NULL, NULL, NULL),
(8, 1, 253, 2, NULL, 1, '2013-11-15', '鈴木一郎', NULL, NULL, NULL, NULL, NULL, NULL),
(9, 1, 254, 2, NULL, 1, '2013-11-15', '鈴木一郎', NULL, NULL, NULL, NULL, NULL, NULL),
(10, 1, 255, 2, NULL, 1, '2013-11-15', '鈴木一郎', NULL, NULL, NULL, NULL, NULL, NULL),
(11, 1, 256, 1, NULL, 1, '2013-11-15', '鈴木一郎', NULL, NULL, NULL, NULL, NULL, NULL),
(12, 1, 257, 2, NULL, 1, '2013-11-15', '鈴木一郎', NULL, NULL, NULL, NULL, NULL, NULL),
(13, 1, 258, 2, NULL, 1, '2013-11-15', '鈴木一郎', NULL, NULL, NULL, NULL, NULL, NULL),
(14, 1, 259, 2, NULL, 1, '2013-11-15', '鈴木一郎', NULL, NULL, NULL, NULL, NULL, NULL),
(15, 1, 260, 2, NULL, 1, '2013-11-15', '鈴木一郎', NULL, NULL, NULL, NULL, NULL, NULL),
(16, 1, 261, 2, NULL, 1, '2013-11-15', '鈴木一郎', NULL, NULL, NULL, NULL, NULL, NULL),
(17, 1, 262, 2, NULL, 1, '2013-11-15', '鈴木一郎', NULL, NULL, NULL, NULL, NULL, NULL),
(18, 1, 263, 2, NULL, 1, '2013-11-15', '鈴木一郎', NULL, NULL, NULL, NULL, NULL, NULL),
(19, 1, 264, 2, NULL, 1, '2013-11-15', '鈴木一郎', NULL, NULL, NULL, NULL, NULL, NULL),
(20, 1, 265, 2, NULL, 1, '2013-11-15', '鈴木一郎', NULL, NULL, NULL, NULL, NULL, NULL),
(21, 1, 266, 1, NULL, 1, '2013-11-15', '鈴木一郎', NULL, NULL, NULL, NULL, NULL, NULL),
(22, 1, 267, 1, NULL, 1, '2013-11-15', '鈴木一郎', NULL, NULL, NULL, NULL, NULL, NULL),
(23, 1, 268, 1, NULL, 1, '2013-11-15', '鈴木一郎', NULL, NULL, NULL, NULL, NULL, NULL),
(24, 1, 269, 1, NULL, 1, '2013-11-15', '鈴木一郎', NULL, NULL, NULL, NULL, NULL, NULL),
(25, 1, 270, 1, NULL, 1, '2013-11-15', '鈴木一郎', NULL, NULL, NULL, NULL, NULL, NULL),
(26, 1, 271, 1, NULL, 1, '2013-11-15', '鈴木一郎', NULL, NULL, NULL, NULL, NULL, NULL),
(27, 1, 272, 0, NULL, 0, '2013-11-04', '鈴木一郎', NULL, NULL, NULL, NULL, NULL, NULL),
(28, 1, 273, 0, NULL, 0, '2013-11-04', '鈴木一郎', NULL, NULL, NULL, NULL, NULL, NULL),
(29, 1, 274, 0, NULL, 0, '2013-11-04', '鈴木一郎', NULL, NULL, NULL, NULL, NULL, NULL),
(30, 1, 275, 0, NULL, 0, '2013-11-04', '鈴木一郎', NULL, NULL, NULL, NULL, NULL, NULL),
(31, 1, 276, 0, NULL, 0, '2013-11-04', '鈴木一郎', NULL, NULL, NULL, NULL, NULL, NULL),
(32, 1, 277, 0, NULL, 0, '2013-11-04', '鈴木一郎', NULL, NULL, NULL, NULL, NULL, NULL),
(33, 1, 278, 0, NULL, 0, '2013-11-04', '鈴木一郎', NULL, NULL, NULL, NULL, NULL, NULL),
(34, 1, 279, 0, NULL, 0, '2013-11-04', '鈴木一郎', NULL, NULL, NULL, NULL, NULL, NULL),
(35, 1, 280, 0, NULL, 0, '2013-11-04', '鈴木一郎', NULL, NULL, NULL, NULL, NULL, NULL),
(36, 1, 281, 0, NULL, 0, '2013-11-04', '鈴木一郎', NULL, NULL, NULL, NULL, NULL, NULL),
(37, 1, 282, 0, NULL, 0, '2013-11-04', '鈴木一郎', NULL, NULL, NULL, NULL, NULL, NULL),
(38, 1, 283, 0, NULL, 0, '2013-11-04', '鈴木一郎', NULL, NULL, NULL, NULL, NULL, NULL),
(39, 1, 284, 0, NULL, 0, '2013-11-04', '鈴木一郎', NULL, NULL, NULL, NULL, NULL, NULL),
(40, 1, 285, 0, NULL, 0, '2013-11-04', '鈴木一郎', NULL, NULL, NULL, NULL, NULL, NULL),
(41, 1, 286, 0, NULL, 0, '2013-11-04', '鈴木一郎', NULL, NULL, NULL, NULL, NULL, NULL),
(42, 1, 287, 0, NULL, 0, '2013-11-04', '鈴木一郎', NULL, NULL, NULL, NULL, NULL, NULL),
(43, 1, 288, 0, NULL, 0, '2013-11-04', '鈴木一郎', NULL, NULL, NULL, NULL, NULL, NULL),
(44, 1, 289, 0, NULL, 0, '2013-11-04', '鈴木一郎', NULL, NULL, NULL, NULL, NULL, NULL),
(45, 1, 290, 0, NULL, 0, '2013-11-04', '鈴木一郎', NULL, NULL, NULL, NULL, NULL, NULL),
(46, 1, 291, 0, NULL, 0, '2013-11-04', '鈴木一郎', NULL, NULL, NULL, NULL, NULL, NULL),
(47, 1, 292, 0, NULL, 0, '2013-11-04', '鈴木一郎', NULL, NULL, NULL, NULL, NULL, NULL),
(48, 1, 293, 0, NULL, 0, '2013-11-04', '鈴木一郎', NULL, NULL, NULL, NULL, NULL, NULL),
(49, 1, 294, 0, NULL, 0, '2013-11-04', '鈴木一郎', NULL, NULL, NULL, NULL, NULL, NULL),
(50, 1, 295, 0, NULL, 0, '2013-11-04', '鈴木一郎', NULL, NULL, NULL, NULL, NULL, NULL),
(51, 1, 296, 0, NULL, 0, '2013-11-04', '鈴木一郎', NULL, NULL, NULL, NULL, NULL, NULL),
(52, 1, 297, 0, NULL, 0, '2013-11-04', '鈴木一郎', NULL, NULL, NULL, NULL, NULL, NULL),
(53, 1, 298, 0, NULL, 0, '2013-11-04', '鈴木一郎', NULL, NULL, NULL, NULL, NULL, NULL),
(54, 1, 299, 0, NULL, 0, '2013-11-04', '鈴木一郎', NULL, NULL, NULL, NULL, NULL, NULL),
(55, 1, 300, 0, NULL, 0, '2013-11-04', '鈴木一郎', NULL, NULL, NULL, NULL, NULL, NULL),
(56, 1, 301, 0, NULL, 0, '2013-11-04', '鈴木一郎', NULL, NULL, NULL, NULL, NULL, NULL),
(57, 1, 302, 0, NULL, 0, '2013-11-04', '鈴木一郎', NULL, NULL, NULL, NULL, NULL, NULL),
(58, 1, 303, 0, NULL, 0, '2013-11-04', '鈴木一郎', NULL, NULL, NULL, NULL, NULL, NULL),
(59, 1, 304, 0, NULL, 0, '2013-11-04', '鈴木一郎', NULL, NULL, NULL, NULL, NULL, NULL),
(60, 1, 305, 0, NULL, 0, '2013-11-04', '鈴木一郎', NULL, NULL, NULL, NULL, NULL, NULL),
(61, 1, 306, 0, NULL, 0, '2013-11-04', '鈴木一郎', NULL, NULL, NULL, NULL, NULL, NULL),
(62, 1, 307, 0, NULL, 0, '2013-11-04', '鈴木一郎', NULL, NULL, NULL, NULL, NULL, NULL),
(63, 1, 308, 0, NULL, 0, '2013-11-04', '鈴木一郎', NULL, NULL, NULL, NULL, NULL, NULL),
(64, 1, 309, 0, NULL, 0, '2013-11-04', '鈴木一郎', NULL, NULL, NULL, NULL, NULL, NULL),
(65, 1, 310, 0, NULL, 0, '2013-11-04', '鈴木一郎', NULL, NULL, NULL, NULL, NULL, NULL),
(66, 1, 311, 0, NULL, 0, '2013-11-04', '鈴木一郎', NULL, NULL, NULL, NULL, NULL, NULL),
(67, 1, 312, 0, NULL, 0, '2013-11-04', '鈴木一郎', NULL, NULL, NULL, NULL, NULL, NULL),
(68, 1, 313, 0, NULL, 0, '2013-11-04', '鈴木一郎', NULL, NULL, NULL, NULL, NULL, NULL),
(69, 1, 314, 0, NULL, 0, '2013-11-04', '鈴木一郎', NULL, NULL, NULL, NULL, NULL, NULL),
(70, 1, 315, 0, NULL, 0, '2013-11-04', '鈴木一郎', NULL, NULL, NULL, NULL, NULL, NULL),
(71, 1, 316, 0, NULL, 0, '2013-11-04', '鈴木一郎', NULL, NULL, NULL, NULL, NULL, NULL),
(72, 1, 317, 0, NULL, 0, '2013-11-04', '鈴木一郎', NULL, NULL, NULL, NULL, NULL, NULL),
(73, 1, 318, 0, NULL, 0, '2013-11-04', '鈴木一郎', NULL, NULL, NULL, NULL, NULL, NULL),
(74, 1, 319, 0, NULL, 0, '2013-11-04', '鈴木一郎', NULL, NULL, NULL, NULL, NULL, NULL),
(75, 1, 320, 0, NULL, 0, '2013-11-04', '鈴木一郎', NULL, NULL, NULL, NULL, NULL, NULL),
(76, 1, 321, 0, NULL, 0, '2013-11-04', '鈴木一郎', NULL, NULL, NULL, NULL, NULL, NULL),
(77, 1, 322, 0, NULL, 0, '2013-11-04', '鈴木一郎', NULL, NULL, NULL, NULL, NULL, NULL),
(78, 1, 323, 0, NULL, 0, '2013-11-04', '鈴木一郎', NULL, NULL, NULL, NULL, NULL, NULL),
(79, 1, 324, 0, NULL, 0, '2013-11-04', '鈴木一郎', NULL, NULL, NULL, NULL, NULL, NULL),
(80, 1, 325, 0, NULL, 0, '2013-11-04', '鈴木一郎', NULL, NULL, NULL, NULL, NULL, NULL),
(81, 1, 326, 0, NULL, 0, '2013-11-04', '鈴木一郎', NULL, NULL, NULL, NULL, NULL, NULL),
(82, 1, 327, 0, NULL, 0, '2013-11-04', '鈴木一郎', NULL, NULL, NULL, NULL, NULL, NULL),
(83, 1, 328, 0, NULL, 0, '2013-11-04', '鈴木一郎', NULL, NULL, NULL, NULL, NULL, NULL),
(84, 1, 329, 0, NULL, 0, '2013-11-04', '鈴木一郎', NULL, NULL, NULL, NULL, NULL, NULL),
(85, 1, 330, 0, NULL, 0, '2013-11-04', '鈴木一郎', NULL, NULL, NULL, NULL, NULL, NULL),
(86, 1, 331, 0, NULL, 0, '2013-11-04', '鈴木一郎', NULL, NULL, NULL, NULL, NULL, NULL),
(87, 1, 332, 0, NULL, 0, '2013-11-04', '鈴木一郎', NULL, NULL, NULL, NULL, NULL, NULL),
(88, 1, 333, 0, NULL, 0, '2013-11-04', '鈴木一郎', NULL, NULL, NULL, NULL, NULL, NULL),
(89, 1, 334, 0, NULL, 0, '2013-11-04', '鈴木一郎', NULL, NULL, NULL, NULL, NULL, NULL),
(90, 2, 21, 3, NULL, 1, '2013-11-05', '鈴木一郎', NULL, NULL, NULL, NULL, NULL, NULL),
(91, 2, 22, 3, NULL, 1, '2013-11-05', '鈴木一郎', NULL, NULL, NULL, NULL, NULL, NULL),
(92, 2, 23, 1, NULL, 1, '2013-11-05', '鈴木一郎', NULL, NULL, NULL, NULL, NULL, NULL),
(93, 2, 24, 1, NULL, 1, '2013-11-05', '鈴木一郎', NULL, NULL, NULL, NULL, NULL, NULL),
(94, 2, 25, 1, NULL, 1, '2013-11-05', '鈴木一郎', NULL, NULL, NULL, NULL, NULL, NULL),
(95, 2, 26, 1, NULL, 1, '2013-11-05', '鈴木一郎', NULL, NULL, NULL, NULL, NULL, NULL),
(96, 2, 27, 1, NULL, 1, '2013-11-05', '鈴木一郎', NULL, NULL, NULL, NULL, NULL, NULL),
(97, 2, 28, 1, NULL, 1, '2013-11-05', '鈴木一郎', NULL, NULL, NULL, NULL, NULL, NULL),
(98, 2, 29, 1, NULL, 1, '2013-11-05', '鈴木一郎', NULL, NULL, NULL, NULL, NULL, NULL),
(99, 2, 30, 1, NULL, 1, '2013-11-05', '鈴木一郎', NULL, NULL, NULL, NULL, NULL, NULL),
(100, 2, 31, 1, NULL, 1, '2013-11-05', '鈴木一郎', NULL, NULL, NULL, NULL, NULL, NULL),
(101, 2, 32, 3, NULL, 1, '2013-11-05', '鈴木一郎', NULL, NULL, NULL, NULL, NULL, NULL),
(102, 2, 33, 1, NULL, 1, '2013-11-05', '鈴木一郎', NULL, NULL, NULL, NULL, NULL, NULL),
(103, 2, 34, 1, NULL, 1, '2013-11-05', '鈴木一郎', NULL, NULL, NULL, NULL, NULL, NULL),
(104, 2, 35, 2, NULL, 1, '2013-11-05', '鈴木一郎', NULL, NULL, NULL, NULL, NULL, NULL),
(105, 2, 36, 1, NULL, 1, '2013-11-05', '鈴木一郎', NULL, NULL, NULL, NULL, NULL, NULL),
(106, 2, 37, 1, NULL, 1, '2013-11-05', '鈴木一郎', NULL, NULL, NULL, NULL, NULL, NULL),
(107, 2, 38, 1, NULL, 1, '2013-11-05', '鈴木一郎', NULL, NULL, NULL, NULL, NULL, NULL),
(108, 2, 39, 1, NULL, 1, '2013-11-05', '鈴木一郎', NULL, NULL, NULL, NULL, NULL, NULL),
(109, 2, 40, 1, NULL, 1, '2013-11-05', '鈴木一郎', NULL, NULL, NULL, NULL, NULL, NULL),
(110, 2, 41, 1, NULL, 1, '2013-11-05', '鈴木一郎', NULL, NULL, NULL, NULL, NULL, NULL),
(111, 2, 42, 1, NULL, 1, '2013-11-05', '鈴木一郎', NULL, NULL, NULL, NULL, NULL, NULL),
(112, 2, 43, 1, NULL, 1, '2013-11-05', '鈴木一郎', NULL, NULL, NULL, NULL, NULL, NULL),
(113, 2, 44, 1, NULL, 1, '2013-11-05', '鈴木一郎', NULL, NULL, NULL, NULL, NULL, NULL),
(114, 2, 45, 1, NULL, 1, '2013-11-05', '鈴木一郎', NULL, NULL, NULL, NULL, NULL, NULL),
(115, 2, 46, 1, NULL, 1, '2013-11-05', '鈴木一郎', NULL, NULL, NULL, NULL, NULL, NULL),
(116, 2, 47, 4, NULL, 2, '2013-11-05', '鈴木一郎', NULL, NULL, NULL, NULL, NULL, NULL),
(117, 2, 48, 4, NULL, 2, '2013-11-05', '鈴木一郎', NULL, NULL, NULL, NULL, NULL, NULL),
(118, 2, 49, 4, NULL, 2, '2013-11-05', '鈴木一郎', NULL, NULL, NULL, NULL, NULL, NULL),
(119, 2, 50, 4, NULL, 2, '2013-11-05', '鈴木一郎', NULL, NULL, NULL, NULL, NULL, NULL),
(120, 2, 51, 4, NULL, 2, '2013-11-05', '鈴木一郎', NULL, NULL, NULL, NULL, NULL, NULL),
(121, 2, 52, 4, NULL, 2, '2013-11-05', '鈴木一郎', NULL, NULL, NULL, NULL, NULL, NULL),
(122, 2, 53, 4, NULL, 2, '2013-11-05', '鈴木一郎', NULL, NULL, NULL, NULL, NULL, NULL),
(123, 2, 54, 4, NULL, 2, '2013-11-05', '鈴木一郎', NULL, NULL, NULL, NULL, NULL, NULL),
(124, 2, 55, 4, NULL, 2, '2013-11-05', '鈴木一郎', NULL, NULL, NULL, NULL, NULL, NULL),
(125, 2, 56, 4, NULL, 2, '2013-11-05', '鈴木一郎', NULL, NULL, NULL, NULL, NULL, NULL),
(126, 2, 57, 4, NULL, 2, '2013-11-05', '鈴木一郎', NULL, NULL, NULL, NULL, NULL, NULL),
(127, 2, 58, 4, NULL, 2, '2013-11-05', '鈴木一郎', NULL, NULL, NULL, NULL, NULL, NULL),
(128, 2, 59, 4, NULL, 2, '2013-11-05', '鈴木一郎', NULL, NULL, NULL, NULL, NULL, NULL),
(129, 2, 60, 4, NULL, 2, '2013-11-05', '鈴木一郎', NULL, NULL, NULL, NULL, NULL, NULL),
(130, 2, 61, 4, NULL, 2, '2013-11-05', '鈴木一郎', NULL, NULL, NULL, NULL, NULL, NULL),
(131, 2, 62, 4, NULL, 2, '2013-11-05', '鈴木一郎', NULL, NULL, NULL, NULL, NULL, NULL),
(132, 2, 64, 4, NULL, 2, '2013-11-05', '鈴木一郎', NULL, NULL, NULL, NULL, NULL, NULL),
(133, 2, 65, 4, NULL, 2, '2013-11-05', '鈴木一郎', NULL, NULL, NULL, NULL, NULL, NULL),
(134, 2, 66, 4, NULL, 2, '2013-11-05', '鈴木一郎', NULL, NULL, NULL, NULL, NULL, NULL),
(135, 2, 67, 4, NULL, 2, '2013-11-05', '鈴木一郎', NULL, NULL, NULL, NULL, NULL, NULL),
(136, 2, 68, 4, NULL, 2, '2013-11-05', '鈴木一郎', NULL, NULL, NULL, NULL, NULL, NULL),
(137, 2, 69, 4, NULL, 2, '2013-11-05', '鈴木一郎', NULL, NULL, NULL, NULL, NULL, NULL),
(138, 2, 70, 4, NULL, 2, '2013-11-05', '鈴木一郎', NULL, NULL, NULL, NULL, NULL, NULL),
(139, 2, 71, 4, NULL, 2, '2013-11-05', '鈴木一郎', NULL, NULL, NULL, NULL, NULL, NULL),
(140, 2, 72, 4, NULL, 2, '2013-11-05', '鈴木一郎', NULL, NULL, NULL, NULL, NULL, NULL),
(141, 2, 73, 4, NULL, 2, '2013-11-05', '鈴木一郎', NULL, NULL, NULL, NULL, NULL, NULL),
(142, 2, 74, 4, NULL, 2, '2013-11-05', '鈴木一郎', NULL, NULL, NULL, NULL, NULL, NULL),
(143, 2, 75, 4, NULL, 2, '2013-11-05', '鈴木一郎', NULL, NULL, NULL, NULL, NULL, NULL),
(144, 2, 76, 4, NULL, 2, '2013-11-05', '鈴木一郎', NULL, NULL, NULL, NULL, NULL, NULL),
(145, 2, 77, 4, NULL, 2, '2013-11-05', '鈴木一郎', NULL, NULL, NULL, NULL, NULL, NULL),
(146, 2, 78, 4, NULL, 2, '2013-11-05', '鈴木一郎', NULL, NULL, NULL, NULL, NULL, NULL),
(147, 2, 79, 4, NULL, 2, '2013-11-05', '鈴木一郎', NULL, NULL, NULL, NULL, NULL, NULL),
(148, 2, 80, 4, NULL, 2, '2013-11-05', '鈴木一郎', NULL, NULL, NULL, NULL, NULL, NULL),
(149, 2, 81, 4, NULL, 2, '2013-11-05', '鈴木一郎', NULL, NULL, NULL, NULL, NULL, NULL),
(150, 2, 82, 4, NULL, 2, '2013-11-05', '鈴木一郎', NULL, NULL, NULL, NULL, NULL, NULL),
(151, 2, 83, 4, NULL, 2, '2013-11-05', '鈴木一郎', NULL, NULL, NULL, NULL, NULL, NULL),
(152, 2, 84, 4, NULL, 2, '2013-11-05', '鈴木一郎', NULL, NULL, NULL, NULL, NULL, NULL),
(153, 2, 85, 4, NULL, 2, '2013-11-05', '鈴木一郎', NULL, NULL, NULL, NULL, NULL, NULL),
(154, 2, 86, 4, NULL, 2, '2013-11-05', '鈴木一郎', NULL, NULL, NULL, NULL, NULL, NULL),
(155, 2, 87, 4, NULL, 2, '2013-11-05', '鈴木一郎', NULL, NULL, NULL, NULL, NULL, NULL),
(156, 2, 88, 4, NULL, 2, '2013-11-05', '鈴木一郎', NULL, NULL, NULL, NULL, NULL, NULL),
(157, 2, 89, 4, NULL, 2, '2013-11-05', '鈴木一郎', NULL, NULL, NULL, NULL, NULL, NULL),
(158, 2, 90, 4, NULL, 2, '2013-11-05', '鈴木一郎', NULL, NULL, NULL, NULL, NULL, NULL),
(159, 2, 91, 4, NULL, 2, '2013-11-05', '鈴木一郎', NULL, NULL, NULL, NULL, NULL, NULL),
(160, 2, 92, 4, NULL, 2, '2013-11-05', '鈴木一郎', NULL, NULL, NULL, NULL, NULL, NULL),
(161, 2, 93, 4, NULL, 2, '2013-11-05', '鈴木一郎', NULL, NULL, NULL, NULL, NULL, NULL),
(162, 2, 94, 4, NULL, 2, '2013-11-05', '鈴木一郎', NULL, NULL, NULL, NULL, NULL, NULL),
(163, 2, 95, 4, NULL, 2, '2013-11-05', '鈴木一郎', NULL, NULL, NULL, NULL, NULL, NULL),
(164, 2, 96, 4, NULL, 2, '2013-11-05', '鈴木一郎', NULL, NULL, NULL, NULL, NULL, NULL),
(165, 2, 97, 4, NULL, 2, '2013-11-05', '鈴木一郎', NULL, NULL, NULL, NULL, NULL, NULL),
(166, 2, 98, 4, NULL, 2, '2013-11-05', '鈴木一郎', NULL, NULL, NULL, NULL, NULL, NULL),
(167, 2, 99, 4, NULL, 2, '2013-11-05', '鈴木一郎', NULL, NULL, NULL, NULL, NULL, NULL),
(168, 2, 100, 4, NULL, 2, '2013-11-05', '鈴木一郎', NULL, NULL, NULL, NULL, NULL, NULL),
(169, 2, 101, 4, NULL, 2, '2013-11-05', '鈴木一郎', NULL, NULL, NULL, NULL, NULL, NULL),
(170, 2, 102, 4, NULL, 2, '2013-11-05', '鈴木一郎', NULL, NULL, NULL, NULL, NULL, NULL),
(171, 2, 103, 4, NULL, 2, '2013-11-05', '鈴木一郎', NULL, NULL, NULL, NULL, NULL, NULL),
(172, 2, 104, 4, NULL, 2, '2013-11-05', '鈴木一郎', NULL, NULL, NULL, NULL, NULL, NULL),
(173, 2, 105, 4, NULL, 2, '2013-11-05', '鈴木一郎', NULL, NULL, NULL, NULL, NULL, NULL),
(174, 2, 106, 4, NULL, 2, '2013-11-05', '鈴木一郎', NULL, NULL, NULL, NULL, NULL, NULL),
(175, 2, 107, 4, NULL, 2, '2013-11-05', '鈴木一郎', NULL, NULL, NULL, NULL, NULL, NULL),
(176, 2, 111, 4, NULL, 2, '2013-11-05', '鈴木一郎', NULL, NULL, NULL, NULL, NULL, NULL),
(177, 2, 112, 4, NULL, 2, '2013-11-05', '鈴木一郎', NULL, NULL, NULL, NULL, NULL, NULL),
(178, 2, 113, 4, NULL, 2, '2013-11-05', '鈴木一郎', NULL, NULL, NULL, NULL, NULL, NULL),
(179, 2, 114, 4, NULL, 2, '2013-11-05', '鈴木一郎', NULL, NULL, NULL, NULL, NULL, NULL),
(180, 2, 115, 4, NULL, 2, '2013-11-05', '鈴木一郎', NULL, NULL, NULL, NULL, NULL, NULL),
(181, 2, 116, 4, NULL, 2, '2013-11-05', '鈴木一郎', NULL, NULL, NULL, NULL, NULL, NULL),
(182, 2, 117, 4, NULL, 2, '2013-11-05', '鈴木一郎', NULL, NULL, NULL, NULL, NULL, NULL),
(183, 2, 118, 4, NULL, 2, '2013-11-05', '鈴木一郎', NULL, NULL, NULL, NULL, NULL, NULL),
(184, 2, 119, 4, NULL, 2, '2013-11-05', '鈴木一郎', NULL, NULL, NULL, NULL, NULL, NULL),
(185, 2, 120, 4, NULL, 2, '2013-11-05', '鈴木一郎', NULL, NULL, NULL, NULL, NULL, NULL),
(186, 2, 121, 4, NULL, 2, '2013-11-05', '鈴木一郎', NULL, NULL, NULL, NULL, NULL, NULL),
(187, 2, 122, 4, NULL, 2, '2013-11-05', '鈴木一郎', NULL, NULL, NULL, NULL, NULL, NULL),
(188, 2, 123, 4, NULL, 2, '2013-11-05', '鈴木一郎', NULL, NULL, NULL, NULL, NULL, NULL),
(189, 2, 127, 4, NULL, 2, '2013-11-05', '鈴木一郎', NULL, NULL, NULL, NULL, NULL, NULL),
(190, 2, 128, 4, NULL, 2, '2013-11-05', '鈴木一郎', NULL, NULL, NULL, NULL, NULL, NULL),
(191, 2, 129, 4, NULL, 2, '2013-11-05', '鈴木一郎', NULL, NULL, NULL, NULL, NULL, NULL),
(192, 2, 130, 4, NULL, 2, '2013-11-05', '鈴木一郎', NULL, NULL, NULL, NULL, NULL, NULL),
(193, 2, 131, 4, NULL, 2, '2013-11-05', '鈴木一郎', NULL, NULL, NULL, NULL, NULL, NULL),
(194, 2, 132, 4, NULL, 2, '2013-11-05', '鈴木一郎', NULL, NULL, NULL, NULL, NULL, NULL),
(195, 2, 133, 4, NULL, 2, '2013-11-05', '鈴木一郎', NULL, NULL, NULL, NULL, NULL, NULL),
(196, 2, 134, 4, NULL, 2, '2013-11-05', '鈴木一郎', NULL, NULL, NULL, NULL, NULL, NULL),
(197, 2, 135, 4, NULL, 2, '2013-11-05', '鈴木一郎', NULL, NULL, NULL, NULL, NULL, NULL),
(198, 2, 136, 4, NULL, 2, '2013-11-05', '鈴木一郎', NULL, NULL, NULL, NULL, NULL, NULL),
(199, 2, 137, 4, NULL, 2, '2013-11-05', '鈴木一郎', NULL, NULL, NULL, NULL, NULL, NULL),
(200, 2, 138, 4, NULL, 2, '2013-11-05', '鈴木一郎', NULL, NULL, NULL, NULL, NULL, NULL),
(201, 2, 139, 4, NULL, 2, '2013-11-05', '鈴木一郎', NULL, NULL, NULL, NULL, NULL, NULL),
(202, 2, 140, 4, NULL, 2, '2013-11-05', '鈴木一郎', NULL, NULL, NULL, NULL, NULL, NULL),
(203, 2, 141, 4, NULL, 2, '2013-11-05', '鈴木一郎', NULL, NULL, NULL, NULL, NULL, NULL),
(204, 2, 142, 4, NULL, 2, '2013-11-05', '鈴木一郎', NULL, NULL, NULL, NULL, NULL, NULL),
(205, 2, 143, 4, NULL, 2, '2013-11-05', '鈴木一郎', NULL, NULL, NULL, NULL, NULL, NULL),
(206, 2, 144, 4, NULL, 2, '2013-11-05', '鈴木一郎', NULL, NULL, NULL, NULL, NULL, NULL),
(207, 2, 145, 4, NULL, 2, '2013-11-05', '鈴木一郎', NULL, NULL, NULL, NULL, NULL, NULL),
(208, 2, 146, 4, NULL, 2, '2013-11-05', '鈴木一郎', NULL, NULL, NULL, NULL, NULL, NULL),
(209, 2, 147, 4, NULL, 2, '2013-11-05', '鈴木一郎', NULL, NULL, NULL, NULL, NULL, NULL),
(210, 2, 148, 4, NULL, 2, '2013-11-05', '鈴木一郎', NULL, NULL, NULL, NULL, NULL, NULL),
(211, 2, 149, 4, NULL, 2, '2013-11-05', '鈴木一郎', NULL, NULL, NULL, NULL, NULL, NULL),
(212, 2, 150, 4, NULL, 2, '2013-11-05', '鈴木一郎', NULL, NULL, NULL, NULL, NULL, NULL),
(213, 2, 151, 4, NULL, 2, '2013-11-05', '鈴木一郎', NULL, NULL, NULL, NULL, NULL, NULL),
(214, 2, 152, 4, NULL, 2, '2013-11-05', '鈴木一郎', NULL, NULL, NULL, NULL, NULL, NULL),
(215, 2, 153, 4, NULL, 2, '2013-11-05', '鈴木一郎', NULL, NULL, NULL, NULL, NULL, NULL),
(216, 2, 154, 4, NULL, 2, '2013-11-05', '鈴木一郎', NULL, NULL, NULL, NULL, NULL, NULL),
(217, 2, 155, 4, NULL, 2, '2013-11-05', '鈴木一郎', NULL, NULL, NULL, NULL, NULL, NULL),
(218, 2, 156, 4, NULL, 2, '2013-11-05', '鈴木一郎', NULL, NULL, NULL, NULL, NULL, NULL),
(219, 2, 157, 4, NULL, 2, '2013-11-05', '鈴木一郎', NULL, NULL, NULL, NULL, NULL, NULL),
(220, 2, 158, 4, NULL, 2, '2013-11-05', '鈴木一郎', NULL, NULL, NULL, NULL, NULL, NULL),
(221, 2, 159, 4, NULL, 2, '2013-11-05', '鈴木一郎', NULL, NULL, NULL, NULL, NULL, NULL),
(222, 2, 160, 4, NULL, 2, '2013-11-05', '鈴木一郎', NULL, NULL, NULL, NULL, NULL, NULL),
(223, 2, 161, 4, NULL, 2, '2013-11-05', '鈴木一郎', NULL, NULL, NULL, NULL, NULL, NULL),
(224, 2, 162, 4, NULL, 2, '2013-11-05', '鈴木一郎', NULL, NULL, NULL, NULL, NULL, NULL),
(225, 2, 163, 4, NULL, 2, '2013-11-05', '鈴木一郎', NULL, NULL, NULL, NULL, NULL, NULL),
(226, 2, 164, 4, NULL, 2, '2013-11-05', '鈴木一郎', NULL, NULL, NULL, NULL, NULL, NULL),
(227, 2, 165, 4, NULL, 2, '2013-11-05', '鈴木一郎', NULL, NULL, NULL, NULL, NULL, NULL),
(228, 2, 166, 4, NULL, 2, '2013-11-05', '鈴木一郎', NULL, NULL, NULL, NULL, NULL, NULL),
(229, 2, 167, 4, NULL, 2, '2013-11-05', '鈴木一郎', NULL, NULL, NULL, NULL, NULL, NULL),
(230, 2, 168, 4, NULL, 2, '2013-11-05', '鈴木一郎', NULL, NULL, NULL, NULL, NULL, NULL),
(231, 2, 169, 4, NULL, 2, '2013-11-05', '鈴木一郎', NULL, NULL, NULL, NULL, NULL, NULL),
(232, 2, 170, 4, NULL, 2, '2013-11-05', '鈴木一郎', NULL, NULL, NULL, NULL, NULL, NULL),
(233, 2, 171, 4, NULL, 2, '2013-11-05', '鈴木一郎', NULL, NULL, NULL, NULL, NULL, NULL),
(234, 2, 172, 4, NULL, 2, '2013-11-05', '鈴木一郎', NULL, NULL, NULL, NULL, NULL, NULL),
(235, 2, 173, 4, NULL, 2, '2013-11-05', '鈴木一郎', NULL, NULL, NULL, NULL, NULL, NULL),
(236, 2, 174, 4, NULL, 2, '2013-11-05', '鈴木一郎', NULL, NULL, NULL, NULL, NULL, NULL),
(237, 2, 175, 4, NULL, 2, '2013-11-05', '鈴木一郎', NULL, NULL, NULL, NULL, NULL, NULL),
(238, 2, 176, 4, NULL, 2, '2013-11-05', '鈴木一郎', NULL, NULL, NULL, NULL, NULL, NULL),
(239, 2, 177, 4, NULL, 2, '2013-11-05', '鈴木一郎', NULL, NULL, NULL, NULL, NULL, NULL),
(240, 2, 178, 4, NULL, 2, '2013-11-05', '鈴木一郎', NULL, NULL, NULL, NULL, NULL, NULL),
(241, 2, 179, 4, NULL, 2, '2013-11-05', '鈴木一郎', NULL, NULL, NULL, NULL, NULL, NULL),
(242, 2, 180, 4, NULL, 2, '2013-11-05', '鈴木一郎', NULL, NULL, NULL, NULL, NULL, NULL),
(243, 2, 181, 4, NULL, 2, '2013-11-05', '鈴木一郎', NULL, NULL, NULL, NULL, NULL, NULL),
(244, 2, 182, 4, NULL, 2, '2013-11-05', '鈴木一郎', NULL, NULL, NULL, NULL, NULL, NULL),
(245, 2, 183, 4, NULL, 2, '2013-11-05', '鈴木一郎', NULL, NULL, NULL, NULL, NULL, NULL),
(246, 2, 184, 4, NULL, 2, '2013-11-05', '鈴木一郎', NULL, NULL, NULL, NULL, NULL, NULL),
(247, 2, 185, 4, NULL, 2, '2013-11-05', '鈴木一郎', NULL, NULL, NULL, NULL, NULL, NULL),
(248, 2, 186, 4, NULL, 2, '2013-11-05', '鈴木一郎', NULL, NULL, NULL, NULL, NULL, NULL),
(249, 2, 187, 4, NULL, 2, '2013-11-05', '鈴木一郎', NULL, NULL, NULL, NULL, NULL, NULL),
(250, 2, 188, 4, NULL, 2, '2013-11-05', '鈴木一郎', NULL, NULL, NULL, NULL, NULL, NULL),
(251, 2, 189, 4, NULL, 2, '2013-11-05', '鈴木一郎', NULL, NULL, NULL, NULL, NULL, NULL),
(252, 2, 190, 4, NULL, 2, '2013-11-05', '鈴木一郎', NULL, NULL, NULL, NULL, NULL, NULL),
(253, 2, 191, 4, NULL, 2, '2013-11-05', '鈴木一郎', NULL, NULL, NULL, NULL, NULL, NULL),
(254, 2, 192, 4, NULL, 2, '2013-11-05', '鈴木一郎', NULL, NULL, NULL, NULL, NULL, NULL),
(255, 2, 193, 4, NULL, 2, '2013-11-05', '鈴木一郎', NULL, NULL, NULL, NULL, NULL, NULL),
(256, 2, 194, 4, NULL, 2, '2013-11-05', '鈴木一郎', NULL, NULL, NULL, NULL, NULL, NULL),
(257, 2, 195, 4, NULL, 2, '2013-11-05', '鈴木一郎', NULL, NULL, NULL, NULL, NULL, NULL),
(258, 2, 196, 4, NULL, 2, '2013-11-05', '鈴木一郎', NULL, NULL, NULL, NULL, NULL, NULL),
(259, 2, 201, 4, NULL, 2, '2013-11-05', '鈴木一郎', NULL, NULL, NULL, NULL, NULL, NULL),
(260, 2, 202, 4, NULL, 2, '2013-11-05', '鈴木一郎', NULL, NULL, NULL, NULL, NULL, NULL),
(261, 2, 203, 4, NULL, 2, '2013-11-05', '鈴木一郎', NULL, NULL, NULL, NULL, NULL, NULL),
(262, 2, 204, 4, NULL, 2, '2013-11-05', '鈴木一郎', NULL, NULL, NULL, NULL, NULL, NULL),
(263, 2, 205, 4, NULL, 2, '2013-11-05', '鈴木一郎', NULL, NULL, NULL, NULL, NULL, NULL),
(264, 2, 206, 4, NULL, 2, '2013-11-05', '鈴木一郎', NULL, NULL, NULL, NULL, NULL, NULL),
(265, 2, 207, 4, NULL, 2, '2013-11-05', '鈴木一郎', NULL, NULL, NULL, NULL, NULL, NULL),
(266, 2, 208, 4, NULL, 2, '2013-11-05', '鈴木一郎', NULL, NULL, NULL, NULL, NULL, NULL),
(267, 2, 209, 4, NULL, 2, '2013-11-05', '鈴木一郎', NULL, NULL, NULL, NULL, NULL, NULL),
(268, 2, 210, 4, NULL, 2, '2013-11-05', '鈴木一郎', NULL, NULL, NULL, NULL, NULL, NULL),
(269, 2, 211, 4, NULL, 2, '2013-11-05', '鈴木一郎', NULL, NULL, NULL, NULL, NULL, NULL),
(270, 2, 213, 4, NULL, 2, '2013-11-05', '鈴木一郎', NULL, NULL, NULL, NULL, NULL, NULL),
(271, 2, 214, 4, NULL, 2, '2013-11-05', '鈴木一郎', NULL, NULL, NULL, NULL, NULL, NULL),
(272, 2, 215, 4, NULL, 2, '2013-11-05', '鈴木一郎', NULL, NULL, NULL, NULL, NULL, NULL),
(273, 2, 216, 4, NULL, 2, '2013-11-05', '鈴木一郎', NULL, NULL, NULL, NULL, NULL, NULL),
(274, 2, 217, 4, NULL, 2, '2013-11-05', '鈴木一郎', NULL, NULL, NULL, NULL, NULL, NULL),
(275, 2, 218, 4, NULL, 2, '2013-11-05', '鈴木一郎', NULL, NULL, NULL, NULL, NULL, NULL),
(276, 2, 219, 4, NULL, 2, '2013-11-05', '鈴木一郎', NULL, NULL, NULL, NULL, NULL, NULL),
(277, 2, 220, 4, NULL, 2, '2013-11-05', '鈴木一郎', NULL, NULL, NULL, NULL, NULL, NULL),
(278, 2, 221, 4, NULL, 2, '2013-11-05', '鈴木一郎', NULL, NULL, NULL, NULL, NULL, NULL),
(279, 2, 222, 4, NULL, 2, '2013-11-05', '鈴木一郎', NULL, NULL, NULL, NULL, NULL, NULL),
(280, 2, 223, 4, NULL, 2, '2013-11-05', '鈴木一郎', NULL, NULL, NULL, NULL, NULL, NULL),
(281, 2, 224, 4, NULL, 2, '2013-11-05', '鈴木一郎', NULL, NULL, NULL, NULL, NULL, NULL),
(282, 2, 225, 4, NULL, 2, '2013-11-05', '鈴木一郎', NULL, NULL, NULL, NULL, NULL, NULL),
(283, 2, 226, 4, NULL, 2, '2013-11-05', '鈴木一郎', NULL, NULL, NULL, NULL, NULL, NULL),
(284, 2, 227, 4, NULL, 2, '2013-11-05', '鈴木一郎', NULL, NULL, NULL, NULL, NULL, NULL),
(285, 2, 228, 4, NULL, 2, '2013-11-05', '鈴木一郎', NULL, NULL, NULL, NULL, NULL, NULL),
(286, 2, 229, 4, NULL, 2, '2013-11-05', '鈴木一郎', NULL, NULL, NULL, NULL, NULL, NULL),
(287, 2, 230, 4, NULL, 2, '2013-11-05', '鈴木一郎', NULL, NULL, NULL, NULL, NULL, NULL),
(288, 2, 231, 4, NULL, 2, '2013-11-05', '鈴木一郎', NULL, NULL, NULL, NULL, NULL, NULL),
(289, 2, 232, 4, NULL, 2, '2013-11-05', '鈴木一郎', NULL, NULL, NULL, NULL, NULL, NULL),
(290, 2, 233, 4, NULL, 2, '2013-11-05', '鈴木一郎', NULL, NULL, NULL, NULL, NULL, NULL),
(291, 2, 234, 4, NULL, 2, '2013-11-05', '鈴木一郎', NULL, NULL, NULL, NULL, NULL, NULL),
(292, 2, 235, 4, NULL, 2, '2013-11-05', '鈴木一郎', NULL, NULL, NULL, NULL, NULL, NULL),
(293, 2, 236, 4, NULL, 2, '2013-11-05', '鈴木一郎', NULL, NULL, NULL, NULL, NULL, NULL),
(294, 2, 237, 4, NULL, 2, '2013-11-05', '鈴木一郎', NULL, NULL, NULL, NULL, NULL, NULL),
(295, 2, 238, 4, NULL, 2, '2013-11-05', '鈴木一郎', NULL, NULL, NULL, NULL, NULL, NULL),
(296, 2, 239, 4, NULL, 2, '2013-11-05', '鈴木一郎', NULL, NULL, NULL, NULL, NULL, NULL),
(297, 2, 240, 4, NULL, 2, '2013-11-05', '鈴木一郎', NULL, NULL, NULL, NULL, NULL, NULL),
(298, 2, 241, 4, NULL, 2, '2013-11-05', '鈴木一郎', NULL, NULL, NULL, NULL, NULL, NULL),
(299, 2, 242, 4, NULL, 2, '2013-11-05', '鈴木一郎', NULL, NULL, NULL, NULL, NULL, NULL),
(300, 2, 243, 4, NULL, 2, '2013-11-05', '鈴木一郎', NULL, NULL, NULL, NULL, NULL, NULL),
(301, 2, 244, 4, NULL, 2, '2013-11-05', '鈴木一郎', NULL, NULL, NULL, NULL, NULL, NULL),
(302, 2, 245, 4, NULL, 2, '2013-11-05', '鈴木一郎', NULL, NULL, NULL, NULL, NULL, NULL),
(303, 2, 481, 4, NULL, 2, '2013-11-05', '鈴木一郎', NULL, NULL, NULL, NULL, NULL, NULL),
(304, 2, 482, 4, NULL, 2, '2013-11-05', '鈴木一郎', NULL, NULL, NULL, NULL, NULL, NULL),
(305, 2, 484, 1, NULL, 1, '2013-11-05', '鈴木一郎', NULL, NULL, NULL, NULL, NULL, NULL),
(306, 2, 485, 1, NULL, 1, '2013-11-05', '鈴木一郎', NULL, NULL, NULL, NULL, NULL, NULL),
(307, 2, 486, 1, NULL, 1, '2013-11-05', '鈴木一郎', NULL, NULL, NULL, NULL, NULL, NULL),
(308, 3, 246, 4, NULL, 2, '2013-11-05', '鈴木一郎', NULL, NULL, NULL, NULL, NULL, NULL),
(309, 3, 247, 4, NULL, 2, '2013-11-05', '鈴木一郎', NULL, NULL, NULL, NULL, NULL, NULL),
(310, 3, 248, 4, NULL, 2, '2013-11-05', '鈴木一郎', NULL, NULL, NULL, NULL, NULL, NULL),
(311, 3, 249, 4, NULL, 2, '2013-11-05', '鈴木一郎', NULL, NULL, NULL, NULL, NULL, NULL),
(312, 3, 250, 4, NULL, 2, '2013-11-05', '鈴木一郎', NULL, NULL, NULL, NULL, NULL, NULL),
(313, 3, 251, 4, NULL, 2, '2013-11-05', '鈴木一郎', NULL, NULL, NULL, NULL, NULL, NULL),
(314, 3, 252, 4, NULL, 2, '2013-11-05', '鈴木一郎', NULL, NULL, NULL, NULL, NULL, NULL),
(315, 3, 253, 4, NULL, 2, '2013-11-05', '鈴木一郎', NULL, NULL, NULL, NULL, NULL, NULL),
(316, 3, 254, 4, NULL, 2, '2013-11-05', '鈴木一郎', NULL, NULL, NULL, NULL, NULL, NULL),
(317, 3, 255, 4, NULL, 2, '2013-11-05', '鈴木一郎', NULL, NULL, NULL, NULL, NULL, NULL),
(318, 3, 256, 4, NULL, 2, '2013-11-05', '鈴木一郎', NULL, NULL, NULL, NULL, NULL, NULL),
(319, 3, 257, 4, NULL, 2, '2013-11-05', '鈴木一郎', NULL, NULL, NULL, NULL, NULL, NULL),
(320, 3, 258, 4, NULL, 2, '2013-11-05', '鈴木一郎', NULL, NULL, NULL, NULL, NULL, NULL),
(321, 3, 259, 4, NULL, 2, '2013-11-05', '鈴木一郎', NULL, NULL, NULL, NULL, NULL, NULL),
(322, 3, 260, 4, NULL, 2, '2013-11-05', '鈴木一郎', NULL, NULL, NULL, NULL, NULL, NULL),
(323, 3, 261, 4, NULL, 2, '2013-11-05', '鈴木一郎', NULL, NULL, NULL, NULL, NULL, NULL),
(324, 3, 262, 4, NULL, 2, '2013-11-05', '鈴木一郎', NULL, NULL, NULL, NULL, NULL, NULL),
(325, 3, 263, 4, NULL, 2, '2013-11-05', '鈴木一郎', NULL, NULL, NULL, NULL, NULL, NULL),
(326, 3, 264, 4, NULL, 2, '2013-11-05', '鈴木一郎', NULL, NULL, NULL, NULL, NULL, NULL),
(327, 3, 265, 4, NULL, 2, '2013-11-05', '鈴木一郎', NULL, NULL, NULL, NULL, NULL, NULL),
(328, 3, 266, 4, NULL, 2, '2013-11-05', '鈴木一郎', NULL, NULL, NULL, NULL, NULL, NULL),
(329, 3, 267, 4, NULL, 2, '2013-11-05', '鈴木一郎', NULL, NULL, NULL, NULL, NULL, NULL),
(330, 3, 268, 4, NULL, 2, '2013-11-05', '鈴木一郎', NULL, NULL, NULL, NULL, NULL, NULL),
(331, 3, 269, 4, NULL, 2, '2013-11-05', '鈴木一郎', NULL, NULL, NULL, NULL, NULL, NULL),
(332, 3, 270, 4, NULL, 2, '2013-11-05', '鈴木一郎', NULL, NULL, NULL, NULL, NULL, NULL),
(333, 3, 271, 4, NULL, 2, '2013-11-05', '鈴木一郎', NULL, NULL, NULL, NULL, NULL, NULL),
(334, 3, 272, 4, NULL, 2, '2013-11-05', '鈴木一郎', NULL, NULL, NULL, NULL, NULL, NULL),
(335, 3, 273, 4, NULL, 2, '2013-11-05', '鈴木一郎', NULL, NULL, NULL, NULL, NULL, NULL),
(336, 3, 274, 4, NULL, 2, '2013-11-05', '鈴木一郎', NULL, NULL, NULL, NULL, NULL, NULL),
(337, 3, 275, 4, NULL, 2, '2013-11-05', '鈴木一郎', NULL, NULL, NULL, NULL, NULL, NULL),
(338, 3, 276, 4, NULL, 2, '2013-11-05', '鈴木一郎', NULL, NULL, NULL, NULL, NULL, NULL),
(339, 3, 277, 4, NULL, 2, '2013-11-05', '鈴木一郎', NULL, NULL, NULL, NULL, NULL, NULL),
(340, 3, 278, 4, NULL, 2, '2013-11-05', '鈴木一郎', NULL, NULL, NULL, NULL, NULL, NULL),
(341, 3, 279, 4, NULL, 2, '2013-11-05', '鈴木一郎', NULL, NULL, NULL, NULL, NULL, NULL),
(342, 3, 280, 4, NULL, 2, '2013-11-05', '鈴木一郎', NULL, NULL, NULL, NULL, NULL, NULL),
(343, 3, 281, 4, NULL, 2, '2013-11-05', '鈴木一郎', NULL, NULL, NULL, NULL, NULL, NULL),
(344, 3, 282, 4, NULL, 2, '2013-11-05', '鈴木一郎', NULL, NULL, NULL, NULL, NULL, NULL),
(345, 3, 283, 4, NULL, 2, '2013-11-05', '鈴木一郎', NULL, NULL, NULL, NULL, NULL, NULL),
(346, 3, 284, 4, NULL, 2, '2013-11-05', '鈴木一郎', NULL, NULL, NULL, NULL, NULL, NULL),
(347, 3, 285, 4, NULL, 2, '2013-11-05', '鈴木一郎', NULL, NULL, NULL, NULL, NULL, NULL),
(348, 3, 286, 4, NULL, 2, '2013-11-05', '鈴木一郎', NULL, NULL, NULL, NULL, NULL, NULL),
(349, 3, 287, 4, NULL, 2, '2013-11-05', '鈴木一郎', NULL, NULL, NULL, NULL, NULL, NULL),
(350, 3, 288, 4, NULL, 2, '2013-11-05', '鈴木一郎', NULL, NULL, NULL, NULL, NULL, NULL),
(351, 3, 289, 4, NULL, 2, '2013-11-05', '鈴木一郎', NULL, NULL, NULL, NULL, NULL, NULL),
(352, 3, 290, 4, NULL, 2, '2013-11-05', '鈴木一郎', NULL, NULL, NULL, NULL, NULL, NULL),
(353, 3, 291, 4, NULL, 2, '2013-11-05', '鈴木一郎', NULL, NULL, NULL, NULL, NULL, NULL),
(354, 3, 292, 4, NULL, 2, '2013-11-05', '鈴木一郎', NULL, NULL, NULL, NULL, NULL, NULL),
(355, 3, 293, 4, NULL, 2, '2013-11-05', '鈴木一郎', NULL, NULL, NULL, NULL, NULL, NULL),
(356, 3, 294, 4, NULL, 2, '2013-11-05', '鈴木一郎', NULL, NULL, NULL, NULL, NULL, NULL),
(357, 3, 295, 4, NULL, 2, '2013-11-05', '鈴木一郎', NULL, NULL, NULL, NULL, NULL, NULL),
(358, 3, 296, 4, NULL, 2, '2013-11-05', '鈴木一郎', NULL, NULL, NULL, NULL, NULL, NULL),
(359, 3, 297, 4, NULL, 2, '2013-11-05', '鈴木一郎', NULL, NULL, NULL, NULL, NULL, NULL),
(360, 3, 298, 4, NULL, 2, '2013-11-05', '鈴木一郎', NULL, NULL, NULL, NULL, NULL, NULL),
(361, 3, 299, 4, NULL, 2, '2013-11-05', '鈴木一郎', NULL, NULL, NULL, NULL, NULL, NULL),
(362, 3, 300, 4, NULL, 2, '2013-11-05', '鈴木一郎', NULL, NULL, NULL, NULL, NULL, NULL),
(363, 3, 301, 4, NULL, 2, '2013-11-05', '鈴木一郎', NULL, NULL, NULL, NULL, NULL, NULL),
(364, 3, 302, 4, NULL, 2, '2013-11-05', '鈴木一郎', NULL, NULL, NULL, NULL, NULL, NULL),
(365, 3, 303, 4, NULL, 2, '2013-11-05', '鈴木一郎', NULL, NULL, NULL, NULL, NULL, NULL),
(366, 3, 304, 4, NULL, 2, '2013-11-05', '鈴木一郎', NULL, NULL, NULL, NULL, NULL, NULL),
(367, 3, 305, 2, NULL, 1, '2013-11-05', '鈴木一郎', NULL, NULL, NULL, NULL, NULL, NULL),
(368, 3, 306, 2, NULL, 1, '2013-11-05', '鈴木一郎', NULL, NULL, NULL, NULL, NULL, NULL),
(369, 3, 307, 1, NULL, 1, '2013-11-05', '鈴木一郎', NULL, NULL, NULL, NULL, NULL, NULL),
(370, 3, 308, 1, NULL, 1, '2013-11-05', '鈴木一郎', NULL, NULL, NULL, NULL, NULL, NULL),
(371, 3, 309, 1, NULL, 1, '2013-11-05', '鈴木一郎', NULL, NULL, NULL, NULL, NULL, NULL),
(372, 3, 310, 1, NULL, 1, '2013-11-05', '鈴木一郎', NULL, NULL, NULL, NULL, NULL, NULL),
(373, 3, 311, 4, NULL, 2, '2013-11-05', '鈴木一郎', NULL, NULL, NULL, NULL, NULL, NULL),
(374, 3, 312, 4, NULL, 2, '2013-11-05', '鈴木一郎', NULL, NULL, NULL, NULL, NULL, NULL),
(375, 3, 313, 4, NULL, 2, '2013-11-05', '鈴木一郎', NULL, NULL, NULL, NULL, NULL, NULL),
(376, 3, 314, 4, NULL, 2, '2013-11-05', '鈴木一郎', NULL, NULL, NULL, NULL, NULL, NULL),
(377, 3, 315, 4, NULL, 2, '2013-11-05', '鈴木一郎', NULL, NULL, NULL, NULL, NULL, NULL),
(378, 3, 316, 4, NULL, 2, '2013-11-05', '鈴木一郎', NULL, NULL, NULL, NULL, NULL, NULL),
(379, 3, 317, 4, NULL, 2, '2013-11-05', '鈴木一郎', NULL, NULL, NULL, NULL, NULL, NULL),
(380, 3, 318, 4, NULL, 2, '2013-11-05', '鈴木一郎', NULL, NULL, NULL, NULL, NULL, NULL),
(381, 3, 319, 4, NULL, 2, '2013-11-05', '鈴木一郎', NULL, NULL, NULL, NULL, NULL, NULL),
(382, 3, 320, 4, NULL, 2, '2013-11-05', '鈴木一郎', NULL, NULL, NULL, NULL, NULL, NULL),
(383, 3, 321, 4, NULL, 2, '2013-11-05', '鈴木一郎', NULL, NULL, NULL, NULL, NULL, NULL),
(384, 3, 322, 4, NULL, 2, '2013-11-05', '鈴木一郎', NULL, NULL, NULL, NULL, NULL, NULL),
(385, 3, 323, 4, NULL, 2, '2013-11-05', '鈴木一郎', NULL, NULL, NULL, NULL, NULL, NULL),
(386, 3, 324, 4, NULL, 2, '2013-11-05', '鈴木一郎', NULL, NULL, NULL, NULL, NULL, NULL),
(387, 3, 325, 4, NULL, 2, '2013-11-05', '鈴木一郎', NULL, NULL, NULL, NULL, NULL, NULL),
(388, 3, 326, 4, NULL, 2, '2013-11-05', '鈴木一郎', NULL, NULL, NULL, NULL, NULL, NULL),
(389, 3, 327, 4, NULL, 2, '2013-11-05', '鈴木一郎', NULL, NULL, NULL, NULL, NULL, NULL),
(390, 3, 328, 4, NULL, 2, '2013-11-05', '鈴木一郎', NULL, NULL, NULL, NULL, NULL, NULL),
(391, 3, 329, 4, NULL, 2, '2013-11-05', '鈴木一郎', NULL, NULL, NULL, NULL, NULL, NULL),
(392, 3, 330, 4, NULL, 2, '2013-11-05', '鈴木一郎', NULL, NULL, NULL, NULL, NULL, NULL),
(393, 3, 331, 4, NULL, 2, '2013-11-05', '鈴木一郎', NULL, NULL, NULL, NULL, NULL, NULL),
(394, 3, 332, 4, NULL, 2, '2013-11-05', '鈴木一郎', NULL, NULL, NULL, NULL, NULL, NULL),
(395, 3, 333, 4, NULL, 2, '2013-11-05', '鈴木一郎', NULL, NULL, NULL, NULL, NULL, NULL),
(396, 3, 334, 4, NULL, 2, '2013-11-05', '鈴木一郎', NULL, NULL, NULL, NULL, NULL, NULL),
(397, 3, 21, 2, NULL, 1, '2013-11-05', '鈴木一郎', NULL, NULL, NULL, NULL, NULL, NULL),
(398, 3, 22, 2, NULL, 1, '2013-11-05', '鈴木一郎', NULL, NULL, NULL, NULL, NULL, NULL),
(399, 3, 32, 2, NULL, 1, '2013-11-05', '鈴木一郎', NULL, NULL, NULL, NULL, NULL, NULL),
(400, 4, 21, 1, NULL, 1, '2013-11-07', '鈴木一郎', NULL, NULL, NULL, NULL, NULL, NULL),
(401, 4, 22, 1, NULL, 1, '2013-11-07', '鈴木一郎', NULL, NULL, NULL, NULL, NULL, NULL),
(402, 4, 23, 1, NULL, 1, '2013-11-07', '鈴木一郎', NULL, NULL, NULL, NULL, NULL, NULL),
(403, 4, 24, 1, NULL, 1, '2013-11-07', '鈴木一郎', NULL, NULL, NULL, NULL, NULL, NULL),
(404, 4, 25, 1, NULL, 1, '2013-11-07', '鈴木一郎', NULL, NULL, NULL, NULL, NULL, NULL),
(405, 4, 26, 1, NULL, 1, '2013-11-07', '鈴木一郎', NULL, NULL, NULL, NULL, NULL, NULL),
(406, 4, 27, 1, NULL, 1, '2013-11-07', '鈴木一郎', NULL, NULL, NULL, NULL, NULL, NULL),
(407, 4, 28, 1, NULL, 1, '2013-11-07', '鈴木一郎', NULL, NULL, NULL, NULL, NULL, NULL),
(408, 4, 29, 3, NULL, 1, '2013-11-07', '鈴木一郎', NULL, NULL, NULL, NULL, NULL, NULL),
(409, 4, 30, 1, NULL, 1, '2013-11-07', '鈴木一郎', NULL, NULL, NULL, NULL, NULL, NULL),
(410, 4, 31, 2, NULL, 1, '2013-11-07', '鈴木一郎', NULL, NULL, NULL, NULL, NULL, NULL),
(411, 4, 32, 1, NULL, 1, '2013-11-07', '鈴木一郎', NULL, NULL, NULL, NULL, NULL, NULL),
(412, 4, 33, 3, NULL, 1, '2013-11-07', '鈴木一郎', NULL, NULL, NULL, NULL, NULL, NULL),
(413, 4, 34, 1, NULL, 1, '2013-11-07', '鈴木一郎', NULL, NULL, NULL, NULL, NULL, NULL),
(414, 4, 35, 1, NULL, 1, '2013-11-07', '鈴木一郎', NULL, NULL, NULL, NULL, NULL, NULL),
(415, 4, 36, 1, NULL, 1, '2013-11-07', '鈴木一郎', NULL, NULL, NULL, NULL, NULL, NULL),
(416, 4, 37, 1, NULL, 1, '2013-11-07', '鈴木一郎', NULL, NULL, NULL, NULL, NULL, NULL),
(417, 4, 38, 1, NULL, 1, '2013-11-07', '鈴木一郎', NULL, NULL, NULL, NULL, NULL, NULL),
(418, 4, 39, 1, NULL, 1, '2013-11-07', '鈴木一郎', NULL, NULL, NULL, NULL, NULL, NULL),
(419, 4, 40, 1, NULL, 1, '2013-11-07', '鈴木一郎', NULL, NULL, NULL, NULL, NULL, NULL),
(420, 4, 41, 1, NULL, 1, '2013-11-07', '鈴木一郎', NULL, NULL, NULL, NULL, NULL, NULL),
(421, 4, 42, 1, NULL, 1, '2013-11-07', '鈴木一郎', NULL, NULL, NULL, NULL, NULL, NULL),
(422, 4, 43, 1, NULL, 1, '2013-11-07', '鈴木一郎', NULL, NULL, NULL, NULL, NULL, NULL),
(423, 4, 44, 1, NULL, 1, '2013-11-07', '鈴木一郎', NULL, NULL, NULL, NULL, NULL, NULL),
(424, 4, 45, 1, NULL, 1, '2013-11-07', '鈴木一郎', NULL, NULL, NULL, NULL, NULL, NULL),
(425, 4, 46, 1, NULL, 1, '2013-11-07', '鈴木一郎', NULL, NULL, NULL, NULL, NULL, NULL),
(426, 4, 47, 2, NULL, 1, '2013-11-07', '鈴木一郎', NULL, NULL, NULL, NULL, NULL, NULL),
(427, 4, 48, 1, NULL, 1, '2013-11-07', '鈴木一郎', NULL, NULL, NULL, NULL, NULL, NULL),
(428, 4, 49, 2, NULL, 1, '2013-11-07', '鈴木一郎', NULL, NULL, NULL, NULL, NULL, NULL),
(429, 4, 50, 1, NULL, 1, '2013-11-07', '鈴木一郎', NULL, NULL, NULL, NULL, NULL, NULL),
(430, 4, 51, 1, NULL, 1, '2013-11-07', '鈴木一郎', NULL, NULL, NULL, NULL, NULL, NULL),
(431, 4, 52, 1, NULL, 1, '2013-11-07', '鈴木一郎', NULL, NULL, NULL, NULL, NULL, NULL),
(432, 4, 53, 1, NULL, 1, '2013-11-07', '鈴木一郎', NULL, NULL, NULL, NULL, NULL, NULL),
(433, 4, 54, 1, NULL, 1, '2013-11-07', '鈴木一郎', NULL, NULL, NULL, NULL, NULL, NULL),
(434, 4, 55, 1, NULL, 1, '2013-11-07', '鈴木一郎', NULL, NULL, NULL, NULL, NULL, NULL),
(435, 4, 56, 1, NULL, 1, '2013-11-07', '鈴木一郎', NULL, NULL, NULL, NULL, NULL, NULL),
(436, 4, 57, 1, NULL, 1, '2013-11-07', '鈴木一郎', NULL, NULL, NULL, NULL, NULL, NULL),
(437, 4, 58, 1, NULL, 1, '2013-11-07', '鈴木一郎', NULL, NULL, NULL, NULL, NULL, NULL),
(438, 4, 59, 1, NULL, 1, '2013-11-07', '鈴木一郎', NULL, NULL, NULL, NULL, NULL, NULL),
(439, 4, 60, 1, NULL, 1, '2013-11-07', '鈴木一郎', NULL, NULL, NULL, NULL, NULL, NULL),
(440, 4, 61, 1, NULL, 1, '2013-11-07', '鈴木一郎', NULL, NULL, NULL, NULL, NULL, NULL),
(441, 4, 62, 1, NULL, 1, '2013-11-07', '鈴木一郎', NULL, NULL, NULL, NULL, NULL, NULL),
(442, 4, 64, 1, NULL, 1, '2013-11-07', '鈴木一郎', NULL, NULL, NULL, NULL, NULL, NULL),
(443, 4, 65, 1, NULL, 1, '2013-11-07', '鈴木一郎', NULL, NULL, NULL, NULL, NULL, NULL),
(444, 4, 66, 1, NULL, 1, '2013-11-07', '鈴木一郎', NULL, NULL, NULL, NULL, NULL, NULL),
(445, 4, 67, 1, NULL, 1, '2013-11-07', '鈴木一郎', NULL, NULL, NULL, NULL, NULL, NULL),
(446, 4, 68, 1, NULL, 1, '2013-11-07', '鈴木一郎', NULL, NULL, NULL, NULL, NULL, NULL),
(447, 4, 69, 1, NULL, 1, '2013-11-07', '鈴木一郎', NULL, NULL, NULL, NULL, NULL, NULL),
(448, 4, 70, 2, NULL, 1, '2013-11-07', '鈴木一郎', NULL, NULL, NULL, NULL, NULL, NULL),
(449, 4, 71, 1, NULL, 1, '2013-11-07', '鈴木一郎', NULL, NULL, NULL, NULL, NULL, NULL),
(450, 4, 72, 1, NULL, 1, '2013-11-07', '鈴木一郎', NULL, NULL, NULL, NULL, NULL, NULL),
(451, 4, 73, 1, NULL, 1, '2013-11-07', '鈴木一郎', NULL, NULL, NULL, NULL, NULL, NULL),
(452, 4, 74, 1, NULL, 1, '2013-11-07', '鈴木一郎', NULL, NULL, NULL, NULL, NULL, NULL),
(453, 4, 75, 1, NULL, 1, '2013-11-07', '鈴木一郎', NULL, NULL, NULL, NULL, NULL, NULL),
(454, 4, 76, 1, NULL, 1, '2013-11-07', '鈴木一郎', NULL, NULL, NULL, NULL, NULL, NULL),
(455, 4, 77, 1, NULL, 1, '2013-11-07', '鈴木一郎', NULL, NULL, NULL, NULL, NULL, NULL),
(456, 4, 78, 1, NULL, 1, '2013-11-07', '鈴木一郎', NULL, NULL, NULL, NULL, NULL, NULL),
(457, 4, 79, 1, NULL, 1, '2013-11-07', '鈴木一郎', NULL, NULL, NULL, NULL, NULL, NULL),
(458, 4, 80, 1, NULL, 1, '2013-11-07', '鈴木一郎', NULL, NULL, NULL, NULL, NULL, NULL),
(459, 4, 81, 1, NULL, 1, '2013-11-07', '鈴木一郎', NULL, NULL, NULL, NULL, NULL, NULL),
(460, 4, 82, 1, NULL, 1, '2013-11-07', '鈴木一郎', NULL, NULL, NULL, NULL, NULL, NULL),
(461, 4, 83, 1, NULL, 1, '2013-11-07', '鈴木一郎', NULL, NULL, NULL, NULL, NULL, NULL),
(462, 4, 84, 1, NULL, 1, '2013-11-07', '鈴木一郎', NULL, NULL, NULL, NULL, NULL, NULL),
(463, 4, 85, 1, NULL, 1, '2013-11-07', '鈴木一郎', NULL, NULL, NULL, NULL, NULL, NULL),
(464, 4, 86, 1, NULL, 1, '2013-11-07', '鈴木一郎', NULL, NULL, NULL, NULL, NULL, NULL),
(465, 4, 87, 1, NULL, 1, '2013-11-07', '鈴木一郎', NULL, NULL, NULL, NULL, NULL, NULL),
(466, 4, 88, 1, NULL, 1, '2013-11-07', '鈴木一郎', NULL, NULL, NULL, NULL, NULL, NULL),
(467, 4, 89, 1, NULL, 1, '2013-11-07', '鈴木一郎', NULL, NULL, NULL, NULL, NULL, NULL),
(468, 4, 90, 1, NULL, 1, '2013-11-07', '鈴木一郎', NULL, NULL, NULL, NULL, NULL, NULL),
(469, 4, 91, 1, NULL, 1, '2013-11-07', '鈴木一郎', NULL, NULL, NULL, NULL, NULL, NULL),
(470, 4, 92, 1, NULL, 1, '2013-11-07', '鈴木一郎', NULL, NULL, NULL, NULL, NULL, NULL),
(471, 4, 93, 2, NULL, 1, '2013-11-07', '鈴木一郎', NULL, NULL, NULL, NULL, NULL, NULL),
(472, 4, 94, 1, NULL, 1, '2013-11-07', '鈴木一郎', NULL, NULL, NULL, NULL, NULL, NULL),
(473, 4, 95, 2, NULL, 1, '2013-11-07', '鈴木一郎', NULL, NULL, NULL, NULL, NULL, NULL),
(474, 4, 96, 1, NULL, 1, '2013-11-07', '鈴木一郎', NULL, NULL, NULL, NULL, NULL, NULL),
(475, 4, 97, 2, NULL, 1, '2013-11-07', '鈴木一郎', NULL, NULL, NULL, NULL, NULL, NULL),
(476, 4, 98, 1, NULL, 1, '2013-11-07', '鈴木一郎', NULL, NULL, NULL, NULL, NULL, NULL),
(477, 4, 99, 1, NULL, 1, '2013-11-07', '鈴木一郎', NULL, NULL, NULL, NULL, NULL, NULL),
(478, 4, 100, 2, NULL, 1, '2013-11-07', '鈴木一郎', NULL, NULL, NULL, NULL, NULL, NULL),
(479, 4, 101, 2, NULL, 1, '2013-11-07', '鈴木一郎', NULL, NULL, NULL, NULL, NULL, NULL),
(480, 4, 102, 1, NULL, 1, '2013-11-07', '鈴木一郎', NULL, NULL, NULL, NULL, NULL, NULL),
(481, 4, 103, 2, NULL, 1, '2013-11-07', '鈴木一郎', NULL, NULL, NULL, NULL, NULL, NULL),
(482, 4, 104, 1, NULL, 1, '2013-11-07', '鈴木一郎', NULL, NULL, NULL, NULL, NULL, NULL),
(483, 4, 105, 1, NULL, 1, '2013-11-07', '鈴木一郎', NULL, NULL, NULL, NULL, NULL, NULL),
(484, 4, 106, 1, NULL, 1, '2013-11-07', '鈴木一郎', NULL, NULL, NULL, NULL, NULL, NULL),
(485, 4, 107, 1, NULL, 1, '2013-11-07', '鈴木一郎', NULL, NULL, NULL, NULL, NULL, NULL),
(486, 4, 111, 1, NULL, 1, '2013-11-07', '鈴木一郎', NULL, NULL, NULL, NULL, NULL, NULL),
(487, 4, 112, 1, NULL, 1, '2013-11-07', '鈴木一郎', NULL, NULL, NULL, NULL, NULL, NULL),
(488, 4, 113, 1, NULL, 1, '2013-11-07', '鈴木一郎', NULL, NULL, NULL, NULL, NULL, NULL),
(489, 4, 114, 1, NULL, 1, '2013-11-07', '鈴木一郎', NULL, NULL, NULL, NULL, NULL, NULL),
(490, 4, 115, 1, NULL, 1, '2013-11-07', '鈴木一郎', NULL, NULL, NULL, NULL, NULL, NULL),
(491, 4, 116, 1, NULL, 1, '2013-11-07', '鈴木一郎', NULL, NULL, NULL, NULL, NULL, NULL),
(492, 4, 117, 1, NULL, 1, '2013-11-07', '鈴木一郎', NULL, NULL, NULL, NULL, NULL, NULL),
(493, 4, 118, 1, NULL, 1, '2013-11-07', '鈴木一郎', NULL, NULL, NULL, NULL, NULL, NULL),
(494, 4, 119, 1, NULL, 1, '2013-11-07', '鈴木一郎', NULL, NULL, NULL, NULL, NULL, NULL),
(495, 4, 120, 1, NULL, 1, '2013-11-07', '鈴木一郎', NULL, NULL, NULL, NULL, NULL, NULL),
(496, 4, 121, 1, NULL, 1, '2013-11-07', '鈴木一郎', NULL, NULL, NULL, NULL, NULL, NULL),
(497, 4, 122, 1, NULL, 1, '2013-11-07', '鈴木一郎', NULL, NULL, NULL, NULL, NULL, NULL),
(498, 4, 123, 1, NULL, 1, '2013-11-07', '鈴木一郎', NULL, NULL, NULL, NULL, NULL, NULL),
(499, 4, 127, 1, NULL, 1, '2013-11-07', '鈴木一郎', NULL, NULL, NULL, NULL, NULL, NULL),
(500, 4, 128, 1, NULL, 1, '2013-11-07', '鈴木一郎', NULL, NULL, NULL, NULL, NULL, NULL),
(501, 4, 129, 1, NULL, 1, '2013-11-07', '鈴木一郎', NULL, NULL, NULL, NULL, NULL, NULL),
(502, 4, 130, 1, NULL, 1, '2013-11-07', '鈴木一郎', NULL, NULL, NULL, NULL, NULL, NULL),
(503, 4, 131, 1, NULL, 1, '2013-11-07', '鈴木一郎', NULL, NULL, NULL, NULL, NULL, NULL),
(504, 4, 132, 1, NULL, 1, '2013-11-07', '鈴木一郎', NULL, NULL, NULL, NULL, NULL, NULL),
(505, 4, 133, 1, NULL, 1, '2013-11-07', '鈴木一郎', NULL, NULL, NULL, NULL, NULL, NULL),
(506, 4, 134, 1, NULL, 1, '2013-11-07', '鈴木一郎', NULL, NULL, NULL, NULL, NULL, NULL),
(507, 4, 135, 1, NULL, 1, '2013-11-07', '鈴木一郎', NULL, NULL, NULL, NULL, NULL, NULL),
(508, 4, 136, 1, NULL, 1, '2013-11-07', '鈴木一郎', NULL, NULL, NULL, NULL, NULL, NULL),
(509, 4, 137, 1, NULL, 1, '2013-11-07', '鈴木一郎', NULL, NULL, NULL, NULL, NULL, NULL),
(510, 4, 138, 1, NULL, 1, '2013-11-07', '鈴木一郎', NULL, NULL, NULL, NULL, NULL, NULL),
(511, 4, 139, 1, NULL, 1, '2013-11-07', '鈴木一郎', NULL, NULL, NULL, NULL, NULL, NULL),
(512, 4, 140, 1, NULL, 1, '2013-11-07', '鈴木一郎', NULL, NULL, NULL, NULL, NULL, NULL),
(513, 4, 141, 1, NULL, 1, '2013-11-07', '鈴木一郎', NULL, NULL, NULL, NULL, NULL, NULL),
(514, 4, 142, 1, NULL, 1, '2013-11-07', '鈴木一郎', NULL, NULL, NULL, NULL, NULL, NULL),
(515, 4, 143, 1, NULL, 1, '2013-11-07', '鈴木一郎', NULL, NULL, NULL, NULL, NULL, NULL),
(516, 4, 144, 1, NULL, 1, '2013-11-07', '鈴木一郎', NULL, NULL, NULL, NULL, NULL, NULL),
(517, 4, 145, 1, NULL, 1, '2013-11-07', '鈴木一郎', NULL, NULL, NULL, NULL, NULL, NULL),
(518, 4, 146, 1, NULL, 1, '2013-11-07', '鈴木一郎', NULL, NULL, NULL, NULL, NULL, NULL),
(519, 4, 147, 1, NULL, 1, '2013-11-07', '鈴木一郎', NULL, NULL, NULL, NULL, NULL, NULL),
(520, 4, 148, 1, NULL, 1, '2013-11-07', '鈴木一郎', NULL, NULL, NULL, NULL, NULL, NULL),
(521, 4, 149, 1, NULL, 1, '2013-11-07', '鈴木一郎', NULL, NULL, NULL, NULL, NULL, NULL),
(522, 4, 150, 1, NULL, 1, '2013-11-07', '鈴木一郎', NULL, NULL, NULL, NULL, NULL, NULL),
(523, 4, 151, 1, NULL, 1, '2013-11-07', '鈴木一郎', NULL, NULL, NULL, NULL, NULL, NULL),
(524, 4, 152, 1, NULL, 1, '2013-11-07', '鈴木一郎', NULL, NULL, NULL, NULL, NULL, NULL),
(525, 4, 153, 1, NULL, 1, '2013-11-07', '鈴木一郎', NULL, NULL, NULL, NULL, NULL, NULL),
(526, 4, 154, 1, NULL, 1, '2013-11-07', '鈴木一郎', NULL, NULL, NULL, NULL, NULL, NULL),
(527, 4, 155, 1, NULL, 1, '2013-11-07', '鈴木一郎', NULL, NULL, NULL, NULL, NULL, NULL),
(528, 4, 156, 1, NULL, 1, '2013-11-07', '鈴木一郎', NULL, NULL, NULL, NULL, NULL, NULL),
(529, 4, 157, 1, NULL, 1, '2013-11-07', '鈴木一郎', NULL, NULL, NULL, NULL, NULL, NULL),
(530, 4, 158, 1, NULL, 1, '2013-11-07', '鈴木一郎', NULL, NULL, NULL, NULL, NULL, NULL),
(531, 4, 159, 1, NULL, 1, '2013-11-07', '鈴木一郎', NULL, NULL, NULL, NULL, NULL, NULL),
(532, 4, 160, 2, NULL, 1, '2013-11-07', '鈴木一郎', NULL, NULL, NULL, NULL, NULL, NULL),
(533, 4, 161, 1, NULL, 1, '2013-11-07', '鈴木一郎', NULL, NULL, NULL, NULL, NULL, NULL),
(534, 4, 162, 1, NULL, 1, '2013-11-07', '鈴木一郎', NULL, NULL, NULL, NULL, NULL, NULL),
(535, 4, 163, 1, NULL, 1, '2013-11-07', '鈴木一郎', NULL, NULL, NULL, NULL, NULL, NULL),
(536, 4, 164, 1, NULL, 1, '2013-11-07', '鈴木一郎', NULL, NULL, NULL, NULL, NULL, NULL),
(537, 4, 165, 1, NULL, 1, '2013-11-07', '鈴木一郎', NULL, NULL, NULL, NULL, NULL, NULL),
(538, 4, 166, 1, NULL, 1, '2013-11-07', '鈴木一郎', NULL, NULL, NULL, NULL, NULL, NULL),
(539, 4, 167, 1, NULL, 1, '2013-11-07', '鈴木一郎', NULL, NULL, NULL, NULL, NULL, NULL),
(540, 4, 168, 1, NULL, 1, '2013-11-07', '鈴木一郎', NULL, NULL, NULL, NULL, NULL, NULL),
(541, 4, 169, 1, NULL, 1, '2013-11-07', '鈴木一郎', NULL, NULL, NULL, NULL, NULL, NULL),
(542, 4, 170, 1, NULL, 1, '2013-11-07', '鈴木一郎', NULL, NULL, NULL, NULL, NULL, NULL),
(543, 4, 171, 1, NULL, 1, '2013-11-07', '鈴木一郎', NULL, NULL, NULL, NULL, NULL, NULL),
(544, 4, 172, 1, NULL, 1, '2013-11-07', '鈴木一郎', NULL, NULL, NULL, NULL, NULL, NULL),
(545, 4, 173, 1, NULL, 1, '2013-11-07', '鈴木一郎', NULL, NULL, NULL, NULL, NULL, NULL),
(546, 4, 174, 4, NULL, 2, '2013-11-07', '鈴木一郎', NULL, NULL, NULL, NULL, NULL, NULL),
(547, 4, 175, 4, NULL, 2, '2013-11-07', '鈴木一郎', NULL, NULL, NULL, NULL, NULL, NULL),
(548, 4, 176, 4, NULL, 2, '2013-11-07', '鈴木一郎', NULL, NULL, NULL, NULL, NULL, NULL),
(549, 4, 177, 4, NULL, 2, '2013-11-07', '鈴木一郎', NULL, NULL, NULL, NULL, NULL, NULL);
INSERT INTO `audit_details` (`audit_detail_id`, `audit_id`, `document_id`, `judgment`, `audit_detail_file_id`, `valid_flag`, `user_update_date`, `user_update_name`, `register_datetime`, `register_user`, `register_process`, `update_datetime`, `update_user`, `update_process`) VALUES
(550, 4, 178, 4, NULL, 2, '2013-11-07', '鈴木一郎', NULL, NULL, NULL, NULL, NULL, NULL),
(551, 4, 179, 4, NULL, 2, '2013-11-07', '鈴木一郎', NULL, NULL, NULL, NULL, NULL, NULL),
(552, 4, 180, 4, NULL, 2, '2013-11-07', '鈴木一郎', NULL, NULL, NULL, NULL, NULL, NULL),
(553, 4, 181, 4, NULL, 2, '2013-11-07', '鈴木一郎', NULL, NULL, NULL, NULL, NULL, NULL),
(554, 4, 182, 4, NULL, 2, '2013-11-07', '鈴木一郎', NULL, NULL, NULL, NULL, NULL, NULL),
(555, 4, 183, 4, NULL, 2, '2013-11-07', '鈴木一郎', NULL, NULL, NULL, NULL, NULL, NULL),
(556, 4, 184, 4, NULL, 2, '2013-11-07', '鈴木一郎', NULL, NULL, NULL, NULL, NULL, NULL),
(557, 4, 185, 4, NULL, 2, '2013-11-07', '鈴木一郎', NULL, NULL, NULL, NULL, NULL, NULL),
(558, 4, 186, 4, NULL, 2, '2013-11-07', '鈴木一郎', NULL, NULL, NULL, NULL, NULL, NULL),
(559, 4, 187, 4, NULL, 2, '2013-11-07', '鈴木一郎', NULL, NULL, NULL, NULL, NULL, NULL),
(560, 4, 188, 4, NULL, 2, '2013-11-07', '鈴木一郎', NULL, NULL, NULL, NULL, NULL, NULL),
(561, 4, 189, 4, NULL, 2, '2013-11-07', '鈴木一郎', NULL, NULL, NULL, NULL, NULL, NULL),
(562, 4, 190, 4, NULL, 2, '2013-11-07', '鈴木一郎', NULL, NULL, NULL, NULL, NULL, NULL),
(563, 4, 191, 1, NULL, 1, '2013-11-07', '鈴木一郎', NULL, NULL, NULL, NULL, NULL, NULL),
(564, 4, 192, 1, NULL, 1, '2013-11-07', '鈴木一郎', NULL, NULL, NULL, NULL, NULL, NULL),
(565, 4, 193, 1, NULL, 1, '2013-11-07', '鈴木一郎', NULL, NULL, NULL, NULL, NULL, NULL),
(566, 4, 194, 2, NULL, 1, '2013-11-07', '鈴木一郎', NULL, NULL, NULL, NULL, NULL, NULL),
(567, 4, 195, 2, NULL, 1, '2013-11-07', '鈴木一郎', NULL, NULL, NULL, NULL, NULL, NULL),
(568, 4, 196, 2, NULL, 1, '2013-11-07', '鈴木一郎', NULL, NULL, NULL, NULL, NULL, NULL),
(569, 4, 201, 2, NULL, 1, '2013-11-07', '鈴木一郎', NULL, NULL, NULL, NULL, NULL, NULL),
(570, 4, 202, 2, NULL, 1, '2013-11-07', '鈴木一郎', NULL, NULL, NULL, NULL, NULL, NULL),
(571, 4, 203, 1, NULL, 1, '2013-11-07', '鈴木一郎', NULL, NULL, NULL, NULL, NULL, NULL),
(572, 4, 204, 1, NULL, 1, '2013-11-07', '鈴木一郎', NULL, NULL, NULL, NULL, NULL, NULL),
(573, 4, 205, 1, NULL, 1, '2013-11-07', '鈴木一郎', NULL, NULL, NULL, NULL, NULL, NULL),
(574, 4, 206, 1, NULL, 1, '2013-11-07', '鈴木一郎', NULL, NULL, NULL, NULL, NULL, NULL),
(575, 4, 207, 2, NULL, 1, '2013-11-07', '鈴木一郎', NULL, NULL, NULL, NULL, NULL, NULL),
(576, 4, 208, 1, NULL, 1, '2013-11-07', '鈴木一郎', NULL, NULL, NULL, NULL, NULL, NULL),
(577, 4, 209, 2, NULL, 1, '2013-11-07', '鈴木一郎', NULL, NULL, NULL, NULL, NULL, NULL),
(578, 4, 210, 1, NULL, 1, '2013-11-07', '鈴木一郎', NULL, NULL, NULL, NULL, NULL, NULL),
(579, 4, 211, 1, NULL, 1, '2013-11-07', '鈴木一郎', NULL, NULL, NULL, NULL, NULL, NULL),
(580, 4, 213, 2, NULL, 1, '2013-11-07', '鈴木一郎', NULL, NULL, NULL, NULL, NULL, NULL),
(581, 4, 214, 1, NULL, 1, '2013-11-07', '鈴木一郎', NULL, NULL, NULL, NULL, NULL, NULL),
(582, 4, 215, 1, NULL, 1, '2013-11-07', '鈴木一郎', NULL, NULL, NULL, NULL, NULL, NULL),
(583, 4, 216, 1, NULL, 1, '2013-11-07', '鈴木一郎', NULL, NULL, NULL, NULL, NULL, NULL),
(584, 4, 217, 2, NULL, 1, '2013-11-07', '鈴木一郎', NULL, NULL, NULL, NULL, NULL, NULL),
(585, 4, 218, 2, NULL, 1, '2013-11-07', '鈴木一郎', NULL, NULL, NULL, NULL, NULL, NULL),
(586, 4, 219, 4, NULL, 2, '2013-11-07', '鈴木一郎', NULL, NULL, NULL, NULL, NULL, NULL),
(587, 4, 220, 4, NULL, 2, '2013-11-07', '鈴木一郎', NULL, NULL, NULL, NULL, NULL, NULL),
(588, 4, 221, 4, NULL, 2, '2013-11-07', '鈴木一郎', NULL, NULL, NULL, NULL, NULL, NULL),
(589, 4, 222, 4, NULL, 2, '2013-11-07', '鈴木一郎', NULL, NULL, NULL, NULL, NULL, NULL),
(590, 4, 223, 4, NULL, 2, '2013-11-07', '鈴木一郎', NULL, NULL, NULL, NULL, NULL, NULL),
(591, 4, 224, 4, NULL, 2, '2013-11-07', '鈴木一郎', NULL, NULL, NULL, NULL, NULL, NULL),
(592, 4, 225, 4, NULL, 2, '2013-11-07', '鈴木一郎', NULL, NULL, NULL, NULL, NULL, NULL),
(593, 4, 226, 4, NULL, 2, '2013-11-07', '鈴木一郎', NULL, NULL, NULL, NULL, NULL, NULL),
(594, 4, 227, 4, NULL, 2, '2013-11-07', '鈴木一郎', NULL, NULL, NULL, NULL, NULL, NULL),
(595, 4, 228, 4, NULL, 2, '2013-11-07', '鈴木一郎', NULL, NULL, NULL, NULL, NULL, NULL),
(596, 4, 229, 4, NULL, 2, '2013-11-07', '鈴木一郎', NULL, NULL, NULL, NULL, NULL, NULL),
(597, 4, 230, 4, NULL, 2, '2013-11-07', '鈴木一郎', NULL, NULL, NULL, NULL, NULL, NULL),
(598, 4, 231, 1, NULL, 1, '2013-11-07', '鈴木一郎', NULL, NULL, NULL, NULL, NULL, NULL),
(599, 4, 232, 1, NULL, 1, '2013-11-07', '鈴木一郎', NULL, NULL, NULL, NULL, NULL, NULL),
(600, 4, 233, 1, NULL, 1, '2013-11-07', '鈴木一郎', NULL, NULL, NULL, NULL, NULL, NULL),
(601, 4, 234, 1, NULL, 1, '2013-11-07', '鈴木一郎', NULL, NULL, NULL, NULL, NULL, NULL),
(602, 4, 235, 2, NULL, 1, '2013-11-07', '鈴木一郎', NULL, NULL, NULL, NULL, NULL, NULL),
(603, 4, 236, 1, NULL, 1, '2013-11-07', '鈴木一郎', NULL, NULL, NULL, NULL, NULL, NULL),
(604, 4, 237, 1, NULL, 1, '2013-11-07', '鈴木一郎', NULL, NULL, NULL, NULL, NULL, NULL),
(605, 4, 238, 1, NULL, 1, '2013-11-07', '鈴木一郎', NULL, NULL, NULL, NULL, NULL, NULL),
(606, 4, 239, 1, NULL, 1, '2013-11-07', '鈴木一郎', NULL, NULL, NULL, NULL, NULL, NULL),
(607, 4, 240, 2, NULL, 1, '2013-11-07', '鈴木一郎', NULL, NULL, NULL, NULL, NULL, NULL),
(608, 4, 241, 2, NULL, 1, '2013-11-07', '鈴木一郎', NULL, NULL, NULL, NULL, NULL, NULL),
(609, 4, 242, 2, NULL, 1, '2013-11-07', '鈴木一郎', NULL, NULL, NULL, NULL, NULL, NULL),
(610, 4, 243, 1, NULL, 1, '2013-11-07', '鈴木一郎', NULL, NULL, NULL, NULL, NULL, NULL),
(611, 4, 244, 1, NULL, 1, '2013-11-07', '鈴木一郎', NULL, NULL, NULL, NULL, NULL, NULL),
(612, 4, 245, 2, NULL, 1, '2013-11-07', '鈴木一郎', NULL, NULL, NULL, NULL, NULL, NULL),
(613, 4, 481, 2, NULL, 1, '2013-11-07', '鈴木一郎', NULL, NULL, NULL, NULL, NULL, NULL),
(614, 4, 482, 1, NULL, 1, '2013-11-07', '鈴木一郎', NULL, NULL, NULL, NULL, NULL, NULL),
(615, 4, 484, 1, NULL, 1, '2013-11-07', '鈴木一郎', NULL, NULL, NULL, NULL, NULL, NULL),
(616, 4, 485, 1, NULL, 1, '2013-11-07', '鈴木一郎', NULL, NULL, NULL, NULL, NULL, NULL),
(617, 4, 486, 1, NULL, 1, '2013-11-07', '鈴木一郎', NULL, NULL, NULL, NULL, NULL, NULL),
(618, 4, 487, 3, NULL, 1, '2013-11-07', '鈴木一郎', NULL, NULL, NULL, NULL, NULL, NULL),
(619, 4, 489, 3, NULL, 1, '2013-11-07', '鈴木一郎', NULL, NULL, NULL, NULL, NULL, NULL),
(620, 5, 246, 0, NULL, 0, '2013-11-07', '鈴木一郎', NULL, NULL, NULL, NULL, NULL, NULL),
(621, 5, 247, 0, NULL, 0, '2013-11-07', '鈴木一郎', NULL, NULL, NULL, NULL, NULL, NULL),
(622, 5, 248, 0, NULL, 0, '2013-11-07', '鈴木一郎', NULL, NULL, NULL, NULL, NULL, NULL),
(623, 5, 249, 0, NULL, 0, '2013-11-07', '鈴木一郎', NULL, NULL, NULL, NULL, NULL, NULL),
(624, 5, 250, 0, NULL, 0, '2013-11-07', '鈴木一郎', NULL, NULL, NULL, NULL, NULL, NULL),
(625, 5, 251, 0, NULL, 0, '2013-11-07', '鈴木一郎', NULL, NULL, NULL, NULL, NULL, NULL),
(626, 5, 252, 0, NULL, 0, '2013-11-07', '鈴木一郎', NULL, NULL, NULL, NULL, NULL, NULL),
(627, 5, 253, 0, NULL, 0, '2013-11-07', '鈴木一郎', NULL, NULL, NULL, NULL, NULL, NULL),
(628, 5, 254, 0, NULL, 0, '2013-11-07', '鈴木一郎', NULL, NULL, NULL, NULL, NULL, NULL),
(629, 5, 255, 0, NULL, 0, '2013-11-07', '鈴木一郎', NULL, NULL, NULL, NULL, NULL, NULL),
(630, 5, 256, 0, NULL, 0, '2013-11-07', '鈴木一郎', NULL, NULL, NULL, NULL, NULL, NULL),
(631, 5, 257, 0, NULL, 0, '2013-11-07', '鈴木一郎', NULL, NULL, NULL, NULL, NULL, NULL),
(632, 5, 258, 0, NULL, 0, '2013-11-07', '鈴木一郎', NULL, NULL, NULL, NULL, NULL, NULL),
(633, 5, 259, 0, NULL, 0, '2013-11-07', '鈴木一郎', NULL, NULL, NULL, NULL, NULL, NULL),
(634, 5, 260, 0, NULL, 0, '2013-11-07', '鈴木一郎', NULL, NULL, NULL, NULL, NULL, NULL),
(635, 5, 261, 0, NULL, 0, '2013-11-07', '鈴木一郎', NULL, NULL, NULL, NULL, NULL, NULL),
(636, 5, 262, 0, NULL, 0, '2013-11-07', '鈴木一郎', NULL, NULL, NULL, NULL, NULL, NULL),
(637, 5, 263, 0, NULL, 0, '2013-11-07', '鈴木一郎', NULL, NULL, NULL, NULL, NULL, NULL),
(638, 5, 264, 0, NULL, 0, '2013-11-07', '鈴木一郎', NULL, NULL, NULL, NULL, NULL, NULL),
(639, 5, 265, 0, NULL, 0, '2013-11-07', '鈴木一郎', NULL, NULL, NULL, NULL, NULL, NULL),
(640, 5, 266, 0, NULL, 0, '2013-11-07', '鈴木一郎', NULL, NULL, NULL, NULL, NULL, NULL),
(641, 5, 267, 0, NULL, 0, '2013-11-07', '鈴木一郎', NULL, NULL, NULL, NULL, NULL, NULL),
(642, 5, 268, 0, NULL, 0, '2013-11-07', '鈴木一郎', NULL, NULL, NULL, NULL, NULL, NULL),
(643, 5, 269, 0, NULL, 0, '2013-11-07', '鈴木一郎', NULL, NULL, NULL, NULL, NULL, NULL),
(644, 5, 270, 0, NULL, 0, '2013-11-07', '鈴木一郎', NULL, NULL, NULL, NULL, NULL, NULL),
(645, 5, 271, 0, NULL, 0, '2013-11-07', '鈴木一郎', NULL, NULL, NULL, NULL, NULL, NULL),
(646, 5, 272, 0, NULL, 0, '2013-11-07', '鈴木一郎', NULL, NULL, NULL, NULL, NULL, NULL),
(647, 5, 273, 0, NULL, 0, '2013-11-07', '鈴木一郎', NULL, NULL, NULL, NULL, NULL, NULL),
(648, 5, 274, 0, NULL, 0, '2013-11-07', '鈴木一郎', NULL, NULL, NULL, NULL, NULL, NULL),
(649, 5, 275, 0, NULL, 0, '2013-11-07', '鈴木一郎', NULL, NULL, NULL, NULL, NULL, NULL),
(650, 5, 276, 0, NULL, 0, '2013-11-07', '鈴木一郎', NULL, NULL, NULL, NULL, NULL, NULL),
(651, 5, 277, 0, NULL, 0, '2013-11-07', '鈴木一郎', NULL, NULL, NULL, NULL, NULL, NULL),
(652, 5, 278, 0, NULL, 0, '2013-11-07', '鈴木一郎', NULL, NULL, NULL, NULL, NULL, NULL),
(653, 5, 279, 0, NULL, 0, '2013-11-07', '鈴木一郎', NULL, NULL, NULL, NULL, NULL, NULL),
(654, 5, 280, 0, NULL, 0, '2013-11-07', '鈴木一郎', NULL, NULL, NULL, NULL, NULL, NULL),
(655, 5, 281, 0, NULL, 0, '2013-11-07', '鈴木一郎', NULL, NULL, NULL, NULL, NULL, NULL),
(656, 5, 282, 0, NULL, 0, '2013-11-07', '鈴木一郎', NULL, NULL, NULL, NULL, NULL, NULL),
(657, 5, 283, 0, NULL, 0, '2013-11-07', '鈴木一郎', NULL, NULL, NULL, NULL, NULL, NULL),
(658, 5, 284, 0, NULL, 0, '2013-11-07', '鈴木一郎', NULL, NULL, NULL, NULL, NULL, NULL),
(659, 5, 285, 0, NULL, 0, '2013-11-07', '鈴木一郎', NULL, NULL, NULL, NULL, NULL, NULL),
(660, 5, 286, 0, NULL, 0, '2013-11-07', '鈴木一郎', NULL, NULL, NULL, NULL, NULL, NULL),
(661, 5, 287, 0, NULL, 0, '2013-11-07', '鈴木一郎', NULL, NULL, NULL, NULL, NULL, NULL),
(662, 5, 288, 0, NULL, 0, '2013-11-07', '鈴木一郎', NULL, NULL, NULL, NULL, NULL, NULL),
(663, 5, 289, 0, NULL, 0, '2013-11-07', '鈴木一郎', NULL, NULL, NULL, NULL, NULL, NULL),
(664, 5, 290, 0, NULL, 0, '2013-11-07', '鈴木一郎', NULL, NULL, NULL, NULL, NULL, NULL),
(665, 5, 291, 0, NULL, 0, '2013-11-07', '鈴木一郎', NULL, NULL, NULL, NULL, NULL, NULL),
(666, 5, 292, 0, NULL, 0, '2013-11-07', '鈴木一郎', NULL, NULL, NULL, NULL, NULL, NULL),
(667, 5, 293, 0, NULL, 0, '2013-11-07', '鈴木一郎', NULL, NULL, NULL, NULL, NULL, NULL),
(668, 5, 294, 0, NULL, 0, '2013-11-07', '鈴木一郎', NULL, NULL, NULL, NULL, NULL, NULL),
(669, 5, 295, 0, NULL, 0, '2013-11-07', '鈴木一郎', NULL, NULL, NULL, NULL, NULL, NULL),
(670, 5, 296, 0, NULL, 0, '2013-11-07', '鈴木一郎', NULL, NULL, NULL, NULL, NULL, NULL),
(671, 5, 297, 0, NULL, 0, '2013-11-07', '鈴木一郎', NULL, NULL, NULL, NULL, NULL, NULL),
(672, 5, 298, 0, NULL, 0, '2013-11-07', '鈴木一郎', NULL, NULL, NULL, NULL, NULL, NULL),
(673, 5, 299, 0, NULL, 0, '2013-11-07', '鈴木一郎', NULL, NULL, NULL, NULL, NULL, NULL),
(674, 5, 300, 0, NULL, 0, '2013-11-07', '鈴木一郎', NULL, NULL, NULL, NULL, NULL, NULL),
(675, 5, 301, 0, NULL, 0, '2013-11-07', '鈴木一郎', NULL, NULL, NULL, NULL, NULL, NULL),
(676, 5, 302, 0, NULL, 0, '2013-11-07', '鈴木一郎', NULL, NULL, NULL, NULL, NULL, NULL),
(677, 5, 303, 0, NULL, 0, '2013-11-07', '鈴木一郎', NULL, NULL, NULL, NULL, NULL, NULL),
(678, 5, 304, 0, NULL, 0, '2013-11-07', '鈴木一郎', NULL, NULL, NULL, NULL, NULL, NULL),
(679, 5, 305, 0, NULL, 0, '2013-11-07', '鈴木一郎', NULL, NULL, NULL, NULL, NULL, NULL),
(680, 5, 306, 0, NULL, 0, '2013-11-07', '鈴木一郎', NULL, NULL, NULL, NULL, NULL, NULL),
(681, 5, 307, 0, NULL, 0, '2013-11-07', '鈴木一郎', NULL, NULL, NULL, NULL, NULL, NULL),
(682, 5, 308, 0, NULL, 0, '2013-11-07', '鈴木一郎', NULL, NULL, NULL, NULL, NULL, NULL),
(683, 5, 309, 0, NULL, 0, '2013-11-07', '鈴木一郎', NULL, NULL, NULL, NULL, NULL, NULL),
(684, 5, 310, 0, NULL, 0, '2013-11-07', '鈴木一郎', NULL, NULL, NULL, NULL, NULL, NULL),
(685, 5, 311, 0, NULL, 0, '2013-11-07', '鈴木一郎', NULL, NULL, NULL, NULL, NULL, NULL),
(686, 5, 312, 0, NULL, 0, '2013-11-07', '鈴木一郎', NULL, NULL, NULL, NULL, NULL, NULL),
(687, 5, 313, 0, NULL, 0, '2013-11-07', '鈴木一郎', NULL, NULL, NULL, NULL, NULL, NULL),
(688, 5, 314, 0, NULL, 0, '2013-11-07', '鈴木一郎', NULL, NULL, NULL, NULL, NULL, NULL),
(689, 5, 315, 0, NULL, 0, '2013-11-07', '鈴木一郎', NULL, NULL, NULL, NULL, NULL, NULL),
(690, 5, 316, 0, NULL, 0, '2013-11-07', '鈴木一郎', NULL, NULL, NULL, NULL, NULL, NULL),
(691, 5, 317, 0, NULL, 0, '2013-11-07', '鈴木一郎', NULL, NULL, NULL, NULL, NULL, NULL),
(692, 5, 318, 0, NULL, 0, '2013-11-07', '鈴木一郎', NULL, NULL, NULL, NULL, NULL, NULL),
(693, 5, 319, 0, NULL, 0, '2013-11-07', '鈴木一郎', NULL, NULL, NULL, NULL, NULL, NULL),
(694, 5, 320, 0, NULL, 0, '2013-11-07', '鈴木一郎', NULL, NULL, NULL, NULL, NULL, NULL),
(695, 5, 321, 0, NULL, 0, '2013-11-07', '鈴木一郎', NULL, NULL, NULL, NULL, NULL, NULL),
(696, 5, 322, 0, NULL, 0, '2013-11-07', '鈴木一郎', NULL, NULL, NULL, NULL, NULL, NULL),
(697, 5, 323, 0, NULL, 0, '2013-11-07', '鈴木一郎', NULL, NULL, NULL, NULL, NULL, NULL),
(698, 5, 324, 0, NULL, 0, '2013-11-07', '鈴木一郎', NULL, NULL, NULL, NULL, NULL, NULL),
(699, 5, 325, 0, NULL, 0, '2013-11-07', '鈴木一郎', NULL, NULL, NULL, NULL, NULL, NULL),
(700, 5, 326, 0, NULL, 0, '2013-11-07', '鈴木一郎', NULL, NULL, NULL, NULL, NULL, NULL),
(701, 5, 327, 0, NULL, 0, '2013-11-07', '鈴木一郎', NULL, NULL, NULL, NULL, NULL, NULL),
(702, 5, 328, 0, NULL, 0, '2013-11-07', '鈴木一郎', NULL, NULL, NULL, NULL, NULL, NULL),
(703, 5, 329, 0, NULL, 0, '2013-11-07', '鈴木一郎', NULL, NULL, NULL, NULL, NULL, NULL),
(704, 5, 330, 0, NULL, 0, '2013-11-07', '鈴木一郎', NULL, NULL, NULL, NULL, NULL, NULL),
(705, 5, 331, 0, NULL, 0, '2013-11-07', '鈴木一郎', NULL, NULL, NULL, NULL, NULL, NULL),
(706, 5, 332, 0, NULL, 0, '2013-11-07', '鈴木一郎', NULL, NULL, NULL, NULL, NULL, NULL),
(707, 5, 333, 0, NULL, 0, '2013-11-07', '鈴木一郎', NULL, NULL, NULL, NULL, NULL, NULL),
(708, 5, 334, 0, NULL, 0, '2013-11-07', '鈴木一郎', NULL, NULL, NULL, NULL, NULL, NULL),
(709, 5, 29, 0, NULL, 0, '2013-11-07', '鈴木一郎', NULL, NULL, NULL, NULL, NULL, NULL),
(710, 5, 33, 0, NULL, 0, '2013-11-07', '鈴木一郎', NULL, NULL, NULL, NULL, NULL, NULL),
(711, 5, 487, 0, NULL, 0, '2013-11-07', '鈴木一郎', NULL, NULL, NULL, NULL, NULL, NULL),
(712, 5, 489, 0, NULL, 0, '2013-11-07', '鈴木一郎', NULL, NULL, NULL, NULL, NULL, NULL),
(713, 8, 246, 0, NULL, 0, '2013-11-08', '鈴木一郎', NULL, NULL, NULL, NULL, NULL, NULL),
(714, 8, 247, 0, NULL, 0, '2013-11-08', '鈴木一郎', NULL, NULL, NULL, NULL, NULL, NULL),
(715, 8, 248, 0, NULL, 0, '2013-11-08', '鈴木一郎', NULL, NULL, NULL, NULL, NULL, NULL),
(716, 8, 249, 0, NULL, 0, '2013-11-08', '鈴木一郎', NULL, NULL, NULL, NULL, NULL, NULL),
(717, 8, 250, 0, NULL, 0, '2013-11-08', '鈴木一郎', NULL, NULL, NULL, NULL, NULL, NULL),
(718, 8, 251, 0, NULL, 0, '2013-11-08', '鈴木一郎', NULL, NULL, NULL, NULL, NULL, NULL),
(719, 8, 252, 0, NULL, 0, '2013-11-08', '鈴木一郎', NULL, NULL, NULL, NULL, NULL, NULL),
(720, 8, 253, 0, NULL, 0, '2013-11-08', '鈴木一郎', NULL, NULL, NULL, NULL, NULL, NULL),
(721, 8, 254, 0, NULL, 0, '2013-11-08', '鈴木一郎', NULL, NULL, NULL, NULL, NULL, NULL),
(722, 8, 255, 0, NULL, 0, '2013-11-08', '鈴木一郎', NULL, NULL, NULL, NULL, NULL, NULL),
(723, 8, 256, 0, NULL, 0, '2013-11-08', '鈴木一郎', NULL, NULL, NULL, NULL, NULL, NULL),
(724, 8, 257, 0, NULL, 0, '2013-11-08', '鈴木一郎', NULL, NULL, NULL, NULL, NULL, NULL),
(725, 8, 258, 0, NULL, 0, '2013-11-08', '鈴木一郎', NULL, NULL, NULL, NULL, NULL, NULL),
(726, 8, 259, 0, NULL, 0, '2013-11-08', '鈴木一郎', NULL, NULL, NULL, NULL, NULL, NULL),
(727, 8, 260, 0, NULL, 0, '2013-11-08', '鈴木一郎', NULL, NULL, NULL, NULL, NULL, NULL),
(728, 8, 261, 0, NULL, 0, '2013-11-08', '鈴木一郎', NULL, NULL, NULL, NULL, NULL, NULL),
(729, 8, 262, 0, NULL, 0, '2013-11-08', '鈴木一郎', NULL, NULL, NULL, NULL, NULL, NULL),
(730, 8, 263, 0, NULL, 0, '2013-11-08', '鈴木一郎', NULL, NULL, NULL, NULL, NULL, NULL),
(731, 8, 264, 0, NULL, 0, '2013-11-08', '鈴木一郎', NULL, NULL, NULL, NULL, NULL, NULL),
(732, 8, 265, 0, NULL, 0, '2013-11-08', '鈴木一郎', NULL, NULL, NULL, NULL, NULL, NULL),
(733, 8, 266, 0, NULL, 0, '2013-11-08', '鈴木一郎', NULL, NULL, NULL, NULL, NULL, NULL),
(734, 8, 267, 0, NULL, 0, '2013-11-08', '鈴木一郎', NULL, NULL, NULL, NULL, NULL, NULL),
(735, 8, 268, 0, NULL, 0, '2013-11-08', '鈴木一郎', NULL, NULL, NULL, NULL, NULL, NULL),
(736, 8, 269, 0, NULL, 0, '2013-11-08', '鈴木一郎', NULL, NULL, NULL, NULL, NULL, NULL),
(737, 8, 270, 0, NULL, 0, '2013-11-08', '鈴木一郎', NULL, NULL, NULL, NULL, NULL, NULL),
(738, 8, 271, 0, NULL, 0, '2013-11-08', '鈴木一郎', NULL, NULL, NULL, NULL, NULL, NULL),
(739, 8, 272, 0, NULL, 0, '2013-11-08', '鈴木一郎', NULL, NULL, NULL, NULL, NULL, NULL),
(740, 8, 273, 0, NULL, 0, '2013-11-08', '鈴木一郎', NULL, NULL, NULL, NULL, NULL, NULL),
(741, 8, 274, 0, NULL, 0, '2013-11-08', '鈴木一郎', NULL, NULL, NULL, NULL, NULL, NULL),
(742, 8, 275, 0, NULL, 0, '2013-11-08', '鈴木一郎', NULL, NULL, NULL, NULL, NULL, NULL),
(743, 8, 276, 0, NULL, 0, '2013-11-08', '鈴木一郎', NULL, NULL, NULL, NULL, NULL, NULL),
(744, 8, 277, 0, NULL, 0, '2013-11-08', '鈴木一郎', NULL, NULL, NULL, NULL, NULL, NULL),
(745, 8, 278, 0, NULL, 0, '2013-11-08', '鈴木一郎', NULL, NULL, NULL, NULL, NULL, NULL),
(746, 8, 279, 0, NULL, 0, '2013-11-08', '鈴木一郎', NULL, NULL, NULL, NULL, NULL, NULL),
(747, 8, 280, 0, NULL, 0, '2013-11-08', '鈴木一郎', NULL, NULL, NULL, NULL, NULL, NULL),
(748, 8, 281, 0, NULL, 0, '2013-11-08', '鈴木一郎', NULL, NULL, NULL, NULL, NULL, NULL),
(749, 8, 282, 0, NULL, 0, '2013-11-08', '鈴木一郎', NULL, NULL, NULL, NULL, NULL, NULL),
(750, 8, 283, 0, NULL, 0, '2013-11-08', '鈴木一郎', NULL, NULL, NULL, NULL, NULL, NULL),
(751, 8, 284, 0, NULL, 0, '2013-11-08', '鈴木一郎', NULL, NULL, NULL, NULL, NULL, NULL),
(752, 8, 285, 0, NULL, 0, '2013-11-08', '鈴木一郎', NULL, NULL, NULL, NULL, NULL, NULL),
(753, 8, 286, 0, NULL, 0, '2013-11-08', '鈴木一郎', NULL, NULL, NULL, NULL, NULL, NULL),
(754, 8, 287, 0, NULL, 0, '2013-11-08', '鈴木一郎', NULL, NULL, NULL, NULL, NULL, NULL),
(755, 8, 288, 0, NULL, 0, '2013-11-08', '鈴木一郎', NULL, NULL, NULL, NULL, NULL, NULL),
(756, 8, 289, 0, NULL, 0, '2013-11-08', '鈴木一郎', NULL, NULL, NULL, NULL, NULL, NULL),
(757, 8, 290, 0, NULL, 0, '2013-11-08', '鈴木一郎', NULL, NULL, NULL, NULL, NULL, NULL),
(758, 8, 291, 0, NULL, 0, '2013-11-08', '鈴木一郎', NULL, NULL, NULL, NULL, NULL, NULL),
(759, 8, 292, 0, NULL, 0, '2013-11-08', '鈴木一郎', NULL, NULL, NULL, NULL, NULL, NULL),
(760, 8, 293, 0, NULL, 0, '2013-11-08', '鈴木一郎', NULL, NULL, NULL, NULL, NULL, NULL),
(761, 8, 294, 0, NULL, 0, '2013-11-08', '鈴木一郎', NULL, NULL, NULL, NULL, NULL, NULL),
(762, 8, 295, 0, NULL, 0, '2013-11-08', '鈴木一郎', NULL, NULL, NULL, NULL, NULL, NULL),
(763, 8, 296, 0, NULL, 0, '2013-11-08', '鈴木一郎', NULL, NULL, NULL, NULL, NULL, NULL),
(764, 8, 297, 0, NULL, 0, '2013-11-08', '鈴木一郎', NULL, NULL, NULL, NULL, NULL, NULL),
(765, 8, 298, 0, NULL, 0, '2013-11-08', '鈴木一郎', NULL, NULL, NULL, NULL, NULL, NULL),
(766, 8, 299, 0, NULL, 0, '2013-11-08', '鈴木一郎', NULL, NULL, NULL, NULL, NULL, NULL),
(767, 8, 300, 0, NULL, 0, '2013-11-08', '鈴木一郎', NULL, NULL, NULL, NULL, NULL, NULL),
(768, 8, 301, 0, NULL, 0, '2013-11-08', '鈴木一郎', NULL, NULL, NULL, NULL, NULL, NULL),
(769, 8, 302, 0, NULL, 0, '2013-11-08', '鈴木一郎', NULL, NULL, NULL, NULL, NULL, NULL),
(770, 8, 303, 0, NULL, 0, '2013-11-08', '鈴木一郎', NULL, NULL, NULL, NULL, NULL, NULL),
(771, 8, 304, 0, NULL, 0, '2013-11-08', '鈴木一郎', NULL, NULL, NULL, NULL, NULL, NULL),
(772, 8, 305, 0, NULL, 0, '2013-11-08', '鈴木一郎', NULL, NULL, NULL, NULL, NULL, NULL),
(773, 8, 306, 0, NULL, 0, '2013-11-08', '鈴木一郎', NULL, NULL, NULL, NULL, NULL, NULL),
(774, 8, 307, 0, NULL, 0, '2013-11-08', '鈴木一郎', NULL, NULL, NULL, NULL, NULL, NULL),
(775, 8, 308, 0, NULL, 0, '2013-11-08', '鈴木一郎', NULL, NULL, NULL, NULL, NULL, NULL),
(776, 8, 309, 0, NULL, 0, '2013-11-08', '鈴木一郎', NULL, NULL, NULL, NULL, NULL, NULL),
(777, 8, 310, 0, NULL, 0, '2013-11-08', '鈴木一郎', NULL, NULL, NULL, NULL, NULL, NULL),
(778, 8, 311, 0, NULL, 0, '2013-11-08', '鈴木一郎', NULL, NULL, NULL, NULL, NULL, NULL),
(779, 8, 312, 0, NULL, 0, '2013-11-08', '鈴木一郎', NULL, NULL, NULL, NULL, NULL, NULL),
(780, 8, 313, 0, NULL, 0, '2013-11-08', '鈴木一郎', NULL, NULL, NULL, NULL, NULL, NULL),
(781, 8, 314, 0, NULL, 0, '2013-11-08', '鈴木一郎', NULL, NULL, NULL, NULL, NULL, NULL),
(782, 8, 315, 0, NULL, 0, '2013-11-08', '鈴木一郎', NULL, NULL, NULL, NULL, NULL, NULL),
(783, 8, 316, 0, NULL, 0, '2013-11-08', '鈴木一郎', NULL, NULL, NULL, NULL, NULL, NULL),
(784, 8, 317, 0, NULL, 0, '2013-11-08', '鈴木一郎', NULL, NULL, NULL, NULL, NULL, NULL),
(785, 8, 318, 0, NULL, 0, '2013-11-08', '鈴木一郎', NULL, NULL, NULL, NULL, NULL, NULL),
(786, 8, 319, 0, NULL, 0, '2013-11-08', '鈴木一郎', NULL, NULL, NULL, NULL, NULL, NULL),
(787, 8, 320, 0, NULL, 0, '2013-11-08', '鈴木一郎', NULL, NULL, NULL, NULL, NULL, NULL),
(788, 8, 321, 0, NULL, 0, '2013-11-08', '鈴木一郎', NULL, NULL, NULL, NULL, NULL, NULL),
(789, 8, 322, 0, NULL, 0, '2013-11-08', '鈴木一郎', NULL, NULL, NULL, NULL, NULL, NULL),
(790, 8, 323, 0, NULL, 0, '2013-11-08', '鈴木一郎', NULL, NULL, NULL, NULL, NULL, NULL),
(791, 8, 324, 0, NULL, 0, '2013-11-08', '鈴木一郎', NULL, NULL, NULL, NULL, NULL, NULL),
(792, 8, 325, 0, NULL, 0, '2013-11-08', '鈴木一郎', NULL, NULL, NULL, NULL, NULL, NULL),
(793, 8, 326, 0, NULL, 0, '2013-11-08', '鈴木一郎', NULL, NULL, NULL, NULL, NULL, NULL),
(794, 8, 327, 0, NULL, 0, '2013-11-08', '鈴木一郎', NULL, NULL, NULL, NULL, NULL, NULL),
(795, 8, 328, 0, NULL, 0, '2013-11-08', '鈴木一郎', NULL, NULL, NULL, NULL, NULL, NULL),
(796, 8, 329, 0, NULL, 0, '2013-11-08', '鈴木一郎', NULL, NULL, NULL, NULL, NULL, NULL),
(797, 8, 330, 0, NULL, 0, '2013-11-08', '鈴木一郎', NULL, NULL, NULL, NULL, NULL, NULL),
(798, 8, 331, 0, NULL, 0, '2013-11-08', '鈴木一郎', NULL, NULL, NULL, NULL, NULL, NULL),
(799, 8, 332, 0, NULL, 0, '2013-11-08', '鈴木一郎', NULL, NULL, NULL, NULL, NULL, NULL),
(800, 8, 333, 0, NULL, 0, '2013-11-08', '鈴木一郎', NULL, NULL, NULL, NULL, NULL, NULL),
(801, 8, 334, 0, NULL, 0, '2013-11-08', '鈴木一郎', NULL, NULL, NULL, NULL, NULL, NULL),
(802, 8, 29, 0, NULL, 0, '2013-11-08', '鈴木一郎', NULL, NULL, NULL, NULL, NULL, NULL),
(803, 8, 33, 0, NULL, 0, '2013-11-08', '鈴木一郎', NULL, NULL, NULL, NULL, NULL, NULL),
(804, 8, 487, 0, NULL, 0, '2013-11-08', '鈴木一郎', NULL, NULL, NULL, NULL, NULL, NULL),
(805, 8, 489, 0, NULL, 0, '2013-11-08', '鈴木一郎', NULL, NULL, NULL, NULL, NULL, NULL),
(806, 9, 246, 4, NULL, 2, '2013-11-18', '鈴木一郎', NULL, NULL, NULL, NULL, NULL, NULL),
(807, 9, 247, 4, NULL, 2, '2013-11-18', '鈴木一郎', NULL, NULL, NULL, NULL, NULL, NULL),
(808, 9, 248, 4, NULL, 2, '2013-11-18', '鈴木一郎', NULL, NULL, NULL, NULL, NULL, NULL),
(809, 9, 249, 4, NULL, 2, '2013-11-18', '鈴木一郎', NULL, NULL, NULL, NULL, NULL, NULL),
(810, 9, 250, 4, NULL, 2, '2013-11-18', '鈴木一郎', NULL, NULL, NULL, NULL, NULL, NULL),
(811, 9, 251, 4, NULL, 2, '2013-11-18', '鈴木一郎', NULL, NULL, NULL, NULL, NULL, NULL),
(812, 9, 252, 4, NULL, 2, '2013-11-18', '鈴木一郎', NULL, NULL, NULL, NULL, NULL, NULL),
(813, 9, 253, 4, NULL, 2, '2013-11-18', '鈴木一郎', NULL, NULL, NULL, NULL, NULL, NULL),
(814, 9, 254, 4, NULL, 2, '2013-11-18', '鈴木一郎', NULL, NULL, NULL, NULL, NULL, NULL),
(815, 9, 255, 4, NULL, 2, '2013-11-18', '鈴木一郎', NULL, NULL, NULL, NULL, NULL, NULL),
(816, 9, 256, 4, NULL, 2, '2013-11-18', '鈴木一郎', NULL, NULL, NULL, NULL, NULL, NULL),
(817, 9, 257, 4, NULL, 2, '2013-11-18', '鈴木一郎', NULL, NULL, NULL, NULL, NULL, NULL),
(818, 9, 258, 4, NULL, 2, '2013-11-18', '鈴木一郎', NULL, NULL, NULL, NULL, NULL, NULL),
(819, 9, 259, 4, NULL, 2, '2013-11-18', '鈴木一郎', NULL, NULL, NULL, NULL, NULL, NULL),
(820, 9, 260, 4, NULL, 2, '2013-11-18', '鈴木一郎', NULL, NULL, NULL, NULL, NULL, NULL),
(821, 9, 261, 4, NULL, 2, '2013-11-18', '鈴木一郎', NULL, NULL, NULL, NULL, NULL, NULL),
(822, 9, 262, 4, NULL, 2, '2013-11-18', '鈴木一郎', NULL, NULL, NULL, NULL, NULL, NULL),
(823, 9, 263, 4, NULL, 2, '2013-11-18', '鈴木一郎', NULL, NULL, NULL, NULL, NULL, NULL),
(824, 9, 264, 4, NULL, 2, '2013-11-18', '鈴木一郎', NULL, NULL, NULL, NULL, NULL, NULL),
(825, 9, 265, 4, NULL, 2, '2013-11-18', '鈴木一郎', NULL, NULL, NULL, NULL, NULL, NULL),
(826, 9, 266, 4, NULL, 2, '2013-11-18', '鈴木一郎', NULL, NULL, NULL, NULL, NULL, NULL),
(827, 9, 267, 4, NULL, 2, '2013-11-18', '鈴木一郎', NULL, NULL, NULL, NULL, NULL, NULL),
(828, 9, 268, 4, NULL, 2, '2013-11-18', '鈴木一郎', NULL, NULL, NULL, NULL, NULL, NULL),
(829, 9, 269, 4, NULL, 2, '2013-11-18', '鈴木一郎', NULL, NULL, NULL, NULL, NULL, NULL),
(830, 9, 270, 4, NULL, 2, '2013-11-18', '鈴木一郎', NULL, NULL, NULL, NULL, NULL, NULL),
(831, 9, 271, 4, NULL, 2, '2013-11-18', '鈴木一郎', NULL, NULL, NULL, NULL, NULL, NULL),
(832, 9, 272, 4, NULL, 2, '2013-11-18', '鈴木一郎', NULL, NULL, NULL, NULL, NULL, NULL),
(833, 9, 273, 4, NULL, 2, '2013-11-18', '鈴木一郎', NULL, NULL, NULL, NULL, NULL, NULL),
(834, 9, 274, 4, NULL, 2, '2013-11-18', '鈴木一郎', NULL, NULL, NULL, NULL, NULL, NULL),
(835, 9, 275, 4, NULL, 2, '2013-11-18', '鈴木一郎', NULL, NULL, NULL, NULL, NULL, NULL),
(836, 9, 276, 4, NULL, 2, '2013-11-18', '鈴木一郎', NULL, NULL, NULL, NULL, NULL, NULL),
(837, 9, 277, 4, NULL, 2, '2013-11-18', '鈴木一郎', NULL, NULL, NULL, NULL, NULL, NULL),
(838, 9, 278, 4, NULL, 2, '2013-11-18', '鈴木一郎', NULL, NULL, NULL, NULL, NULL, NULL),
(839, 9, 279, 4, NULL, 2, '2013-11-18', '鈴木一郎', NULL, NULL, NULL, NULL, NULL, NULL),
(840, 9, 280, 4, NULL, 2, '2013-11-18', '鈴木一郎', NULL, NULL, NULL, NULL, NULL, NULL),
(841, 9, 281, 4, NULL, 2, '2013-11-18', '鈴木一郎', NULL, NULL, NULL, NULL, NULL, NULL),
(842, 9, 282, 4, NULL, 2, '2013-11-18', '鈴木一郎', NULL, NULL, NULL, NULL, NULL, NULL),
(843, 9, 283, 4, NULL, 2, '2013-11-18', '鈴木一郎', NULL, NULL, NULL, NULL, NULL, NULL),
(844, 9, 284, 4, NULL, 2, '2013-11-18', '鈴木一郎', NULL, NULL, NULL, NULL, NULL, NULL),
(845, 9, 285, 4, NULL, 2, '2013-11-18', '鈴木一郎', NULL, NULL, NULL, NULL, NULL, NULL),
(846, 9, 286, 4, NULL, 2, '2013-11-18', '鈴木一郎', NULL, NULL, NULL, NULL, NULL, NULL),
(847, 9, 287, 4, NULL, 2, '2013-11-18', '鈴木一郎', NULL, NULL, NULL, NULL, NULL, NULL),
(848, 9, 288, 4, NULL, 2, '2013-11-18', '鈴木一郎', NULL, NULL, NULL, NULL, NULL, NULL),
(849, 9, 289, 4, NULL, 2, '2013-11-18', '鈴木一郎', NULL, NULL, NULL, NULL, NULL, NULL),
(850, 9, 290, 4, NULL, 2, '2013-11-18', '鈴木一郎', NULL, NULL, NULL, NULL, NULL, NULL),
(851, 9, 291, 4, NULL, 2, '2013-11-18', '鈴木一郎', NULL, NULL, NULL, NULL, NULL, NULL),
(852, 9, 292, 4, NULL, 2, '2013-11-18', '鈴木一郎', NULL, NULL, NULL, NULL, NULL, NULL),
(853, 9, 293, 4, NULL, 2, '2013-11-18', '鈴木一郎', NULL, NULL, NULL, NULL, NULL, NULL),
(854, 9, 294, 4, NULL, 2, '2013-11-18', '鈴木一郎', NULL, NULL, NULL, NULL, NULL, NULL),
(855, 9, 295, 4, NULL, 2, '2013-11-18', '鈴木一郎', NULL, NULL, NULL, NULL, NULL, NULL),
(856, 9, 296, 4, NULL, 2, '2013-11-18', '鈴木一郎', NULL, NULL, NULL, NULL, NULL, NULL),
(857, 9, 297, 4, NULL, 2, '2013-11-18', '鈴木一郎', NULL, NULL, NULL, NULL, NULL, NULL),
(858, 9, 298, 4, NULL, 2, '2013-11-18', '鈴木一郎', NULL, NULL, NULL, NULL, NULL, NULL),
(859, 9, 299, 4, NULL, 2, '2013-11-18', '鈴木一郎', NULL, NULL, NULL, NULL, NULL, NULL),
(860, 9, 300, 4, NULL, 2, '2013-11-18', '鈴木一郎', NULL, NULL, NULL, NULL, NULL, NULL),
(861, 9, 301, 4, NULL, 2, '2013-11-18', '鈴木一郎', NULL, NULL, NULL, NULL, NULL, NULL),
(862, 9, 302, 4, NULL, 2, '2013-11-18', '鈴木一郎', NULL, NULL, NULL, NULL, NULL, NULL),
(863, 9, 303, 4, NULL, 2, '2013-11-18', '鈴木一郎', NULL, NULL, NULL, NULL, NULL, NULL),
(864, 9, 304, 4, NULL, 2, '2013-11-18', '鈴木一郎', NULL, NULL, NULL, NULL, NULL, NULL),
(865, 9, 305, 1, NULL, 1, '2013-11-18', '鈴木一郎', NULL, NULL, NULL, NULL, NULL, NULL),
(866, 9, 306, 1, NULL, 1, '2013-11-18', '鈴木一郎', NULL, NULL, NULL, NULL, NULL, NULL),
(867, 9, 307, 2, NULL, 1, '2013-11-18', '鈴木一郎', NULL, NULL, NULL, NULL, NULL, NULL),
(868, 9, 308, 1, NULL, 1, '2013-11-18', '鈴木一郎', NULL, NULL, NULL, NULL, NULL, NULL),
(869, 9, 309, 2, NULL, 1, '2013-11-18', '鈴木一郎', NULL, NULL, NULL, NULL, NULL, NULL),
(870, 9, 310, 1, NULL, 1, '2013-11-18', '鈴木一郎', NULL, NULL, NULL, NULL, NULL, NULL),
(871, 9, 311, 1, NULL, 1, '2013-11-18', '鈴木一郎', NULL, NULL, NULL, NULL, NULL, NULL),
(872, 9, 312, 1, NULL, 1, '2013-11-18', '鈴木一郎', NULL, NULL, NULL, NULL, NULL, NULL),
(873, 9, 313, 1, NULL, 1, '2013-11-18', '鈴木一郎', NULL, NULL, NULL, NULL, NULL, NULL),
(874, 9, 314, 2, NULL, 1, '2013-11-18', '鈴木一郎', NULL, NULL, NULL, NULL, NULL, NULL),
(875, 9, 315, 1, NULL, 1, '2013-11-18', '鈴木一郎', NULL, NULL, NULL, NULL, NULL, NULL),
(876, 9, 316, 1, NULL, 1, '2013-11-18', '鈴木一郎', NULL, NULL, NULL, NULL, NULL, NULL),
(877, 9, 317, 1, NULL, 1, '2013-11-18', '鈴木一郎', NULL, NULL, NULL, NULL, NULL, NULL),
(878, 9, 318, 1, NULL, 1, '2013-11-18', '鈴木一郎', NULL, NULL, NULL, NULL, NULL, NULL),
(879, 9, 319, 4, NULL, 2, '2013-11-18', '鈴木一郎', NULL, NULL, NULL, NULL, NULL, NULL),
(880, 9, 320, 4, NULL, 2, '2013-11-18', '鈴木一郎', NULL, NULL, NULL, NULL, NULL, NULL),
(881, 9, 321, 4, NULL, 2, '2013-11-18', '鈴木一郎', NULL, NULL, NULL, NULL, NULL, NULL),
(882, 9, 322, 4, NULL, 2, '2013-11-18', '鈴木一郎', NULL, NULL, NULL, NULL, NULL, NULL),
(883, 9, 323, 4, NULL, 2, '2013-11-18', '鈴木一郎', NULL, NULL, NULL, NULL, NULL, NULL),
(884, 9, 324, 4, NULL, 2, '2013-11-18', '鈴木一郎', NULL, NULL, NULL, NULL, NULL, NULL),
(885, 9, 325, 4, NULL, 2, '2013-11-18', '鈴木一郎', NULL, NULL, NULL, NULL, NULL, NULL),
(886, 9, 326, 4, NULL, 2, '2013-11-18', '鈴木一郎', NULL, NULL, NULL, NULL, NULL, NULL),
(887, 9, 327, 4, NULL, 2, '2013-11-18', '鈴木一郎', NULL, NULL, NULL, NULL, NULL, NULL),
(888, 9, 328, 4, NULL, 2, '2013-11-18', '鈴木一郎', NULL, NULL, NULL, NULL, NULL, NULL),
(889, 9, 329, 4, NULL, 2, '2013-11-18', '鈴木一郎', NULL, NULL, NULL, NULL, NULL, NULL),
(890, 9, 330, 4, NULL, 2, '2013-11-18', '鈴木一郎', NULL, NULL, NULL, NULL, NULL, NULL),
(891, 9, 331, 4, NULL, 2, '2013-11-18', '鈴木一郎', NULL, NULL, NULL, NULL, NULL, NULL),
(892, 9, 332, 4, NULL, 2, '2013-11-18', '鈴木一郎', NULL, NULL, NULL, NULL, NULL, NULL),
(893, 9, 333, 4, NULL, 2, '2013-11-18', '鈴木一郎', NULL, NULL, NULL, NULL, NULL, NULL),
(894, 9, 334, 4, NULL, 2, '2013-11-18', '鈴木一郎', NULL, NULL, NULL, NULL, NULL, NULL),
(895, 9, 29, 2, NULL, 1, '2013-11-18', '鈴木一郎', NULL, NULL, NULL, NULL, NULL, NULL),
(896, 9, 33, 1, NULL, 1, '2013-11-18', '鈴木一郎', NULL, NULL, NULL, NULL, NULL, NULL),
(897, 9, 487, 1, NULL, 1, '2013-11-18', '鈴木一郎', NULL, NULL, NULL, NULL, NULL, NULL),
(898, 13, 21, 4, NULL, 2, '2013-11-15', '鈴木四朗', NULL, NULL, NULL, NULL, NULL, NULL),
(899, 13, 22, 4, NULL, 2, '2013-11-15', '鈴木四朗', NULL, NULL, NULL, NULL, NULL, NULL),
(900, 13, 23, 4, NULL, 2, '2013-11-15', '鈴木四朗', NULL, NULL, NULL, NULL, NULL, NULL),
(901, 13, 24, 4, NULL, 2, '2013-11-15', '鈴木四朗', NULL, NULL, NULL, NULL, NULL, NULL),
(902, 13, 25, 4, NULL, 2, '2013-11-15', '鈴木四朗', NULL, NULL, NULL, NULL, NULL, NULL),
(903, 13, 26, 4, NULL, 2, '2013-11-15', '鈴木四朗', NULL, NULL, NULL, NULL, NULL, NULL),
(904, 13, 27, 4, NULL, 2, '2013-11-15', '鈴木四朗', NULL, NULL, NULL, NULL, NULL, NULL),
(905, 13, 28, 4, NULL, 2, '2013-11-15', '鈴木四朗', NULL, NULL, NULL, NULL, NULL, NULL),
(906, 13, 29, 4, NULL, 2, '2013-11-15', '鈴木四朗', NULL, NULL, NULL, NULL, NULL, NULL),
(907, 13, 30, 1, NULL, 1, '2013-11-15', '鈴木四朗', NULL, NULL, NULL, NULL, NULL, NULL),
(908, 13, 31, 1, NULL, 1, '2013-11-15', '鈴木四朗', NULL, NULL, NULL, NULL, NULL, NULL),
(909, 13, 32, 1, NULL, 1, '2013-11-15', '鈴木四朗', NULL, NULL, NULL, NULL, NULL, NULL),
(910, 13, 33, 1, NULL, 1, '2013-11-15', '鈴木四朗', NULL, NULL, NULL, NULL, NULL, NULL),
(911, 13, 34, 1, NULL, 1, '2013-11-15', '鈴木四朗', NULL, NULL, NULL, NULL, NULL, NULL),
(912, 13, 35, 1, NULL, 1, '2013-11-15', '鈴木四朗', NULL, NULL, NULL, NULL, NULL, NULL),
(913, 13, 36, 1, NULL, 1, '2013-11-15', '鈴木四朗', NULL, NULL, NULL, NULL, NULL, NULL),
(914, 13, 37, 1, NULL, 1, '2013-11-15', '鈴木四朗', NULL, NULL, NULL, NULL, NULL, NULL),
(915, 13, 38, 1, NULL, 1, '2013-11-15', '鈴木四朗', NULL, NULL, NULL, NULL, NULL, NULL),
(916, 13, 39, 1, NULL, 1, '2013-11-15', '鈴木四朗', NULL, NULL, NULL, NULL, NULL, NULL),
(917, 13, 40, 1, NULL, 1, '2013-11-15', '鈴木四朗', NULL, NULL, NULL, NULL, NULL, NULL),
(918, 13, 41, 1, NULL, 1, '2013-11-15', '鈴木四朗', NULL, NULL, NULL, NULL, NULL, NULL),
(919, 13, 42, 1, NULL, 1, '2013-11-15', '鈴木四朗', NULL, NULL, NULL, NULL, NULL, NULL),
(920, 13, 43, 2, NULL, 1, '2013-11-15', '鈴木四朗', NULL, NULL, NULL, NULL, NULL, NULL),
(921, 13, 44, 1, NULL, 1, '2013-11-15', '鈴木四朗', NULL, NULL, NULL, NULL, NULL, NULL),
(922, 13, 45, 1, NULL, 1, '2013-11-15', '鈴木四朗', NULL, NULL, NULL, NULL, NULL, NULL),
(923, 13, 46, 1, NULL, 1, '2013-11-15', '鈴木四朗', NULL, NULL, NULL, NULL, NULL, NULL),
(924, 13, 47, 4, NULL, 2, '2013-11-15', '鈴木四朗', NULL, NULL, NULL, NULL, NULL, NULL),
(925, 13, 48, 4, NULL, 2, '2013-11-15', '鈴木四朗', NULL, NULL, NULL, NULL, NULL, NULL),
(926, 13, 49, 4, NULL, 2, '2013-11-15', '鈴木四朗', NULL, NULL, NULL, NULL, NULL, NULL),
(927, 13, 50, 4, NULL, 2, '2013-11-15', '鈴木四朗', NULL, NULL, NULL, NULL, NULL, NULL),
(928, 13, 51, 4, NULL, 2, '2013-11-15', '鈴木四朗', NULL, NULL, NULL, NULL, NULL, NULL),
(929, 13, 52, 4, NULL, 2, '2013-11-15', '鈴木四朗', NULL, NULL, NULL, NULL, NULL, NULL),
(930, 13, 53, 4, NULL, 2, '2013-11-15', '鈴木四朗', NULL, NULL, NULL, NULL, NULL, NULL),
(931, 13, 54, 4, NULL, 2, '2013-11-15', '鈴木四朗', NULL, NULL, NULL, NULL, NULL, NULL),
(932, 13, 55, 4, NULL, 2, '2013-11-15', '鈴木四朗', NULL, NULL, NULL, NULL, NULL, NULL),
(933, 13, 56, 4, NULL, 2, '2013-11-15', '鈴木四朗', NULL, NULL, NULL, NULL, NULL, NULL),
(934, 13, 57, 4, NULL, 2, '2013-11-15', '鈴木四朗', NULL, NULL, NULL, NULL, NULL, NULL),
(935, 13, 58, 4, NULL, 2, '2013-11-15', '鈴木四朗', NULL, NULL, NULL, NULL, NULL, NULL),
(936, 13, 59, 4, NULL, 2, '2013-11-15', '鈴木四朗', NULL, NULL, NULL, NULL, NULL, NULL),
(937, 13, 60, 4, NULL, 2, '2013-11-15', '鈴木四朗', NULL, NULL, NULL, NULL, NULL, NULL),
(938, 13, 61, 4, NULL, 2, '2013-11-15', '鈴木四朗', NULL, NULL, NULL, NULL, NULL, NULL),
(939, 13, 62, 4, NULL, 2, '2013-11-15', '鈴木四朗', NULL, NULL, NULL, NULL, NULL, NULL),
(940, 13, 64, 4, NULL, 2, '2013-11-15', '鈴木四朗', NULL, NULL, NULL, NULL, NULL, NULL),
(941, 13, 65, 1, NULL, 1, '2013-11-15', '鈴木四朗', NULL, NULL, NULL, NULL, NULL, NULL),
(942, 13, 66, 1, NULL, 1, '2013-11-15', '鈴木四朗', NULL, NULL, NULL, NULL, NULL, NULL),
(943, 13, 67, 1, NULL, 1, '2013-11-15', '鈴木四朗', NULL, NULL, NULL, NULL, NULL, NULL),
(944, 13, 68, 2, NULL, 1, '2013-11-15', '鈴木四朗', NULL, NULL, NULL, NULL, NULL, NULL),
(945, 13, 69, 2, NULL, 1, '2013-11-15', '鈴木四朗', NULL, NULL, NULL, NULL, NULL, NULL),
(946, 13, 70, 1, NULL, 1, '2013-11-15', '鈴木四朗', NULL, NULL, NULL, NULL, NULL, NULL),
(947, 13, 71, 2, NULL, 1, '2013-11-15', '鈴木四朗', NULL, NULL, NULL, NULL, NULL, NULL),
(948, 13, 72, 1, NULL, 1, '2013-11-15', '鈴木四朗', NULL, NULL, NULL, NULL, NULL, NULL),
(949, 13, 73, 4, NULL, 2, '2013-11-15', '鈴木四朗', NULL, NULL, NULL, NULL, NULL, NULL),
(950, 13, 74, 4, NULL, 2, '2013-11-15', '鈴木四朗', NULL, NULL, NULL, NULL, NULL, NULL),
(951, 13, 75, 4, NULL, 2, '2013-11-15', '鈴木四朗', NULL, NULL, NULL, NULL, NULL, NULL),
(952, 13, 76, 4, NULL, 2, '2013-11-15', '鈴木四朗', NULL, NULL, NULL, NULL, NULL, NULL),
(953, 13, 77, 4, NULL, 2, '2013-11-15', '鈴木四朗', NULL, NULL, NULL, NULL, NULL, NULL),
(954, 13, 78, 4, NULL, 2, '2013-11-15', '鈴木四朗', NULL, NULL, NULL, NULL, NULL, NULL),
(955, 13, 79, 4, NULL, 2, '2013-11-15', '鈴木四朗', NULL, NULL, NULL, NULL, NULL, NULL),
(956, 13, 80, 4, NULL, 2, '2013-11-15', '鈴木四朗', NULL, NULL, NULL, NULL, NULL, NULL),
(957, 13, 81, 4, NULL, 2, '2013-11-15', '鈴木四朗', NULL, NULL, NULL, NULL, NULL, NULL),
(958, 13, 82, 4, NULL, 2, '2013-11-15', '鈴木四朗', NULL, NULL, NULL, NULL, NULL, NULL),
(959, 13, 83, 4, NULL, 2, '2013-11-15', '鈴木四朗', NULL, NULL, NULL, NULL, NULL, NULL),
(960, 13, 84, 4, NULL, 2, '2013-11-15', '鈴木四朗', NULL, NULL, NULL, NULL, NULL, NULL),
(961, 13, 85, 4, NULL, 2, '2013-11-15', '鈴木四朗', NULL, NULL, NULL, NULL, NULL, NULL),
(962, 13, 86, 1, NULL, 1, '2013-11-15', '鈴木四朗', NULL, NULL, NULL, NULL, NULL, NULL),
(963, 13, 87, 1, NULL, 1, '2013-11-15', '鈴木四朗', NULL, NULL, NULL, NULL, NULL, NULL),
(964, 13, 88, 1, NULL, 1, '2013-11-15', '鈴木四朗', NULL, NULL, NULL, NULL, NULL, NULL),
(965, 13, 89, 1, NULL, 1, '2013-11-15', '鈴木四朗', NULL, NULL, NULL, NULL, NULL, NULL),
(966, 13, 90, 1, NULL, 1, '2013-11-15', '鈴木四朗', NULL, NULL, NULL, NULL, NULL, NULL),
(967, 13, 91, 1, NULL, 1, '2013-11-15', '鈴木四朗', NULL, NULL, NULL, NULL, NULL, NULL),
(968, 13, 92, 2, NULL, 1, '2013-11-15', '鈴木四朗', NULL, NULL, NULL, NULL, NULL, NULL),
(969, 13, 93, 1, NULL, 1, '2013-11-15', '鈴木四朗', NULL, NULL, NULL, NULL, NULL, NULL),
(970, 13, 94, 1, NULL, 1, '2013-11-15', '鈴木四朗', NULL, NULL, NULL, NULL, NULL, NULL),
(971, 13, 95, 1, NULL, 1, '2013-11-15', '鈴木四朗', NULL, NULL, NULL, NULL, NULL, NULL),
(972, 13, 96, 2, NULL, 1, '2013-11-15', '鈴木四朗', NULL, NULL, NULL, NULL, NULL, NULL),
(973, 13, 97, 4, NULL, 2, '2013-11-15', '鈴木四朗', NULL, NULL, NULL, NULL, NULL, NULL),
(974, 13, 98, 4, NULL, 2, '2013-11-15', '鈴木四朗', NULL, NULL, NULL, NULL, NULL, NULL),
(975, 13, 99, 4, NULL, 2, '2013-11-15', '鈴木四朗', NULL, NULL, NULL, NULL, NULL, NULL),
(976, 13, 100, 4, NULL, 2, '2013-11-15', '鈴木四朗', NULL, NULL, NULL, NULL, NULL, NULL),
(977, 13, 101, 4, NULL, 2, '2013-11-15', '鈴木四朗', NULL, NULL, NULL, NULL, NULL, NULL),
(978, 13, 102, 4, NULL, 2, '2013-11-15', '鈴木四朗', NULL, NULL, NULL, NULL, NULL, NULL),
(979, 13, 103, 4, NULL, 2, '2013-11-15', '鈴木四朗', NULL, NULL, NULL, NULL, NULL, NULL),
(980, 13, 104, 4, NULL, 2, '2013-11-15', '鈴木四朗', NULL, NULL, NULL, NULL, NULL, NULL),
(981, 13, 105, 4, NULL, 2, '2013-11-15', '鈴木四朗', NULL, NULL, NULL, NULL, NULL, NULL),
(982, 13, 106, 4, NULL, 2, '2013-11-15', '鈴木四朗', NULL, NULL, NULL, NULL, NULL, NULL),
(983, 13, 107, 4, NULL, 2, '2013-11-15', '鈴木四朗', NULL, NULL, NULL, NULL, NULL, NULL),
(984, 13, 111, 1, NULL, 1, '2013-11-15', '鈴木四朗', NULL, NULL, NULL, NULL, NULL, NULL),
(985, 13, 112, 1, NULL, 1, '2013-11-15', '鈴木四朗', NULL, NULL, NULL, NULL, NULL, NULL),
(986, 13, 113, 1, NULL, 1, '2013-11-15', '鈴木四朗', NULL, NULL, NULL, NULL, NULL, NULL),
(987, 13, 114, 1, NULL, 1, '2013-11-15', '鈴木四朗', NULL, NULL, NULL, NULL, NULL, NULL),
(988, 13, 115, 2, NULL, 1, '2013-11-15', '鈴木四朗', NULL, NULL, NULL, NULL, NULL, NULL),
(989, 13, 116, 1, NULL, 1, '2013-11-15', '鈴木四朗', NULL, NULL, NULL, NULL, NULL, NULL),
(990, 13, 117, 1, NULL, 1, '2013-11-15', '鈴木四朗', NULL, NULL, NULL, NULL, NULL, NULL),
(991, 13, 118, 1, NULL, 1, '2013-11-15', '鈴木四朗', NULL, NULL, NULL, NULL, NULL, NULL),
(992, 13, 119, 1, NULL, 1, '2013-11-15', '鈴木四朗', NULL, NULL, NULL, NULL, NULL, NULL),
(993, 13, 120, 2, NULL, 1, '2013-11-15', '鈴木四朗', NULL, NULL, NULL, NULL, NULL, NULL),
(994, 13, 121, 1, NULL, 1, '2013-11-15', '鈴木四朗', NULL, NULL, NULL, NULL, NULL, NULL),
(995, 13, 122, 1, NULL, 1, '2013-11-15', '鈴木四朗', NULL, NULL, NULL, NULL, NULL, NULL),
(996, 13, 123, 1, NULL, 1, '2013-11-15', '鈴木四朗', NULL, NULL, NULL, NULL, NULL, NULL),
(997, 13, 127, 1, NULL, 1, '2013-11-15', '鈴木四朗', NULL, NULL, NULL, NULL, NULL, NULL),
(998, 13, 128, 1, NULL, 1, '2013-11-15', '鈴木四朗', NULL, NULL, NULL, NULL, NULL, NULL),
(999, 13, 129, 1, NULL, 1, '2013-11-15', '鈴木四朗', NULL, NULL, NULL, NULL, NULL, NULL),
(1000, 13, 130, 1, NULL, 1, '2013-11-15', '鈴木四朗', NULL, NULL, NULL, NULL, NULL, NULL),
(1001, 13, 131, 1, NULL, 1, '2013-11-15', '鈴木四朗', NULL, NULL, NULL, NULL, NULL, NULL),
(1002, 13, 132, 1, NULL, 1, '2013-11-15', '鈴木四朗', NULL, NULL, NULL, NULL, NULL, NULL),
(1003, 13, 133, 1, NULL, 1, '2013-11-15', '鈴木四朗', NULL, NULL, NULL, NULL, NULL, NULL),
(1004, 13, 134, 1, NULL, 1, '2013-11-15', '鈴木四朗', NULL, NULL, NULL, NULL, NULL, NULL),
(1005, 13, 135, 4, NULL, 2, '2013-11-15', '鈴木四朗', NULL, NULL, NULL, NULL, NULL, NULL),
(1006, 13, 136, 4, NULL, 2, '2013-11-15', '鈴木四朗', NULL, NULL, NULL, NULL, NULL, NULL),
(1007, 13, 137, 4, NULL, 2, '2013-11-15', '鈴木四朗', NULL, NULL, NULL, NULL, NULL, NULL),
(1008, 13, 138, 4, NULL, 2, '2013-11-15', '鈴木四朗', NULL, NULL, NULL, NULL, NULL, NULL),
(1009, 13, 139, 4, NULL, 2, '2013-11-15', '鈴木四朗', NULL, NULL, NULL, NULL, NULL, NULL),
(1010, 13, 140, 4, NULL, 2, '2013-11-15', '鈴木四朗', NULL, NULL, NULL, NULL, NULL, NULL),
(1011, 13, 141, 4, NULL, 2, '2013-11-15', '鈴木四朗', NULL, NULL, NULL, NULL, NULL, NULL),
(1012, 13, 142, 4, NULL, 2, '2013-11-15', '鈴木四朗', NULL, NULL, NULL, NULL, NULL, NULL),
(1013, 13, 143, 4, NULL, 2, '2013-11-15', '鈴木四朗', NULL, NULL, NULL, NULL, NULL, NULL),
(1014, 13, 144, 4, NULL, 2, '2013-11-15', '鈴木四朗', NULL, NULL, NULL, NULL, NULL, NULL),
(1015, 13, 145, 4, NULL, 2, '2013-11-15', '鈴木四朗', NULL, NULL, NULL, NULL, NULL, NULL),
(1016, 13, 146, 4, NULL, 2, '2013-11-15', '鈴木四朗', NULL, NULL, NULL, NULL, NULL, NULL),
(1017, 13, 147, 4, NULL, 2, '2013-11-15', '鈴木四朗', NULL, NULL, NULL, NULL, NULL, NULL),
(1018, 13, 148, 4, NULL, 2, '2013-11-15', '鈴木四朗', NULL, NULL, NULL, NULL, NULL, NULL),
(1019, 13, 149, 4, NULL, 2, '2013-11-15', '鈴木四朗', NULL, NULL, NULL, NULL, NULL, NULL),
(1020, 13, 150, 4, NULL, 2, '2013-11-15', '鈴木四朗', NULL, NULL, NULL, NULL, NULL, NULL),
(1021, 13, 151, 1, NULL, 1, '2013-11-15', '鈴木四朗', NULL, NULL, NULL, NULL, NULL, NULL),
(1022, 13, 152, 1, NULL, 1, '2013-11-15', '鈴木四朗', NULL, NULL, NULL, NULL, NULL, NULL),
(1023, 13, 153, 1, NULL, 1, '2013-11-15', '鈴木四朗', NULL, NULL, NULL, NULL, NULL, NULL),
(1024, 13, 154, 1, NULL, 1, '2013-11-15', '鈴木四朗', NULL, NULL, NULL, NULL, NULL, NULL),
(1025, 13, 155, 1, NULL, 1, '2013-11-15', '鈴木四朗', NULL, NULL, NULL, NULL, NULL, NULL),
(1026, 13, 156, 1, NULL, 1, '2013-11-15', '鈴木四朗', NULL, NULL, NULL, NULL, NULL, NULL),
(1027, 13, 157, 1, NULL, 1, '2013-11-15', '鈴木四朗', NULL, NULL, NULL, NULL, NULL, NULL),
(1028, 13, 158, 1, NULL, 1, '2013-11-15', '鈴木四朗', NULL, NULL, NULL, NULL, NULL, NULL),
(1029, 13, 159, 1, NULL, 1, '2013-11-15', '鈴木四朗', NULL, NULL, NULL, NULL, NULL, NULL),
(1030, 13, 160, 1, NULL, 1, '2013-11-15', '鈴木四朗', NULL, NULL, NULL, NULL, NULL, NULL),
(1031, 13, 161, 1, NULL, 1, '2013-11-15', '鈴木四朗', NULL, NULL, NULL, NULL, NULL, NULL),
(1032, 13, 162, 1, NULL, 1, '2013-11-15', '鈴木四朗', NULL, NULL, NULL, NULL, NULL, NULL),
(1033, 13, 163, 2, NULL, 1, '2013-11-15', '鈴木四朗', NULL, NULL, NULL, NULL, NULL, NULL),
(1034, 13, 164, 1, NULL, 1, '2013-11-15', '鈴木四朗', NULL, NULL, NULL, NULL, NULL, NULL),
(1035, 13, 165, 1, NULL, 1, '2013-11-15', '鈴木四朗', NULL, NULL, NULL, NULL, NULL, NULL),
(1036, 13, 166, 1, NULL, 1, '2013-11-15', '鈴木四朗', NULL, NULL, NULL, NULL, NULL, NULL),
(1037, 13, 167, 1, NULL, 1, '2013-11-15', '鈴木四朗', NULL, NULL, NULL, NULL, NULL, NULL),
(1038, 13, 168, 1, NULL, 1, '2013-11-15', '鈴木四朗', NULL, NULL, NULL, NULL, NULL, NULL),
(1039, 13, 169, 1, NULL, 1, '2013-11-15', '鈴木四朗', NULL, NULL, NULL, NULL, NULL, NULL),
(1040, 13, 170, 2, NULL, 1, '2013-11-15', '鈴木四朗', NULL, NULL, NULL, NULL, NULL, NULL),
(1041, 13, 171, 1, NULL, 1, '2013-11-15', '鈴木四朗', NULL, NULL, NULL, NULL, NULL, NULL),
(1042, 13, 172, 1, NULL, 1, '2013-11-15', '鈴木四朗', NULL, NULL, NULL, NULL, NULL, NULL),
(1043, 13, 173, 1, NULL, 1, '2013-11-15', '鈴木四朗', NULL, NULL, NULL, NULL, NULL, NULL),
(1044, 13, 174, 1, NULL, 1, '2013-11-15', '鈴木四朗', NULL, NULL, NULL, NULL, NULL, NULL),
(1045, 13, 175, 1, NULL, 1, '2013-11-15', '鈴木四朗', NULL, NULL, NULL, NULL, NULL, NULL),
(1046, 13, 176, 1, NULL, 1, '2013-11-15', '鈴木四朗', NULL, NULL, NULL, NULL, NULL, NULL),
(1047, 13, 177, 1, NULL, 1, '2013-11-15', '鈴木四朗', NULL, NULL, NULL, NULL, NULL, NULL),
(1048, 13, 178, 1, NULL, 1, '2013-11-15', '鈴木四朗', NULL, NULL, NULL, NULL, NULL, NULL),
(1049, 13, 179, 1, NULL, 1, '2013-11-15', '鈴木四朗', NULL, NULL, NULL, NULL, NULL, NULL),
(1050, 13, 180, 1, NULL, 1, '2013-11-15', '鈴木四朗', NULL, NULL, NULL, NULL, NULL, NULL),
(1051, 13, 181, 1, NULL, 1, '2013-11-15', '鈴木四朗', NULL, NULL, NULL, NULL, NULL, NULL),
(1052, 13, 182, 1, NULL, 1, '2013-11-15', '鈴木四朗', NULL, NULL, NULL, NULL, NULL, NULL),
(1053, 13, 183, 1, NULL, 1, '2013-11-15', '鈴木四朗', NULL, NULL, NULL, NULL, NULL, NULL),
(1054, 13, 184, 1, NULL, 1, '2013-11-15', '鈴木四朗', NULL, NULL, NULL, NULL, NULL, NULL),
(1055, 13, 185, 1, NULL, 1, '2013-11-15', '鈴木四朗', NULL, NULL, NULL, NULL, NULL, NULL),
(1056, 13, 186, 1, NULL, 1, '2013-11-15', '鈴木四朗', NULL, NULL, NULL, NULL, NULL, NULL),
(1057, 13, 187, 1, NULL, 1, '2013-11-15', '鈴木四朗', NULL, NULL, NULL, NULL, NULL, NULL),
(1058, 13, 188, 1, NULL, 1, '2013-11-15', '鈴木四朗', NULL, NULL, NULL, NULL, NULL, NULL),
(1059, 13, 189, 1, NULL, 1, '2013-11-15', '鈴木四朗', NULL, NULL, NULL, NULL, NULL, NULL),
(1060, 13, 190, 1, NULL, 1, '2013-11-15', '鈴木四朗', NULL, NULL, NULL, NULL, NULL, NULL),
(1061, 13, 191, 1, NULL, 1, '2013-11-15', '鈴木四朗', NULL, NULL, NULL, NULL, NULL, NULL),
(1062, 13, 192, 1, NULL, 1, '2013-11-15', '鈴木四朗', NULL, NULL, NULL, NULL, NULL, NULL),
(1063, 13, 193, 1, NULL, 1, '2013-11-15', '鈴木四朗', NULL, NULL, NULL, NULL, NULL, NULL),
(1064, 13, 194, 1, NULL, 1, '2013-11-15', '鈴木四朗', NULL, NULL, NULL, NULL, NULL, NULL),
(1065, 13, 195, 1, NULL, 1, '2013-11-15', '鈴木四朗', NULL, NULL, NULL, NULL, NULL, NULL),
(1066, 13, 196, 1, NULL, 1, '2013-11-15', '鈴木四朗', NULL, NULL, NULL, NULL, NULL, NULL),
(1067, 13, 201, 1, NULL, 1, '2013-11-15', '鈴木四朗', NULL, NULL, NULL, NULL, NULL, NULL),
(1068, 13, 202, 1, NULL, 1, '2013-11-15', '鈴木四朗', NULL, NULL, NULL, NULL, NULL, NULL),
(1069, 13, 203, 1, NULL, 1, '2013-11-15', '鈴木四朗', NULL, NULL, NULL, NULL, NULL, NULL),
(1070, 13, 204, 1, NULL, 1, '2013-11-15', '鈴木四朗', NULL, NULL, NULL, NULL, NULL, NULL),
(1071, 13, 205, 1, NULL, 1, '2013-11-15', '鈴木四朗', NULL, NULL, NULL, NULL, NULL, NULL),
(1072, 13, 206, 1, NULL, 1, '2013-11-15', '鈴木四朗', NULL, NULL, NULL, NULL, NULL, NULL),
(1073, 13, 207, 1, NULL, 1, '2013-11-15', '鈴木四朗', NULL, NULL, NULL, NULL, NULL, NULL),
(1074, 13, 208, 1, NULL, 1, '2013-11-15', '鈴木四朗', NULL, NULL, NULL, NULL, NULL, NULL),
(1075, 13, 209, 1, NULL, 1, '2013-11-15', '鈴木四朗', NULL, NULL, NULL, NULL, NULL, NULL),
(1076, 13, 210, 4, NULL, 2, '2013-11-15', '鈴木四朗', NULL, NULL, NULL, NULL, NULL, NULL),
(1077, 13, 211, 4, NULL, 2, '2013-11-15', '鈴木四朗', NULL, NULL, NULL, NULL, NULL, NULL),
(1078, 13, 213, 4, NULL, 2, '2013-11-15', '鈴木四朗', NULL, NULL, NULL, NULL, NULL, NULL),
(1079, 13, 214, 4, NULL, 2, '2013-11-15', '鈴木四朗', NULL, NULL, NULL, NULL, NULL, NULL),
(1080, 13, 215, 4, NULL, 2, '2013-11-15', '鈴木四朗', NULL, NULL, NULL, NULL, NULL, NULL),
(1081, 13, 216, 4, NULL, 2, '2013-11-15', '鈴木四朗', NULL, NULL, NULL, NULL, NULL, NULL),
(1082, 13, 217, 4, NULL, 2, '2013-11-15', '鈴木四朗', NULL, NULL, NULL, NULL, NULL, NULL),
(1083, 13, 218, 4, NULL, 2, '2013-11-15', '鈴木四朗', NULL, NULL, NULL, NULL, NULL, NULL),
(1084, 13, 219, 4, NULL, 2, '2013-11-15', '鈴木四朗', NULL, NULL, NULL, NULL, NULL, NULL),
(1085, 13, 220, 4, NULL, 2, '2013-11-15', '鈴木四朗', NULL, NULL, NULL, NULL, NULL, NULL),
(1086, 13, 221, 4, NULL, 2, '2013-11-15', '鈴木四朗', NULL, NULL, NULL, NULL, NULL, NULL),
(1087, 13, 222, 4, NULL, 2, '2013-11-15', '鈴木四朗', NULL, NULL, NULL, NULL, NULL, NULL),
(1088, 13, 223, 4, NULL, 2, '2013-11-15', '鈴木四朗', NULL, NULL, NULL, NULL, NULL, NULL),
(1089, 13, 224, 4, NULL, 2, '2013-11-15', '鈴木四朗', NULL, NULL, NULL, NULL, NULL, NULL),
(1090, 13, 225, 4, NULL, 2, '2013-11-15', '鈴木四朗', NULL, NULL, NULL, NULL, NULL, NULL),
(1091, 13, 226, 4, NULL, 2, '2013-11-15', '鈴木四朗', NULL, NULL, NULL, NULL, NULL, NULL),
(1092, 13, 227, 4, NULL, 2, '2013-11-15', '鈴木四朗', NULL, NULL, NULL, NULL, NULL, NULL),
(1093, 13, 228, 4, NULL, 2, '2013-11-15', '鈴木四朗', NULL, NULL, NULL, NULL, NULL, NULL);
INSERT INTO `audit_details` (`audit_detail_id`, `audit_id`, `document_id`, `judgment`, `audit_detail_file_id`, `valid_flag`, `user_update_date`, `user_update_name`, `register_datetime`, `register_user`, `register_process`, `update_datetime`, `update_user`, `update_process`) VALUES
(1094, 13, 229, 4, NULL, 2, '2013-11-15', '鈴木四朗', NULL, NULL, NULL, NULL, NULL, NULL),
(1095, 13, 230, 4, NULL, 2, '2013-11-15', '鈴木四朗', NULL, NULL, NULL, NULL, NULL, NULL),
(1096, 13, 231, 1, NULL, 1, '2013-11-15', '鈴木四朗', NULL, NULL, NULL, NULL, NULL, NULL),
(1097, 13, 232, 1, NULL, 1, '2013-11-15', '鈴木四朗', NULL, NULL, NULL, NULL, NULL, NULL),
(1098, 13, 233, 1, NULL, 1, '2013-11-15', '鈴木四朗', NULL, NULL, NULL, NULL, NULL, NULL),
(1099, 13, 234, 1, NULL, 1, '2013-11-15', '鈴木四朗', NULL, NULL, NULL, NULL, NULL, NULL),
(1100, 13, 235, 1, NULL, 1, '2013-11-15', '鈴木四朗', NULL, NULL, NULL, NULL, NULL, NULL),
(1101, 13, 236, 1, NULL, 1, '2013-11-15', '鈴木四朗', NULL, NULL, NULL, NULL, NULL, NULL),
(1102, 13, 237, 1, NULL, 1, '2013-11-15', '鈴木四朗', NULL, NULL, NULL, NULL, NULL, NULL),
(1103, 13, 238, 1, NULL, 1, '2013-11-15', '鈴木四朗', NULL, NULL, NULL, NULL, NULL, NULL),
(1104, 13, 239, 1, NULL, 1, '2013-11-15', '鈴木四朗', NULL, NULL, NULL, NULL, NULL, NULL),
(1105, 13, 240, 1, NULL, 1, '2013-11-15', '鈴木四朗', NULL, NULL, NULL, NULL, NULL, NULL),
(1106, 13, 241, 1, NULL, 1, '2013-11-15', '鈴木四朗', NULL, NULL, NULL, NULL, NULL, NULL),
(1107, 13, 242, 1, NULL, 1, '2013-11-15', '鈴木四朗', NULL, NULL, NULL, NULL, NULL, NULL),
(1108, 13, 243, 1, NULL, 1, '2013-11-15', '鈴木四朗', NULL, NULL, NULL, NULL, NULL, NULL),
(1109, 13, 244, 1, NULL, 1, '2013-11-15', '鈴木四朗', NULL, NULL, NULL, NULL, NULL, NULL),
(1110, 13, 245, 1, NULL, 1, '2013-11-15', '鈴木四朗', NULL, NULL, NULL, NULL, NULL, NULL),
(1111, 13, 481, 1, NULL, 1, '2013-11-15', '鈴木四朗', NULL, NULL, NULL, NULL, NULL, NULL),
(1112, 13, 482, 1, NULL, 1, '2013-11-15', '鈴木四朗', NULL, NULL, NULL, NULL, NULL, NULL),
(1113, 13, 484, 1, NULL, 1, '2013-11-15', '鈴木四朗', NULL, NULL, NULL, NULL, NULL, NULL),
(1114, 13, 485, 1, NULL, 1, '2013-11-15', '鈴木四朗', NULL, NULL, NULL, NULL, NULL, NULL),
(1115, 13, 486, 1, NULL, 1, '2013-11-15', '鈴木四朗', NULL, NULL, NULL, NULL, NULL, NULL),
(1116, 14, 21, 2, NULL, 1, '2013-11-18', '鈴木一郎', NULL, NULL, NULL, NULL, NULL, NULL),
(1117, 14, 22, 2, NULL, 1, '2013-11-18', '鈴木一郎', NULL, NULL, NULL, NULL, NULL, NULL),
(1118, 14, 23, 2, NULL, 1, '2013-11-18', '鈴木一郎', NULL, NULL, NULL, NULL, NULL, NULL),
(1119, 14, 24, 2, NULL, 1, '2013-11-18', '鈴木一郎', NULL, NULL, NULL, NULL, NULL, NULL),
(1120, 14, 25, 2, NULL, 1, '2013-11-18', '鈴木一郎', NULL, NULL, NULL, NULL, NULL, NULL),
(1121, 14, 26, 2, NULL, 1, '2013-11-18', '鈴木一郎', NULL, NULL, NULL, NULL, NULL, NULL),
(1122, 14, 27, 1, NULL, 1, '2013-11-18', '鈴木一郎', NULL, NULL, NULL, NULL, NULL, NULL),
(1123, 14, 28, 1, NULL, 1, '2013-11-18', '鈴木一郎', NULL, NULL, NULL, NULL, NULL, NULL),
(1124, 14, 29, 3, NULL, 1, '2013-11-18', '鈴木一郎', NULL, NULL, NULL, NULL, NULL, NULL),
(1125, 14, 30, 2, NULL, 1, '2013-11-18', '鈴木一郎', NULL, NULL, NULL, NULL, NULL, NULL),
(1126, 14, 31, 1, NULL, 1, '2013-11-18', '鈴木一郎', NULL, NULL, NULL, NULL, NULL, NULL),
(1127, 14, 32, 2, NULL, 1, '2013-11-18', '鈴木一郎', NULL, NULL, NULL, NULL, NULL, NULL),
(1128, 14, 33, 2, NULL, 1, '2013-11-18', '鈴木一郎', NULL, NULL, NULL, NULL, NULL, NULL),
(1129, 14, 34, 3, NULL, 1, '2013-11-18', '鈴木一郎', NULL, NULL, NULL, NULL, NULL, NULL),
(1130, 14, 35, 2, NULL, 1, '2013-11-18', '鈴木一郎', NULL, NULL, NULL, NULL, NULL, NULL),
(1131, 14, 36, 2, NULL, 1, '2013-11-18', '鈴木一郎', NULL, NULL, NULL, NULL, NULL, NULL),
(1132, 14, 37, 1, NULL, 1, '2013-11-18', '鈴木一郎', NULL, NULL, NULL, NULL, NULL, NULL),
(1133, 14, 38, 1, NULL, 1, '2013-11-18', '鈴木一郎', NULL, NULL, NULL, NULL, NULL, NULL),
(1134, 14, 39, 2, NULL, 1, '2013-11-18', '鈴木一郎', NULL, NULL, NULL, NULL, NULL, NULL),
(1135, 14, 40, 1, NULL, 1, '2013-11-18', '鈴木一郎', NULL, NULL, NULL, NULL, NULL, NULL),
(1136, 14, 41, 2, NULL, 1, '2013-11-18', '鈴木一郎', NULL, NULL, NULL, NULL, NULL, NULL),
(1137, 14, 42, 1, NULL, 1, '2013-11-18', '鈴木一郎', NULL, NULL, NULL, NULL, NULL, NULL),
(1138, 14, 43, 2, NULL, 1, '2013-11-18', '鈴木一郎', NULL, NULL, NULL, NULL, NULL, NULL),
(1139, 14, 44, 1, NULL, 1, '2013-11-18', '鈴木一郎', NULL, NULL, NULL, NULL, NULL, NULL),
(1140, 14, 45, 2, NULL, 1, '2013-11-18', '鈴木一郎', NULL, NULL, NULL, NULL, NULL, NULL),
(1141, 14, 46, 2, NULL, 1, '2013-11-18', '鈴木一郎', NULL, NULL, NULL, NULL, NULL, NULL),
(1142, 14, 47, 4, NULL, 2, '2013-11-18', '鈴木一郎', NULL, NULL, NULL, NULL, NULL, NULL),
(1143, 14, 48, 4, NULL, 2, '2013-11-18', '鈴木一郎', NULL, NULL, NULL, NULL, NULL, NULL),
(1144, 14, 49, 4, NULL, 2, '2013-11-18', '鈴木一郎', NULL, NULL, NULL, NULL, NULL, NULL),
(1145, 14, 50, 4, NULL, 2, '2013-11-18', '鈴木一郎', NULL, NULL, NULL, NULL, NULL, NULL),
(1146, 14, 51, 4, NULL, 2, '2013-11-18', '鈴木一郎', NULL, NULL, NULL, NULL, NULL, NULL),
(1147, 14, 52, 4, NULL, 2, '2013-11-18', '鈴木一郎', NULL, NULL, NULL, NULL, NULL, NULL),
(1148, 14, 53, 4, NULL, 2, '2013-11-18', '鈴木一郎', NULL, NULL, NULL, NULL, NULL, NULL),
(1149, 14, 54, 4, NULL, 2, '2013-11-18', '鈴木一郎', NULL, NULL, NULL, NULL, NULL, NULL),
(1150, 14, 55, 4, NULL, 2, '2013-11-18', '鈴木一郎', NULL, NULL, NULL, NULL, NULL, NULL),
(1151, 14, 56, 4, NULL, 2, '2013-11-18', '鈴木一郎', NULL, NULL, NULL, NULL, NULL, NULL),
(1152, 14, 57, 4, NULL, 2, '2013-11-18', '鈴木一郎', NULL, NULL, NULL, NULL, NULL, NULL),
(1153, 14, 58, 4, NULL, 2, '2013-11-18', '鈴木一郎', NULL, NULL, NULL, NULL, NULL, NULL),
(1154, 14, 59, 4, NULL, 2, '2013-11-18', '鈴木一郎', NULL, NULL, NULL, NULL, NULL, NULL),
(1155, 14, 60, 4, NULL, 2, '2013-11-18', '鈴木一郎', NULL, NULL, NULL, NULL, NULL, NULL),
(1156, 14, 61, 4, NULL, 2, '2013-11-18', '鈴木一郎', NULL, NULL, NULL, NULL, NULL, NULL),
(1157, 14, 62, 4, NULL, 2, '2013-11-18', '鈴木一郎', NULL, NULL, NULL, NULL, NULL, NULL),
(1158, 14, 64, 4, NULL, 2, '2013-11-18', '鈴木一郎', NULL, NULL, NULL, NULL, NULL, NULL),
(1159, 14, 65, 4, NULL, 2, '2013-11-18', '鈴木一郎', NULL, NULL, NULL, NULL, NULL, NULL),
(1160, 14, 66, 4, NULL, 2, '2013-11-18', '鈴木一郎', NULL, NULL, NULL, NULL, NULL, NULL),
(1161, 14, 67, 4, NULL, 2, '2013-11-18', '鈴木一郎', NULL, NULL, NULL, NULL, NULL, NULL),
(1162, 14, 68, 4, NULL, 2, '2013-11-18', '鈴木一郎', NULL, NULL, NULL, NULL, NULL, NULL),
(1163, 14, 69, 4, NULL, 2, '2013-11-18', '鈴木一郎', NULL, NULL, NULL, NULL, NULL, NULL),
(1164, 14, 70, 4, NULL, 2, '2013-11-18', '鈴木一郎', NULL, NULL, NULL, NULL, NULL, NULL),
(1165, 14, 71, 4, NULL, 2, '2013-11-18', '鈴木一郎', NULL, NULL, NULL, NULL, NULL, NULL),
(1166, 14, 72, 4, NULL, 2, '2013-11-18', '鈴木一郎', NULL, NULL, NULL, NULL, NULL, NULL),
(1167, 14, 73, 4, NULL, 2, '2013-11-18', '鈴木一郎', NULL, NULL, NULL, NULL, NULL, NULL),
(1168, 14, 74, 4, NULL, 2, '2013-11-18', '鈴木一郎', NULL, NULL, NULL, NULL, NULL, NULL),
(1169, 14, 75, 4, NULL, 2, '2013-11-18', '鈴木一郎', NULL, NULL, NULL, NULL, NULL, NULL),
(1170, 14, 76, 4, NULL, 2, '2013-11-18', '鈴木一郎', NULL, NULL, NULL, NULL, NULL, NULL),
(1171, 14, 77, 4, NULL, 2, '2013-11-18', '鈴木一郎', NULL, NULL, NULL, NULL, NULL, NULL),
(1172, 14, 78, 4, NULL, 2, '2013-11-18', '鈴木一郎', NULL, NULL, NULL, NULL, NULL, NULL),
(1173, 14, 79, 4, NULL, 2, '2013-11-18', '鈴木一郎', NULL, NULL, NULL, NULL, NULL, NULL),
(1174, 14, 80, 4, NULL, 2, '2013-11-18', '鈴木一郎', NULL, NULL, NULL, NULL, NULL, NULL),
(1175, 14, 81, 4, NULL, 2, '2013-11-18', '鈴木一郎', NULL, NULL, NULL, NULL, NULL, NULL),
(1176, 14, 82, 4, NULL, 2, '2013-11-18', '鈴木一郎', NULL, NULL, NULL, NULL, NULL, NULL),
(1177, 14, 83, 4, NULL, 2, '2013-11-18', '鈴木一郎', NULL, NULL, NULL, NULL, NULL, NULL),
(1178, 14, 84, 4, NULL, 2, '2013-11-18', '鈴木一郎', NULL, NULL, NULL, NULL, NULL, NULL),
(1179, 14, 85, 4, NULL, 2, '2013-11-18', '鈴木一郎', NULL, NULL, NULL, NULL, NULL, NULL),
(1180, 14, 86, 2, NULL, 1, '2013-11-18', '鈴木一郎', NULL, NULL, NULL, NULL, NULL, NULL),
(1181, 14, 87, 2, NULL, 1, '2013-11-18', '鈴木一郎', NULL, NULL, NULL, NULL, NULL, NULL),
(1182, 14, 88, 1, NULL, 1, '2013-11-18', '鈴木一郎', NULL, NULL, NULL, NULL, NULL, NULL),
(1183, 14, 89, 1, NULL, 1, '2013-11-18', '鈴木一郎', NULL, NULL, NULL, NULL, NULL, NULL),
(1184, 14, 90, 1, NULL, 1, '2013-11-18', '鈴木一郎', NULL, NULL, NULL, NULL, NULL, NULL),
(1185, 14, 91, 4, NULL, 2, '2013-11-18', '鈴木一郎', NULL, NULL, NULL, NULL, NULL, NULL),
(1186, 14, 92, 4, NULL, 2, '2013-11-18', '鈴木一郎', NULL, NULL, NULL, NULL, NULL, NULL),
(1187, 14, 93, 4, NULL, 2, '2013-11-18', '鈴木一郎', NULL, NULL, NULL, NULL, NULL, NULL),
(1188, 14, 94, 4, NULL, 2, '2013-11-18', '鈴木一郎', NULL, NULL, NULL, NULL, NULL, NULL),
(1189, 14, 95, 4, NULL, 2, '2013-11-18', '鈴木一郎', NULL, NULL, NULL, NULL, NULL, NULL),
(1190, 14, 96, 4, NULL, 2, '2013-11-18', '鈴木一郎', NULL, NULL, NULL, NULL, NULL, NULL),
(1191, 14, 97, 4, NULL, 2, '2013-11-18', '鈴木一郎', NULL, NULL, NULL, NULL, NULL, NULL),
(1192, 14, 98, 4, NULL, 2, '2013-11-18', '鈴木一郎', NULL, NULL, NULL, NULL, NULL, NULL),
(1193, 14, 99, 4, NULL, 2, '2013-11-18', '鈴木一郎', NULL, NULL, NULL, NULL, NULL, NULL),
(1194, 14, 100, 4, NULL, 2, '2013-11-18', '鈴木一郎', NULL, NULL, NULL, NULL, NULL, NULL),
(1195, 14, 101, 4, NULL, 2, '2013-11-18', '鈴木一郎', NULL, NULL, NULL, NULL, NULL, NULL),
(1196, 14, 102, 4, NULL, 2, '2013-11-18', '鈴木一郎', NULL, NULL, NULL, NULL, NULL, NULL),
(1197, 14, 103, 4, NULL, 2, '2013-11-18', '鈴木一郎', NULL, NULL, NULL, NULL, NULL, NULL),
(1198, 14, 104, 4, NULL, 2, '2013-11-18', '鈴木一郎', NULL, NULL, NULL, NULL, NULL, NULL),
(1199, 14, 105, 4, NULL, 2, '2013-11-18', '鈴木一郎', NULL, NULL, NULL, NULL, NULL, NULL),
(1200, 14, 106, 4, NULL, 2, '2013-11-18', '鈴木一郎', NULL, NULL, NULL, NULL, NULL, NULL),
(1201, 14, 107, 4, NULL, 2, '2013-11-18', '鈴木一郎', NULL, NULL, NULL, NULL, NULL, NULL),
(1202, 14, 111, 1, NULL, 1, '2013-11-18', '鈴木一郎', NULL, NULL, NULL, NULL, NULL, NULL),
(1203, 14, 112, 1, NULL, 1, '2013-11-18', '鈴木一郎', NULL, NULL, NULL, NULL, NULL, NULL),
(1204, 14, 113, 1, NULL, 1, '2013-11-18', '鈴木一郎', NULL, NULL, NULL, NULL, NULL, NULL),
(1205, 14, 114, 2, NULL, 1, '2013-11-18', '鈴木一郎', NULL, NULL, NULL, NULL, NULL, NULL),
(1206, 14, 115, 2, NULL, 1, '2013-11-18', '鈴木一郎', NULL, NULL, NULL, NULL, NULL, NULL),
(1207, 14, 116, 1, NULL, 1, '2013-11-18', '鈴木一郎', NULL, NULL, NULL, NULL, NULL, NULL),
(1208, 14, 117, 2, NULL, 1, '2013-11-18', '鈴木一郎', NULL, NULL, NULL, NULL, NULL, NULL),
(1209, 14, 118, 1, NULL, 1, '2013-11-18', '鈴木一郎', NULL, NULL, NULL, NULL, NULL, NULL),
(1210, 14, 119, 1, NULL, 1, '2013-11-18', '鈴木一郎', NULL, NULL, NULL, NULL, NULL, NULL),
(1211, 14, 120, 1, NULL, 1, '2013-11-18', '鈴木一郎', NULL, NULL, NULL, NULL, NULL, NULL),
(1212, 14, 121, 2, NULL, 1, '2013-11-18', '鈴木一郎', NULL, NULL, NULL, NULL, NULL, NULL),
(1213, 14, 122, 1, NULL, 1, '2013-11-18', '鈴木一郎', NULL, NULL, NULL, NULL, NULL, NULL),
(1214, 14, 123, 2, NULL, 1, '2013-11-18', '鈴木一郎', NULL, NULL, NULL, NULL, NULL, NULL),
(1215, 14, 127, 4, NULL, 2, '2013-11-18', '鈴木一郎', NULL, NULL, NULL, NULL, NULL, NULL),
(1216, 14, 128, 4, NULL, 2, '2013-11-18', '鈴木一郎', NULL, NULL, NULL, NULL, NULL, NULL),
(1217, 14, 129, 4, NULL, 2, '2013-11-18', '鈴木一郎', NULL, NULL, NULL, NULL, NULL, NULL),
(1218, 14, 130, 4, NULL, 2, '2013-11-18', '鈴木一郎', NULL, NULL, NULL, NULL, NULL, NULL),
(1219, 14, 131, 4, NULL, 2, '2013-11-18', '鈴木一郎', NULL, NULL, NULL, NULL, NULL, NULL),
(1220, 14, 132, 4, NULL, 2, '2013-11-18', '鈴木一郎', NULL, NULL, NULL, NULL, NULL, NULL),
(1221, 14, 133, 4, NULL, 2, '2013-11-18', '鈴木一郎', NULL, NULL, NULL, NULL, NULL, NULL),
(1222, 14, 134, 4, NULL, 2, '2013-11-18', '鈴木一郎', NULL, NULL, NULL, NULL, NULL, NULL),
(1223, 14, 135, 4, NULL, 2, '2013-11-18', '鈴木一郎', NULL, NULL, NULL, NULL, NULL, NULL),
(1224, 14, 136, 4, NULL, 2, '2013-11-18', '鈴木一郎', NULL, NULL, NULL, NULL, NULL, NULL),
(1225, 14, 137, 4, NULL, 2, '2013-11-18', '鈴木一郎', NULL, NULL, NULL, NULL, NULL, NULL),
(1226, 14, 138, 4, NULL, 2, '2013-11-18', '鈴木一郎', NULL, NULL, NULL, NULL, NULL, NULL),
(1227, 14, 139, 4, NULL, 2, '2013-11-18', '鈴木一郎', NULL, NULL, NULL, NULL, NULL, NULL),
(1228, 14, 140, 4, NULL, 2, '2013-11-18', '鈴木一郎', NULL, NULL, NULL, NULL, NULL, NULL),
(1229, 14, 141, 4, NULL, 2, '2013-11-18', '鈴木一郎', NULL, NULL, NULL, NULL, NULL, NULL),
(1230, 14, 142, 4, NULL, 2, '2013-11-18', '鈴木一郎', NULL, NULL, NULL, NULL, NULL, NULL),
(1231, 14, 143, 4, NULL, 2, '2013-11-18', '鈴木一郎', NULL, NULL, NULL, NULL, NULL, NULL),
(1232, 14, 144, 4, NULL, 2, '2013-11-18', '鈴木一郎', NULL, NULL, NULL, NULL, NULL, NULL),
(1233, 14, 145, 4, NULL, 2, '2013-11-18', '鈴木一郎', NULL, NULL, NULL, NULL, NULL, NULL),
(1234, 14, 146, 4, NULL, 2, '2013-11-18', '鈴木一郎', NULL, NULL, NULL, NULL, NULL, NULL),
(1235, 14, 147, 4, NULL, 2, '2013-11-18', '鈴木一郎', NULL, NULL, NULL, NULL, NULL, NULL),
(1236, 14, 148, 4, NULL, 2, '2013-11-18', '鈴木一郎', NULL, NULL, NULL, NULL, NULL, NULL),
(1237, 14, 149, 4, NULL, 2, '2013-11-18', '鈴木一郎', NULL, NULL, NULL, NULL, NULL, NULL),
(1238, 14, 150, 4, NULL, 2, '2013-11-18', '鈴木一郎', NULL, NULL, NULL, NULL, NULL, NULL),
(1239, 14, 151, 4, NULL, 2, '2013-11-18', '鈴木一郎', NULL, NULL, NULL, NULL, NULL, NULL),
(1240, 14, 152, 4, NULL, 2, '2013-11-18', '鈴木一郎', NULL, NULL, NULL, NULL, NULL, NULL),
(1241, 14, 153, 4, NULL, 2, '2013-11-18', '鈴木一郎', NULL, NULL, NULL, NULL, NULL, NULL),
(1242, 14, 154, 4, NULL, 2, '2013-11-18', '鈴木一郎', NULL, NULL, NULL, NULL, NULL, NULL),
(1243, 14, 155, 4, NULL, 2, '2013-11-18', '鈴木一郎', NULL, NULL, NULL, NULL, NULL, NULL),
(1244, 14, 156, 4, NULL, 2, '2013-11-18', '鈴木一郎', NULL, NULL, NULL, NULL, NULL, NULL),
(1245, 14, 157, 4, NULL, 2, '2013-11-18', '鈴木一郎', NULL, NULL, NULL, NULL, NULL, NULL),
(1246, 14, 158, 4, NULL, 2, '2013-11-18', '鈴木一郎', NULL, NULL, NULL, NULL, NULL, NULL),
(1247, 14, 159, 4, NULL, 2, '2013-11-18', '鈴木一郎', NULL, NULL, NULL, NULL, NULL, NULL),
(1248, 14, 160, 4, NULL, 2, '2013-11-18', '鈴木一郎', NULL, NULL, NULL, NULL, NULL, NULL),
(1249, 14, 161, 4, NULL, 2, '2013-11-18', '鈴木一郎', NULL, NULL, NULL, NULL, NULL, NULL),
(1250, 14, 162, 4, NULL, 2, '2013-11-18', '鈴木一郎', NULL, NULL, NULL, NULL, NULL, NULL),
(1251, 14, 163, 4, NULL, 2, '2013-11-18', '鈴木一郎', NULL, NULL, NULL, NULL, NULL, NULL),
(1252, 14, 164, 4, NULL, 2, '2013-11-18', '鈴木一郎', NULL, NULL, NULL, NULL, NULL, NULL),
(1253, 14, 165, 4, NULL, 2, '2013-11-18', '鈴木一郎', NULL, NULL, NULL, NULL, NULL, NULL),
(1254, 14, 166, 4, NULL, 2, '2013-11-18', '鈴木一郎', NULL, NULL, NULL, NULL, NULL, NULL),
(1255, 14, 167, 4, NULL, 2, '2013-11-18', '鈴木一郎', NULL, NULL, NULL, NULL, NULL, NULL),
(1256, 14, 168, 4, NULL, 2, '2013-11-18', '鈴木一郎', NULL, NULL, NULL, NULL, NULL, NULL),
(1257, 14, 169, 4, NULL, 2, '2013-11-18', '鈴木一郎', NULL, NULL, NULL, NULL, NULL, NULL),
(1258, 14, 170, 4, NULL, 2, '2013-11-18', '鈴木一郎', NULL, NULL, NULL, NULL, NULL, NULL),
(1259, 14, 171, 4, NULL, 2, '2013-11-18', '鈴木一郎', NULL, NULL, NULL, NULL, NULL, NULL),
(1260, 14, 172, 4, NULL, 2, '2013-11-18', '鈴木一郎', NULL, NULL, NULL, NULL, NULL, NULL),
(1261, 14, 173, 4, NULL, 2, '2013-11-18', '鈴木一郎', NULL, NULL, NULL, NULL, NULL, NULL),
(1262, 14, 174, 4, NULL, 2, '2013-11-18', '鈴木一郎', NULL, NULL, NULL, NULL, NULL, NULL),
(1263, 14, 175, 4, NULL, 2, '2013-11-18', '鈴木一郎', NULL, NULL, NULL, NULL, NULL, NULL),
(1264, 14, 176, 4, NULL, 2, '2013-11-18', '鈴木一郎', NULL, NULL, NULL, NULL, NULL, NULL),
(1265, 14, 177, 4, NULL, 2, '2013-11-18', '鈴木一郎', NULL, NULL, NULL, NULL, NULL, NULL),
(1266, 14, 178, 4, NULL, 2, '2013-11-18', '鈴木一郎', NULL, NULL, NULL, NULL, NULL, NULL),
(1267, 14, 179, 4, NULL, 2, '2013-11-18', '鈴木一郎', NULL, NULL, NULL, NULL, NULL, NULL),
(1268, 14, 180, 4, NULL, 2, '2013-11-18', '鈴木一郎', NULL, NULL, NULL, NULL, NULL, NULL),
(1269, 14, 181, 4, NULL, 2, '2013-11-18', '鈴木一郎', NULL, NULL, NULL, NULL, NULL, NULL),
(1270, 14, 182, 4, NULL, 2, '2013-11-18', '鈴木一郎', NULL, NULL, NULL, NULL, NULL, NULL),
(1271, 14, 183, 4, NULL, 2, '2013-11-18', '鈴木一郎', NULL, NULL, NULL, NULL, NULL, NULL),
(1272, 14, 184, 4, NULL, 2, '2013-11-18', '鈴木一郎', NULL, NULL, NULL, NULL, NULL, NULL),
(1273, 14, 185, 4, NULL, 2, '2013-11-18', '鈴木一郎', NULL, NULL, NULL, NULL, NULL, NULL),
(1274, 14, 186, 4, NULL, 2, '2013-11-18', '鈴木一郎', NULL, NULL, NULL, NULL, NULL, NULL),
(1275, 14, 187, 4, NULL, 2, '2013-11-18', '鈴木一郎', NULL, NULL, NULL, NULL, NULL, NULL),
(1276, 14, 188, 4, NULL, 2, '2013-11-18', '鈴木一郎', NULL, NULL, NULL, NULL, NULL, NULL),
(1277, 14, 189, 4, NULL, 2, '2013-11-18', '鈴木一郎', NULL, NULL, NULL, NULL, NULL, NULL),
(1278, 14, 190, 4, NULL, 2, '2013-11-18', '鈴木一郎', NULL, NULL, NULL, NULL, NULL, NULL),
(1279, 14, 191, 4, NULL, 2, '2013-11-18', '鈴木一郎', NULL, NULL, NULL, NULL, NULL, NULL),
(1280, 14, 192, 4, NULL, 2, '2013-11-18', '鈴木一郎', NULL, NULL, NULL, NULL, NULL, NULL),
(1281, 14, 193, 4, NULL, 2, '2013-11-18', '鈴木一郎', NULL, NULL, NULL, NULL, NULL, NULL),
(1282, 14, 194, 4, NULL, 2, '2013-11-18', '鈴木一郎', NULL, NULL, NULL, NULL, NULL, NULL),
(1283, 14, 195, 4, NULL, 2, '2013-11-18', '鈴木一郎', NULL, NULL, NULL, NULL, NULL, NULL),
(1284, 14, 196, 4, NULL, 2, '2013-11-18', '鈴木一郎', NULL, NULL, NULL, NULL, NULL, NULL),
(1285, 14, 201, 4, NULL, 2, '2013-11-18', '鈴木一郎', NULL, NULL, NULL, NULL, NULL, NULL),
(1286, 14, 202, 4, NULL, 2, '2013-11-18', '鈴木一郎', NULL, NULL, NULL, NULL, NULL, NULL),
(1287, 14, 203, 4, NULL, 2, '2013-11-18', '鈴木一郎', NULL, NULL, NULL, NULL, NULL, NULL),
(1288, 14, 204, 4, NULL, 2, '2013-11-18', '鈴木一郎', NULL, NULL, NULL, NULL, NULL, NULL),
(1289, 14, 205, 4, NULL, 2, '2013-11-18', '鈴木一郎', NULL, NULL, NULL, NULL, NULL, NULL),
(1290, 14, 206, 4, NULL, 2, '2013-11-18', '鈴木一郎', NULL, NULL, NULL, NULL, NULL, NULL),
(1291, 14, 207, 4, NULL, 2, '2013-11-18', '鈴木一郎', NULL, NULL, NULL, NULL, NULL, NULL),
(1292, 14, 208, 4, NULL, 2, '2013-11-18', '鈴木一郎', NULL, NULL, NULL, NULL, NULL, NULL),
(1293, 14, 209, 4, NULL, 2, '2013-11-18', '鈴木一郎', NULL, NULL, NULL, NULL, NULL, NULL),
(1294, 14, 210, 4, NULL, 2, '2013-11-18', '鈴木一郎', NULL, NULL, NULL, NULL, NULL, NULL),
(1295, 14, 211, 4, NULL, 2, '2013-11-18', '鈴木一郎', NULL, NULL, NULL, NULL, NULL, NULL),
(1296, 14, 213, 4, NULL, 2, '2013-11-18', '鈴木一郎', NULL, NULL, NULL, NULL, NULL, NULL),
(1297, 14, 214, 4, NULL, 2, '2013-11-18', '鈴木一郎', NULL, NULL, NULL, NULL, NULL, NULL),
(1298, 14, 215, 4, NULL, 2, '2013-11-18', '鈴木一郎', NULL, NULL, NULL, NULL, NULL, NULL),
(1299, 14, 216, 4, NULL, 2, '2013-11-18', '鈴木一郎', NULL, NULL, NULL, NULL, NULL, NULL),
(1300, 14, 217, 4, NULL, 2, '2013-11-18', '鈴木一郎', NULL, NULL, NULL, NULL, NULL, NULL),
(1301, 14, 218, 4, NULL, 2, '2013-11-18', '鈴木一郎', NULL, NULL, NULL, NULL, NULL, NULL),
(1302, 14, 219, 4, NULL, 2, '2013-11-18', '鈴木一郎', NULL, NULL, NULL, NULL, NULL, NULL),
(1303, 14, 220, 4, NULL, 2, '2013-11-18', '鈴木一郎', NULL, NULL, NULL, NULL, NULL, NULL),
(1304, 14, 221, 4, NULL, 2, '2013-11-18', '鈴木一郎', NULL, NULL, NULL, NULL, NULL, NULL),
(1305, 14, 222, 4, NULL, 2, '2013-11-18', '鈴木一郎', NULL, NULL, NULL, NULL, NULL, NULL),
(1306, 14, 223, 4, NULL, 2, '2013-11-18', '鈴木一郎', NULL, NULL, NULL, NULL, NULL, NULL),
(1307, 14, 224, 4, NULL, 2, '2013-11-18', '鈴木一郎', NULL, NULL, NULL, NULL, NULL, NULL),
(1308, 14, 225, 4, NULL, 2, '2013-11-18', '鈴木一郎', NULL, NULL, NULL, NULL, NULL, NULL),
(1309, 14, 226, 4, NULL, 2, '2013-11-18', '鈴木一郎', NULL, NULL, NULL, NULL, NULL, NULL),
(1310, 14, 227, 4, NULL, 2, '2013-11-18', '鈴木一郎', NULL, NULL, NULL, NULL, NULL, NULL),
(1311, 14, 228, 4, NULL, 2, '2013-11-18', '鈴木一郎', NULL, NULL, NULL, NULL, NULL, NULL),
(1312, 14, 229, 4, NULL, 2, '2013-11-18', '鈴木一郎', NULL, NULL, NULL, NULL, NULL, NULL),
(1313, 14, 230, 4, NULL, 2, '2013-11-18', '鈴木一郎', NULL, NULL, NULL, NULL, NULL, NULL),
(1314, 14, 231, 4, NULL, 2, '2013-11-18', '鈴木一郎', NULL, NULL, NULL, NULL, NULL, NULL),
(1315, 14, 232, 4, NULL, 2, '2013-11-18', '鈴木一郎', NULL, NULL, NULL, NULL, NULL, NULL),
(1316, 14, 233, 4, NULL, 2, '2013-11-18', '鈴木一郎', NULL, NULL, NULL, NULL, NULL, NULL),
(1317, 14, 234, 4, NULL, 2, '2013-11-18', '鈴木一郎', NULL, NULL, NULL, NULL, NULL, NULL),
(1318, 14, 235, 4, NULL, 2, '2013-11-18', '鈴木一郎', NULL, NULL, NULL, NULL, NULL, NULL),
(1319, 14, 236, 4, NULL, 2, '2013-11-18', '鈴木一郎', NULL, NULL, NULL, NULL, NULL, NULL),
(1320, 14, 237, 1, NULL, 1, '2013-11-18', '鈴木一郎', NULL, NULL, NULL, NULL, NULL, NULL),
(1321, 14, 238, 1, NULL, 1, '2013-11-18', '鈴木一郎', NULL, NULL, NULL, NULL, NULL, NULL),
(1322, 14, 239, 1, NULL, 1, '2013-11-18', '鈴木一郎', NULL, NULL, NULL, NULL, NULL, NULL),
(1323, 14, 240, 1, NULL, 1, '2013-11-18', '鈴木一郎', NULL, NULL, NULL, NULL, NULL, NULL),
(1324, 14, 241, 1, NULL, 1, '2013-11-18', '鈴木一郎', NULL, NULL, NULL, NULL, NULL, NULL),
(1325, 14, 242, 2, NULL, 1, '2013-11-18', '鈴木一郎', NULL, NULL, NULL, NULL, NULL, NULL),
(1326, 14, 243, 1, NULL, 1, '2013-11-18', '鈴木一郎', NULL, NULL, NULL, NULL, NULL, NULL),
(1327, 14, 244, 1, NULL, 1, '2013-11-18', '鈴木一郎', NULL, NULL, NULL, NULL, NULL, NULL),
(1328, 14, 245, 1, NULL, 1, '2013-11-18', '鈴木一郎', NULL, NULL, NULL, NULL, NULL, NULL),
(1329, 14, 481, 4, NULL, 2, '2013-11-18', '鈴木一郎', NULL, NULL, NULL, NULL, NULL, NULL),
(1330, 14, 482, 4, NULL, 2, '2013-11-18', '鈴木一郎', NULL, NULL, NULL, NULL, NULL, NULL),
(1331, 14, 484, 2, NULL, 1, '2013-11-18', '鈴木一郎', NULL, NULL, NULL, NULL, NULL, NULL),
(1332, 14, 485, 2, NULL, 1, '2013-11-18', '鈴木一郎', NULL, NULL, NULL, NULL, NULL, NULL),
(1333, 14, 486, 2, NULL, 1, '2013-11-18', '鈴木一郎', NULL, NULL, NULL, NULL, NULL, NULL),
(1334, 14, 487, 3, NULL, 1, '2013-11-18', '鈴木一郎', NULL, NULL, NULL, NULL, NULL, NULL),
(1335, 14, 489, 3, NULL, 1, '2013-11-18', '鈴木一郎', NULL, NULL, NULL, NULL, NULL, NULL),
(1336, 15, 246, 2, NULL, 1, '2013-11-18', '鈴木一郎', NULL, NULL, NULL, NULL, NULL, NULL),
(1337, 15, 247, 1, NULL, 1, '2013-11-18', '鈴木一郎', NULL, NULL, NULL, NULL, NULL, NULL),
(1338, 15, 248, 2, NULL, 1, '2013-11-18', '鈴木一郎', NULL, NULL, NULL, NULL, NULL, NULL),
(1339, 15, 249, 2, NULL, 1, '2013-11-18', '鈴木一郎', NULL, NULL, NULL, NULL, NULL, NULL),
(1340, 15, 250, 1, NULL, 1, '2013-11-18', '鈴木一郎', NULL, NULL, NULL, NULL, NULL, NULL),
(1341, 15, 251, 2, NULL, 1, '2013-11-18', '鈴木一郎', NULL, NULL, NULL, NULL, NULL, NULL),
(1342, 15, 252, 2, NULL, 1, '2013-11-18', '鈴木一郎', NULL, NULL, NULL, NULL, NULL, NULL),
(1343, 15, 253, 1, NULL, 1, '2013-11-18', '鈴木一郎', NULL, NULL, NULL, NULL, NULL, NULL),
(1344, 15, 254, 2, NULL, 1, '2013-11-18', '鈴木一郎', NULL, NULL, NULL, NULL, NULL, NULL),
(1345, 15, 255, 2, NULL, 1, '2013-11-18', '鈴木一郎', NULL, NULL, NULL, NULL, NULL, NULL),
(1346, 15, 256, 2, NULL, 1, '2013-11-18', '鈴木一郎', NULL, NULL, NULL, NULL, NULL, NULL),
(1347, 15, 257, 2, NULL, 1, '2013-11-18', '鈴木一郎', NULL, NULL, NULL, NULL, NULL, NULL),
(1348, 15, 258, 2, NULL, 1, '2013-11-18', '鈴木一郎', NULL, NULL, NULL, NULL, NULL, NULL),
(1349, 15, 259, 1, NULL, 1, '2013-11-18', '鈴木一郎', NULL, NULL, NULL, NULL, NULL, NULL),
(1350, 15, 260, 2, NULL, 1, '2013-11-18', '鈴木一郎', NULL, NULL, NULL, NULL, NULL, NULL),
(1351, 15, 261, 2, NULL, 1, '2013-11-18', '鈴木一郎', NULL, NULL, NULL, NULL, NULL, NULL),
(1352, 15, 262, 1, NULL, 1, '2013-11-18', '鈴木一郎', NULL, NULL, NULL, NULL, NULL, NULL),
(1353, 15, 263, 2, NULL, 1, '2013-11-18', '鈴木一郎', NULL, NULL, NULL, NULL, NULL, NULL),
(1354, 15, 264, 1, NULL, 1, '2013-11-18', '鈴木一郎', NULL, NULL, NULL, NULL, NULL, NULL),
(1355, 15, 265, 1, NULL, 1, '2013-11-18', '鈴木一郎', NULL, NULL, NULL, NULL, NULL, NULL),
(1356, 15, 266, 1, NULL, 1, '2013-11-18', '鈴木一郎', NULL, NULL, NULL, NULL, NULL, NULL),
(1357, 15, 267, 1, NULL, 1, '2013-11-18', '鈴木一郎', NULL, NULL, NULL, NULL, NULL, NULL),
(1358, 15, 268, 1, NULL, 1, '2013-11-18', '鈴木一郎', NULL, NULL, NULL, NULL, NULL, NULL),
(1359, 15, 269, 2, NULL, 1, '2013-11-18', '鈴木一郎', NULL, NULL, NULL, NULL, NULL, NULL),
(1360, 15, 270, 2, NULL, 1, '2013-11-18', '鈴木一郎', NULL, NULL, NULL, NULL, NULL, NULL),
(1361, 15, 271, 1, NULL, 1, '2013-11-18', '鈴木一郎', NULL, NULL, NULL, NULL, NULL, NULL),
(1362, 15, 272, 4, NULL, 2, '2013-11-18', '鈴木一郎', NULL, NULL, NULL, NULL, NULL, NULL),
(1363, 15, 273, 4, NULL, 2, '2013-11-18', '鈴木一郎', NULL, NULL, NULL, NULL, NULL, NULL),
(1364, 15, 274, 4, NULL, 2, '2013-11-18', '鈴木一郎', NULL, NULL, NULL, NULL, NULL, NULL),
(1365, 15, 275, 4, NULL, 2, '2013-11-18', '鈴木一郎', NULL, NULL, NULL, NULL, NULL, NULL),
(1366, 15, 276, 4, NULL, 2, '2013-11-18', '鈴木一郎', NULL, NULL, NULL, NULL, NULL, NULL),
(1367, 15, 277, 4, NULL, 2, '2013-11-18', '鈴木一郎', NULL, NULL, NULL, NULL, NULL, NULL),
(1368, 15, 278, 4, NULL, 2, '2013-11-18', '鈴木一郎', NULL, NULL, NULL, NULL, NULL, NULL),
(1369, 15, 279, 4, NULL, 2, '2013-11-18', '鈴木一郎', NULL, NULL, NULL, NULL, NULL, NULL),
(1370, 15, 280, 4, NULL, 2, '2013-11-18', '鈴木一郎', NULL, NULL, NULL, NULL, NULL, NULL),
(1371, 15, 281, 4, NULL, 2, '2013-11-18', '鈴木一郎', NULL, NULL, NULL, NULL, NULL, NULL),
(1372, 15, 282, 4, NULL, 2, '2013-11-18', '鈴木一郎', NULL, NULL, NULL, NULL, NULL, NULL),
(1373, 15, 283, 4, NULL, 2, '2013-11-18', '鈴木一郎', NULL, NULL, NULL, NULL, NULL, NULL),
(1374, 15, 284, 4, NULL, 2, '2013-11-18', '鈴木一郎', NULL, NULL, NULL, NULL, NULL, NULL),
(1375, 15, 285, 4, NULL, 2, '2013-11-18', '鈴木一郎', NULL, NULL, NULL, NULL, NULL, NULL),
(1376, 15, 286, 4, NULL, 2, '2013-11-18', '鈴木一郎', NULL, NULL, NULL, NULL, NULL, NULL),
(1377, 15, 287, 4, NULL, 2, '2013-11-18', '鈴木一郎', NULL, NULL, NULL, NULL, NULL, NULL),
(1378, 15, 288, 4, NULL, 2, '2013-11-18', '鈴木一郎', NULL, NULL, NULL, NULL, NULL, NULL),
(1379, 15, 289, 4, NULL, 2, '2013-11-18', '鈴木一郎', NULL, NULL, NULL, NULL, NULL, NULL),
(1380, 15, 290, 4, NULL, 2, '2013-11-18', '鈴木一郎', NULL, NULL, NULL, NULL, NULL, NULL),
(1381, 15, 291, 4, NULL, 2, '2013-11-18', '鈴木一郎', NULL, NULL, NULL, NULL, NULL, NULL),
(1382, 15, 292, 4, NULL, 2, '2013-11-18', '鈴木一郎', NULL, NULL, NULL, NULL, NULL, NULL),
(1383, 15, 293, 4, NULL, 2, '2013-11-18', '鈴木一郎', NULL, NULL, NULL, NULL, NULL, NULL),
(1384, 15, 294, 4, NULL, 2, '2013-11-18', '鈴木一郎', NULL, NULL, NULL, NULL, NULL, NULL),
(1385, 15, 295, 4, NULL, 2, '2013-11-18', '鈴木一郎', NULL, NULL, NULL, NULL, NULL, NULL),
(1386, 15, 296, 4, NULL, 2, '2013-11-18', '鈴木一郎', NULL, NULL, NULL, NULL, NULL, NULL),
(1387, 15, 297, 4, NULL, 2, '2013-11-18', '鈴木一郎', NULL, NULL, NULL, NULL, NULL, NULL),
(1388, 15, 298, 4, NULL, 2, '2013-11-18', '鈴木一郎', NULL, NULL, NULL, NULL, NULL, NULL),
(1389, 15, 299, 4, NULL, 2, '2013-11-18', '鈴木一郎', NULL, NULL, NULL, NULL, NULL, NULL),
(1390, 15, 300, 4, NULL, 2, '2013-11-18', '鈴木一郎', NULL, NULL, NULL, NULL, NULL, NULL),
(1391, 15, 301, 4, NULL, 2, '2013-11-18', '鈴木一郎', NULL, NULL, NULL, NULL, NULL, NULL),
(1392, 15, 302, 4, NULL, 2, '2013-11-18', '鈴木一郎', NULL, NULL, NULL, NULL, NULL, NULL),
(1393, 15, 303, 4, NULL, 2, '2013-11-18', '鈴木一郎', NULL, NULL, NULL, NULL, NULL, NULL),
(1394, 15, 304, 4, NULL, 2, '2013-11-18', '鈴木一郎', NULL, NULL, NULL, NULL, NULL, NULL),
(1395, 15, 305, 1, NULL, 1, '2013-11-18', '鈴木一郎', NULL, NULL, NULL, NULL, NULL, NULL),
(1396, 15, 306, 2, NULL, 1, '2013-11-18', '鈴木一郎', NULL, NULL, NULL, NULL, NULL, NULL),
(1397, 15, 307, 2, NULL, 1, '2013-11-18', '鈴木一郎', NULL, NULL, NULL, NULL, NULL, NULL),
(1398, 15, 308, 2, NULL, 1, '2013-11-18', '鈴木一郎', NULL, NULL, NULL, NULL, NULL, NULL),
(1399, 15, 309, 1, NULL, 1, '2013-11-18', '鈴木一郎', NULL, NULL, NULL, NULL, NULL, NULL),
(1400, 15, 310, 1, NULL, 1, '2013-11-18', '鈴木一郎', NULL, NULL, NULL, NULL, NULL, NULL),
(1401, 15, 311, 2, NULL, 1, '2013-11-18', '鈴木一郎', NULL, NULL, NULL, NULL, NULL, NULL),
(1402, 15, 312, 2, NULL, 1, '2013-11-18', '鈴木一郎', NULL, NULL, NULL, NULL, NULL, NULL),
(1403, 15, 313, 1, NULL, 1, '2013-11-18', '鈴木一郎', NULL, NULL, NULL, NULL, NULL, NULL),
(1404, 15, 314, 1, NULL, 1, '2013-11-18', '鈴木一郎', NULL, NULL, NULL, NULL, NULL, NULL),
(1405, 15, 315, 1, NULL, 1, '2013-11-18', '鈴木一郎', NULL, NULL, NULL, NULL, NULL, NULL),
(1406, 15, 316, 1, NULL, 1, '2013-11-18', '鈴木一郎', NULL, NULL, NULL, NULL, NULL, NULL),
(1407, 15, 317, 1, NULL, 1, '2013-11-18', '鈴木一郎', NULL, NULL, NULL, NULL, NULL, NULL),
(1408, 15, 318, 1, NULL, 1, '2013-11-18', '鈴木一郎', NULL, NULL, NULL, NULL, NULL, NULL),
(1409, 15, 319, 4, NULL, 2, '2013-11-18', '鈴木一郎', NULL, NULL, NULL, NULL, NULL, NULL),
(1410, 15, 320, 4, NULL, 2, '2013-11-18', '鈴木一郎', NULL, NULL, NULL, NULL, NULL, NULL),
(1411, 15, 321, 4, NULL, 2, '2013-11-18', '鈴木一郎', NULL, NULL, NULL, NULL, NULL, NULL),
(1412, 15, 322, 4, NULL, 2, '2013-11-18', '鈴木一郎', NULL, NULL, NULL, NULL, NULL, NULL),
(1413, 15, 323, 4, NULL, 2, '2013-11-18', '鈴木一郎', NULL, NULL, NULL, NULL, NULL, NULL),
(1414, 15, 324, 4, NULL, 2, '2013-11-18', '鈴木一郎', NULL, NULL, NULL, NULL, NULL, NULL),
(1415, 15, 325, 4, NULL, 2, '2013-11-18', '鈴木一郎', NULL, NULL, NULL, NULL, NULL, NULL),
(1416, 15, 326, 4, NULL, 2, '2013-11-18', '鈴木一郎', NULL, NULL, NULL, NULL, NULL, NULL),
(1417, 15, 327, 4, NULL, 2, '2013-11-18', '鈴木一郎', NULL, NULL, NULL, NULL, NULL, NULL),
(1418, 15, 328, 4, NULL, 2, '2013-11-18', '鈴木一郎', NULL, NULL, NULL, NULL, NULL, NULL),
(1419, 15, 329, 4, NULL, 2, '2013-11-18', '鈴木一郎', NULL, NULL, NULL, NULL, NULL, NULL),
(1420, 15, 330, 4, NULL, 2, '2013-11-18', '鈴木一郎', NULL, NULL, NULL, NULL, NULL, NULL),
(1421, 15, 331, 4, NULL, 2, '2013-11-18', '鈴木一郎', NULL, NULL, NULL, NULL, NULL, NULL),
(1422, 15, 332, 4, NULL, 2, '2013-11-18', '鈴木一郎', NULL, NULL, NULL, NULL, NULL, NULL),
(1423, 15, 333, 4, NULL, 2, '2013-11-18', '鈴木一郎', NULL, NULL, NULL, NULL, NULL, NULL),
(1424, 15, 334, 4, NULL, 2, '2013-11-18', '鈴木一郎', NULL, NULL, NULL, NULL, NULL, NULL),
(1425, 15, 29, 1, NULL, 1, '2013-11-18', '鈴木一郎', NULL, NULL, NULL, NULL, NULL, NULL),
(1426, 15, 34, 2, NULL, 1, '2013-11-18', '鈴木一郎', NULL, NULL, NULL, NULL, NULL, NULL),
(1427, 15, 487, 2, NULL, 1, '2013-11-18', '鈴木一郎', NULL, NULL, NULL, NULL, NULL, NULL),
(1428, 16, 21, 4, NULL, 2, '2013-11-19', '鈴木一郎', NULL, NULL, NULL, NULL, NULL, NULL),
(1429, 16, 22, 4, NULL, 2, '2013-11-19', '鈴木一郎', NULL, NULL, NULL, NULL, NULL, NULL),
(1430, 16, 23, 4, NULL, 2, '2013-11-19', '鈴木一郎', NULL, NULL, NULL, NULL, NULL, NULL),
(1431, 16, 24, 4, NULL, 2, '2013-11-19', '鈴木一郎', NULL, NULL, NULL, NULL, NULL, NULL),
(1432, 16, 25, 4, NULL, 2, '2013-11-19', '鈴木一郎', NULL, NULL, NULL, NULL, NULL, NULL),
(1433, 16, 26, 4, NULL, 2, '2013-11-19', '鈴木一郎', NULL, NULL, NULL, NULL, NULL, NULL),
(1434, 16, 27, 4, NULL, 2, '2013-11-19', '鈴木一郎', NULL, NULL, NULL, NULL, NULL, NULL),
(1435, 16, 28, 4, NULL, 2, '2013-11-19', '鈴木一郎', NULL, NULL, NULL, NULL, NULL, NULL),
(1436, 16, 29, 4, NULL, 2, '2013-11-19', '鈴木一郎', NULL, NULL, NULL, NULL, NULL, NULL),
(1437, 16, 30, 1, NULL, 1, '2013-11-19', '鈴木一郎', NULL, NULL, NULL, NULL, NULL, NULL),
(1438, 16, 31, 1, NULL, 1, '2013-11-19', '鈴木一郎', NULL, NULL, NULL, NULL, NULL, NULL),
(1439, 16, 32, 1, NULL, 1, '2013-11-19', '鈴木一郎', NULL, NULL, NULL, NULL, NULL, NULL),
(1440, 16, 33, 1, NULL, 1, '2013-11-19', '鈴木一郎', NULL, NULL, NULL, NULL, NULL, NULL),
(1441, 16, 34, 1, NULL, 1, '2013-11-19', '鈴木一郎', NULL, NULL, NULL, NULL, NULL, NULL),
(1442, 16, 35, 1, NULL, 1, '2013-11-19', '鈴木一郎', NULL, NULL, NULL, NULL, NULL, NULL),
(1443, 16, 36, 1, NULL, 1, '2013-11-19', '鈴木一郎', NULL, NULL, NULL, NULL, NULL, NULL),
(1444, 16, 37, 1, NULL, 1, '2013-11-19', '鈴木一郎', NULL, NULL, NULL, NULL, NULL, NULL),
(1445, 16, 38, 1, NULL, 1, '2013-11-19', '鈴木一郎', NULL, NULL, NULL, NULL, NULL, NULL),
(1446, 16, 39, 1, NULL, 1, '2013-11-19', '鈴木一郎', NULL, NULL, NULL, NULL, NULL, NULL),
(1447, 16, 40, 2, NULL, 1, '2013-11-19', '鈴木一郎', NULL, NULL, NULL, NULL, NULL, NULL),
(1448, 16, 41, 1, NULL, 1, '2013-11-19', '鈴木一郎', NULL, NULL, NULL, NULL, NULL, NULL),
(1449, 16, 42, 1, NULL, 1, '2013-11-19', '鈴木一郎', NULL, NULL, NULL, NULL, NULL, NULL),
(1450, 16, 43, 1, NULL, 1, '2013-11-19', '鈴木一郎', NULL, NULL, NULL, NULL, NULL, NULL),
(1451, 16, 44, 1, NULL, 1, '2013-11-19', '鈴木一郎', NULL, NULL, NULL, NULL, NULL, NULL),
(1452, 16, 45, 2, NULL, 1, '2013-11-19', '鈴木一郎', NULL, NULL, NULL, NULL, NULL, NULL),
(1453, 16, 46, 1, NULL, 1, '2013-11-19', '鈴木一郎', NULL, NULL, NULL, NULL, NULL, NULL),
(1454, 16, 47, 4, NULL, 2, '2013-11-19', '鈴木一郎', NULL, NULL, NULL, NULL, NULL, NULL),
(1455, 16, 48, 4, NULL, 2, '2013-11-19', '鈴木一郎', NULL, NULL, NULL, NULL, NULL, NULL),
(1456, 16, 49, 4, NULL, 2, '2013-11-19', '鈴木一郎', NULL, NULL, NULL, NULL, NULL, NULL),
(1457, 16, 50, 4, NULL, 2, '2013-11-19', '鈴木一郎', NULL, NULL, NULL, NULL, NULL, NULL),
(1458, 16, 51, 4, NULL, 2, '2013-11-19', '鈴木一郎', NULL, NULL, NULL, NULL, NULL, NULL),
(1459, 16, 52, 4, NULL, 2, '2013-11-19', '鈴木一郎', NULL, NULL, NULL, NULL, NULL, NULL),
(1460, 16, 53, 4, NULL, 2, '2013-11-19', '鈴木一郎', NULL, NULL, NULL, NULL, NULL, NULL),
(1461, 16, 54, 4, NULL, 2, '2013-11-19', '鈴木一郎', NULL, NULL, NULL, NULL, NULL, NULL),
(1462, 16, 55, 4, NULL, 2, '2013-11-19', '鈴木一郎', NULL, NULL, NULL, NULL, NULL, NULL),
(1463, 16, 56, 4, NULL, 2, '2013-11-19', '鈴木一郎', NULL, NULL, NULL, NULL, NULL, NULL),
(1464, 16, 57, 4, NULL, 2, '2013-11-19', '鈴木一郎', NULL, NULL, NULL, NULL, NULL, NULL),
(1465, 16, 58, 4, NULL, 2, '2013-11-19', '鈴木一郎', NULL, NULL, NULL, NULL, NULL, NULL),
(1466, 16, 59, 4, NULL, 2, '2013-11-19', '鈴木一郎', NULL, NULL, NULL, NULL, NULL, NULL),
(1467, 16, 60, 4, NULL, 2, '2013-11-19', '鈴木一郎', NULL, NULL, NULL, NULL, NULL, NULL),
(1468, 16, 61, 4, NULL, 2, '2013-11-19', '鈴木一郎', NULL, NULL, NULL, NULL, NULL, NULL),
(1469, 16, 62, 4, NULL, 2, '2013-11-19', '鈴木一郎', NULL, NULL, NULL, NULL, NULL, NULL),
(1470, 16, 64, 4, NULL, 2, '2013-11-19', '鈴木一郎', NULL, NULL, NULL, NULL, NULL, NULL),
(1471, 16, 65, 1, NULL, 1, '2013-11-19', '鈴木一郎', NULL, NULL, NULL, NULL, NULL, NULL),
(1472, 16, 66, 2, NULL, 1, '2013-11-19', '鈴木一郎', NULL, NULL, NULL, NULL, NULL, NULL),
(1473, 16, 67, 1, NULL, 1, '2013-11-19', '鈴木一郎', NULL, NULL, NULL, NULL, NULL, NULL),
(1474, 16, 68, 1, NULL, 1, '2013-11-19', '鈴木一郎', NULL, NULL, NULL, NULL, NULL, NULL),
(1475, 16, 69, 1, NULL, 1, '2013-11-19', '鈴木一郎', NULL, NULL, NULL, NULL, NULL, NULL),
(1476, 16, 70, 1, NULL, 1, '2013-11-19', '鈴木一郎', NULL, NULL, NULL, NULL, NULL, NULL),
(1477, 16, 71, 1, NULL, 1, '2013-11-19', '鈴木一郎', NULL, NULL, NULL, NULL, NULL, NULL),
(1478, 16, 72, 1, NULL, 1, '2013-11-19', '鈴木一郎', NULL, NULL, NULL, NULL, NULL, NULL),
(1479, 16, 73, 4, NULL, 2, '2013-11-19', '鈴木一郎', NULL, NULL, NULL, NULL, NULL, NULL),
(1480, 16, 74, 4, NULL, 2, '2013-11-19', '鈴木一郎', NULL, NULL, NULL, NULL, NULL, NULL),
(1481, 16, 75, 4, NULL, 2, '2013-11-19', '鈴木一郎', NULL, NULL, NULL, NULL, NULL, NULL),
(1482, 16, 76, 4, NULL, 2, '2013-11-19', '鈴木一郎', NULL, NULL, NULL, NULL, NULL, NULL),
(1483, 16, 77, 4, NULL, 2, '2013-11-19', '鈴木一郎', NULL, NULL, NULL, NULL, NULL, NULL),
(1484, 16, 78, 4, NULL, 2, '2013-11-19', '鈴木一郎', NULL, NULL, NULL, NULL, NULL, NULL),
(1485, 16, 79, 4, NULL, 2, '2013-11-19', '鈴木一郎', NULL, NULL, NULL, NULL, NULL, NULL),
(1486, 16, 80, 4, NULL, 2, '2013-11-19', '鈴木一郎', NULL, NULL, NULL, NULL, NULL, NULL),
(1487, 16, 81, 4, NULL, 2, '2013-11-19', '鈴木一郎', NULL, NULL, NULL, NULL, NULL, NULL),
(1488, 16, 82, 4, NULL, 2, '2013-11-19', '鈴木一郎', NULL, NULL, NULL, NULL, NULL, NULL),
(1489, 16, 83, 4, NULL, 2, '2013-11-19', '鈴木一郎', NULL, NULL, NULL, NULL, NULL, NULL),
(1490, 16, 84, 4, NULL, 2, '2013-11-19', '鈴木一郎', NULL, NULL, NULL, NULL, NULL, NULL),
(1491, 16, 85, 4, NULL, 2, '2013-11-19', '鈴木一郎', NULL, NULL, NULL, NULL, NULL, NULL),
(1492, 16, 86, 1, NULL, 1, '2013-11-19', '鈴木一郎', NULL, NULL, NULL, NULL, NULL, NULL),
(1493, 16, 87, 1, NULL, 1, '2013-11-19', '鈴木一郎', NULL, NULL, NULL, NULL, NULL, NULL),
(1494, 16, 88, 1, NULL, 1, '2013-11-19', '鈴木一郎', NULL, NULL, NULL, NULL, NULL, NULL),
(1495, 16, 89, 1, NULL, 1, '2013-11-19', '鈴木一郎', NULL, NULL, NULL, NULL, NULL, NULL),
(1496, 16, 90, 1, NULL, 1, '2013-11-19', '鈴木一郎', NULL, NULL, NULL, NULL, NULL, NULL),
(1497, 16, 91, 1, NULL, 1, '2013-11-19', '鈴木一郎', NULL, NULL, NULL, NULL, NULL, NULL),
(1498, 16, 92, 1, NULL, 1, '2013-11-19', '鈴木一郎', NULL, NULL, NULL, NULL, NULL, NULL),
(1499, 16, 93, 1, NULL, 1, '2013-11-19', '鈴木一郎', NULL, NULL, NULL, NULL, NULL, NULL),
(1500, 16, 94, 1, NULL, 1, '2013-11-19', '鈴木一郎', NULL, NULL, NULL, NULL, NULL, NULL),
(1501, 16, 95, 1, NULL, 1, '2013-11-19', '鈴木一郎', NULL, NULL, NULL, NULL, NULL, NULL),
(1502, 16, 96, 1, NULL, 1, '2013-11-19', '鈴木一郎', NULL, NULL, NULL, NULL, NULL, NULL),
(1503, 16, 97, 4, NULL, 2, '2013-11-19', '鈴木一郎', NULL, NULL, NULL, NULL, NULL, NULL),
(1504, 16, 98, 4, NULL, 2, '2013-11-19', '鈴木一郎', NULL, NULL, NULL, NULL, NULL, NULL),
(1505, 16, 99, 4, NULL, 2, '2013-11-19', '鈴木一郎', NULL, NULL, NULL, NULL, NULL, NULL),
(1506, 16, 100, 4, NULL, 2, '2013-11-19', '鈴木一郎', NULL, NULL, NULL, NULL, NULL, NULL),
(1507, 16, 101, 4, NULL, 2, '2013-11-19', '鈴木一郎', NULL, NULL, NULL, NULL, NULL, NULL),
(1508, 16, 102, 4, NULL, 2, '2013-11-19', '鈴木一郎', NULL, NULL, NULL, NULL, NULL, NULL),
(1509, 16, 103, 4, NULL, 2, '2013-11-19', '鈴木一郎', NULL, NULL, NULL, NULL, NULL, NULL),
(1510, 16, 104, 4, NULL, 2, '2013-11-19', '鈴木一郎', NULL, NULL, NULL, NULL, NULL, NULL),
(1511, 16, 105, 4, NULL, 2, '2013-11-19', '鈴木一郎', NULL, NULL, NULL, NULL, NULL, NULL),
(1512, 16, 106, 4, NULL, 2, '2013-11-19', '鈴木一郎', NULL, NULL, NULL, NULL, NULL, NULL),
(1513, 16, 107, 4, NULL, 2, '2013-11-19', '鈴木一郎', NULL, NULL, NULL, NULL, NULL, NULL),
(1514, 16, 111, 1, NULL, 1, '2013-11-19', '鈴木一郎', NULL, NULL, NULL, NULL, NULL, NULL),
(1515, 16, 112, 1, NULL, 1, '2013-11-19', '鈴木一郎', NULL, NULL, NULL, NULL, NULL, NULL),
(1516, 16, 113, 1, NULL, 1, '2013-11-19', '鈴木一郎', NULL, NULL, NULL, NULL, NULL, NULL),
(1517, 16, 114, 1, NULL, 1, '2013-11-19', '鈴木一郎', NULL, NULL, NULL, NULL, NULL, NULL),
(1518, 16, 115, 1, NULL, 1, '2013-11-19', '鈴木一郎', NULL, NULL, NULL, NULL, NULL, NULL),
(1519, 16, 116, 2, NULL, 1, '2013-11-19', '鈴木一郎', NULL, NULL, NULL, NULL, NULL, NULL),
(1520, 16, 117, 1, NULL, 1, '2013-11-19', '鈴木一郎', NULL, NULL, NULL, NULL, NULL, NULL),
(1521, 16, 118, 1, NULL, 1, '2013-11-19', '鈴木一郎', NULL, NULL, NULL, NULL, NULL, NULL),
(1522, 16, 119, 1, NULL, 1, '2013-11-19', '鈴木一郎', NULL, NULL, NULL, NULL, NULL, NULL),
(1523, 16, 120, 1, NULL, 1, '2013-11-19', '鈴木一郎', NULL, NULL, NULL, NULL, NULL, NULL),
(1524, 16, 121, 2, NULL, 1, '2013-11-19', '鈴木一郎', NULL, NULL, NULL, NULL, NULL, NULL),
(1525, 16, 122, 1, NULL, 1, '2013-11-19', '鈴木一郎', NULL, NULL, NULL, NULL, NULL, NULL),
(1526, 16, 123, 1, NULL, 1, '2013-11-19', '鈴木一郎', NULL, NULL, NULL, NULL, NULL, NULL),
(1527, 16, 127, 1, NULL, 1, '2013-11-19', '鈴木一郎', NULL, NULL, NULL, NULL, NULL, NULL),
(1528, 16, 128, 1, NULL, 1, '2013-11-19', '鈴木一郎', NULL, NULL, NULL, NULL, NULL, NULL),
(1529, 16, 129, 1, NULL, 1, '2013-11-19', '鈴木一郎', NULL, NULL, NULL, NULL, NULL, NULL),
(1530, 16, 130, 1, NULL, 1, '2013-11-19', '鈴木一郎', NULL, NULL, NULL, NULL, NULL, NULL),
(1531, 16, 131, 2, NULL, 1, '2013-11-19', '鈴木一郎', NULL, NULL, NULL, NULL, NULL, NULL),
(1532, 16, 132, 1, NULL, 1, '2013-11-19', '鈴木一郎', NULL, NULL, NULL, NULL, NULL, NULL),
(1533, 16, 133, 1, NULL, 1, '2013-11-19', '鈴木一郎', NULL, NULL, NULL, NULL, NULL, NULL),
(1534, 16, 134, 1, NULL, 1, '2013-11-19', '鈴木一郎', NULL, NULL, NULL, NULL, NULL, NULL),
(1535, 16, 135, 4, NULL, 2, '2013-11-19', '鈴木一郎', NULL, NULL, NULL, NULL, NULL, NULL),
(1536, 16, 136, 4, NULL, 2, '2013-11-19', '鈴木一郎', NULL, NULL, NULL, NULL, NULL, NULL),
(1537, 16, 137, 4, NULL, 2, '2013-11-19', '鈴木一郎', NULL, NULL, NULL, NULL, NULL, NULL),
(1538, 16, 138, 4, NULL, 2, '2013-11-19', '鈴木一郎', NULL, NULL, NULL, NULL, NULL, NULL),
(1539, 16, 139, 4, NULL, 2, '2013-11-19', '鈴木一郎', NULL, NULL, NULL, NULL, NULL, NULL),
(1540, 16, 140, 4, NULL, 2, '2013-11-19', '鈴木一郎', NULL, NULL, NULL, NULL, NULL, NULL),
(1541, 16, 141, 4, NULL, 2, '2013-11-19', '鈴木一郎', NULL, NULL, NULL, NULL, NULL, NULL),
(1542, 16, 142, 4, NULL, 2, '2013-11-19', '鈴木一郎', NULL, NULL, NULL, NULL, NULL, NULL),
(1543, 16, 143, 4, NULL, 2, '2013-11-19', '鈴木一郎', NULL, NULL, NULL, NULL, NULL, NULL),
(1544, 16, 144, 4, NULL, 2, '2013-11-19', '鈴木一郎', NULL, NULL, NULL, NULL, NULL, NULL),
(1545, 16, 145, 4, NULL, 2, '2013-11-19', '鈴木一郎', NULL, NULL, NULL, NULL, NULL, NULL),
(1546, 16, 146, 4, NULL, 2, '2013-11-19', '鈴木一郎', NULL, NULL, NULL, NULL, NULL, NULL),
(1547, 16, 147, 4, NULL, 2, '2013-11-19', '鈴木一郎', NULL, NULL, NULL, NULL, NULL, NULL),
(1548, 16, 148, 4, NULL, 2, '2013-11-19', '鈴木一郎', NULL, NULL, NULL, NULL, NULL, NULL),
(1549, 16, 149, 4, NULL, 2, '2013-11-19', '鈴木一郎', NULL, NULL, NULL, NULL, NULL, NULL),
(1550, 16, 150, 4, NULL, 2, '2013-11-19', '鈴木一郎', NULL, NULL, NULL, NULL, NULL, NULL),
(1551, 16, 151, 1, NULL, 1, '2013-11-19', '鈴木一郎', NULL, NULL, NULL, NULL, NULL, NULL),
(1552, 16, 152, 1, NULL, 1, '2013-11-19', '鈴木一郎', NULL, NULL, NULL, NULL, NULL, NULL),
(1553, 16, 153, 2, NULL, 1, '2013-11-19', '鈴木一郎', NULL, NULL, NULL, NULL, NULL, NULL),
(1554, 16, 154, 1, NULL, 1, '2013-11-19', '鈴木一郎', NULL, NULL, NULL, NULL, NULL, NULL),
(1555, 16, 155, 1, NULL, 1, '2013-11-19', '鈴木一郎', NULL, NULL, NULL, NULL, NULL, NULL),
(1556, 16, 156, 1, NULL, 1, '2013-11-19', '鈴木一郎', NULL, NULL, NULL, NULL, NULL, NULL),
(1557, 16, 157, 1, NULL, 1, '2013-11-19', '鈴木一郎', NULL, NULL, NULL, NULL, NULL, NULL),
(1558, 16, 158, 2, NULL, 1, '2013-11-19', '鈴木一郎', NULL, NULL, NULL, NULL, NULL, NULL),
(1559, 16, 159, 1, NULL, 1, '2013-11-19', '鈴木一郎', NULL, NULL, NULL, NULL, NULL, NULL),
(1560, 16, 160, 1, NULL, 1, '2013-11-19', '鈴木一郎', NULL, NULL, NULL, NULL, NULL, NULL),
(1561, 16, 161, 1, NULL, 1, '2013-11-19', '鈴木一郎', NULL, NULL, NULL, NULL, NULL, NULL),
(1562, 16, 162, 1, NULL, 1, '2013-11-19', '鈴木一郎', NULL, NULL, NULL, NULL, NULL, NULL),
(1563, 16, 163, 1, NULL, 1, '2013-11-19', '鈴木一郎', NULL, NULL, NULL, NULL, NULL, NULL),
(1564, 16, 164, 1, NULL, 1, '2013-11-19', '鈴木一郎', NULL, NULL, NULL, NULL, NULL, NULL),
(1565, 16, 165, 1, NULL, 1, '2013-11-19', '鈴木一郎', NULL, NULL, NULL, NULL, NULL, NULL),
(1566, 16, 166, 1, NULL, 1, '2013-11-19', '鈴木一郎', NULL, NULL, NULL, NULL, NULL, NULL),
(1567, 16, 167, 1, NULL, 1, '2013-11-19', '鈴木一郎', NULL, NULL, NULL, NULL, NULL, NULL),
(1568, 16, 168, 1, NULL, 1, '2013-11-19', '鈴木一郎', NULL, NULL, NULL, NULL, NULL, NULL),
(1569, 16, 169, 1, NULL, 1, '2013-11-19', '鈴木一郎', NULL, NULL, NULL, NULL, NULL, NULL),
(1570, 16, 170, 1, NULL, 1, '2013-11-19', '鈴木一郎', NULL, NULL, NULL, NULL, NULL, NULL),
(1571, 16, 171, 1, NULL, 1, '2013-11-19', '鈴木一郎', NULL, NULL, NULL, NULL, NULL, NULL),
(1572, 16, 172, 1, NULL, 1, '2013-11-19', '鈴木一郎', NULL, NULL, NULL, NULL, NULL, NULL),
(1573, 16, 173, 1, NULL, 1, '2013-11-19', '鈴木一郎', NULL, NULL, NULL, NULL, NULL, NULL),
(1574, 16, 174, 4, NULL, 2, '2013-11-19', '鈴木一郎', NULL, NULL, NULL, NULL, NULL, NULL),
(1575, 16, 175, 4, NULL, 2, '2013-11-19', '鈴木一郎', NULL, NULL, NULL, NULL, NULL, NULL),
(1576, 16, 176, 4, NULL, 2, '2013-11-19', '鈴木一郎', NULL, NULL, NULL, NULL, NULL, NULL),
(1577, 16, 177, 4, NULL, 2, '2013-11-19', '鈴木一郎', NULL, NULL, NULL, NULL, NULL, NULL),
(1578, 16, 178, 4, NULL, 2, '2013-11-19', '鈴木一郎', NULL, NULL, NULL, NULL, NULL, NULL),
(1579, 16, 179, 4, NULL, 2, '2013-11-19', '鈴木一郎', NULL, NULL, NULL, NULL, NULL, NULL),
(1580, 16, 180, 4, NULL, 2, '2013-11-19', '鈴木一郎', NULL, NULL, NULL, NULL, NULL, NULL),
(1581, 16, 181, 4, NULL, 2, '2013-11-19', '鈴木一郎', NULL, NULL, NULL, NULL, NULL, NULL),
(1582, 16, 182, 4, NULL, 2, '2013-11-19', '鈴木一郎', NULL, NULL, NULL, NULL, NULL, NULL),
(1583, 16, 183, 4, NULL, 2, '2013-11-19', '鈴木一郎', NULL, NULL, NULL, NULL, NULL, NULL),
(1584, 16, 184, 4, NULL, 2, '2013-11-19', '鈴木一郎', NULL, NULL, NULL, NULL, NULL, NULL),
(1585, 16, 185, 4, NULL, 2, '2013-11-19', '鈴木一郎', NULL, NULL, NULL, NULL, NULL, NULL),
(1586, 16, 186, 4, NULL, 2, '2013-11-19', '鈴木一郎', NULL, NULL, NULL, NULL, NULL, NULL),
(1587, 16, 187, 4, NULL, 2, '2013-11-19', '鈴木一郎', NULL, NULL, NULL, NULL, NULL, NULL),
(1588, 16, 188, 4, NULL, 2, '2013-11-19', '鈴木一郎', NULL, NULL, NULL, NULL, NULL, NULL),
(1589, 16, 189, 4, NULL, 2, '2013-11-19', '鈴木一郎', NULL, NULL, NULL, NULL, NULL, NULL),
(1590, 16, 190, 4, NULL, 2, '2013-11-19', '鈴木一郎', NULL, NULL, NULL, NULL, NULL, NULL),
(1591, 16, 191, 4, NULL, 2, '2013-11-19', '鈴木一郎', NULL, NULL, NULL, NULL, NULL, NULL),
(1592, 16, 192, 4, NULL, 2, '2013-11-19', '鈴木一郎', NULL, NULL, NULL, NULL, NULL, NULL),
(1593, 16, 193, 4, NULL, 2, '2013-11-19', '鈴木一郎', NULL, NULL, NULL, NULL, NULL, NULL),
(1594, 16, 194, 4, NULL, 2, '2013-11-19', '鈴木一郎', NULL, NULL, NULL, NULL, NULL, NULL),
(1595, 16, 195, 4, NULL, 2, '2013-11-19', '鈴木一郎', NULL, NULL, NULL, NULL, NULL, NULL),
(1596, 16, 196, 4, NULL, 2, '2013-11-19', '鈴木一郎', NULL, NULL, NULL, NULL, NULL, NULL),
(1597, 16, 201, 4, NULL, 2, '2013-11-19', '鈴木一郎', NULL, NULL, NULL, NULL, NULL, NULL),
(1598, 16, 202, 4, NULL, 2, '2013-11-19', '鈴木一郎', NULL, NULL, NULL, NULL, NULL, NULL),
(1599, 16, 203, 4, NULL, 2, '2013-11-19', '鈴木一郎', NULL, NULL, NULL, NULL, NULL, NULL),
(1600, 16, 204, 4, NULL, 2, '2013-11-19', '鈴木一郎', NULL, NULL, NULL, NULL, NULL, NULL),
(1601, 16, 205, 1, NULL, 1, '2013-11-19', '鈴木一郎', NULL, NULL, NULL, NULL, NULL, NULL),
(1602, 16, 206, 1, NULL, 1, '2013-11-19', '鈴木一郎', NULL, NULL, NULL, NULL, NULL, NULL),
(1603, 16, 207, 2, NULL, 1, '2013-11-19', '鈴木一郎', NULL, NULL, NULL, NULL, NULL, NULL),
(1604, 16, 208, 1, NULL, 1, '2013-11-19', '鈴木一郎', NULL, NULL, NULL, NULL, NULL, NULL),
(1605, 16, 209, 1, NULL, 1, '2013-11-19', '鈴木一郎', NULL, NULL, NULL, NULL, NULL, NULL),
(1606, 16, 210, 1, NULL, 1, '2013-11-19', '鈴木一郎', NULL, NULL, NULL, NULL, NULL, NULL),
(1607, 16, 211, 1, NULL, 1, '2013-11-19', '鈴木一郎', NULL, NULL, NULL, NULL, NULL, NULL),
(1608, 16, 213, 1, NULL, 1, '2013-11-19', '鈴木一郎', NULL, NULL, NULL, NULL, NULL, NULL),
(1609, 16, 214, 1, NULL, 1, '2013-11-19', '鈴木一郎', NULL, NULL, NULL, NULL, NULL, NULL),
(1610, 16, 215, 1, NULL, 1, '2013-11-19', '鈴木一郎', NULL, NULL, NULL, NULL, NULL, NULL),
(1611, 16, 216, 1, NULL, 1, '2013-11-19', '鈴木一郎', NULL, NULL, NULL, NULL, NULL, NULL),
(1612, 16, 217, 1, NULL, 1, '2013-11-19', '鈴木一郎', NULL, NULL, NULL, NULL, NULL, NULL),
(1613, 16, 218, 1, NULL, 1, '2013-11-19', '鈴木一郎', NULL, NULL, NULL, NULL, NULL, NULL),
(1614, 16, 219, 4, NULL, 2, '2013-11-19', '鈴木一郎', NULL, NULL, NULL, NULL, NULL, NULL),
(1615, 16, 220, 4, NULL, 2, '2013-11-19', '鈴木一郎', NULL, NULL, NULL, NULL, NULL, NULL),
(1616, 16, 221, 4, NULL, 2, '2013-11-19', '鈴木一郎', NULL, NULL, NULL, NULL, NULL, NULL),
(1617, 16, 222, 4, NULL, 2, '2013-11-19', '鈴木一郎', NULL, NULL, NULL, NULL, NULL, NULL),
(1618, 16, 223, 4, NULL, 2, '2013-11-19', '鈴木一郎', NULL, NULL, NULL, NULL, NULL, NULL),
(1619, 16, 224, 4, NULL, 2, '2013-11-19', '鈴木一郎', NULL, NULL, NULL, NULL, NULL, NULL),
(1620, 16, 225, 4, NULL, 2, '2013-11-19', '鈴木一郎', NULL, NULL, NULL, NULL, NULL, NULL),
(1621, 16, 226, 4, NULL, 2, '2013-11-19', '鈴木一郎', NULL, NULL, NULL, NULL, NULL, NULL),
(1622, 16, 227, 4, NULL, 2, '2013-11-19', '鈴木一郎', NULL, NULL, NULL, NULL, NULL, NULL),
(1623, 16, 228, 4, NULL, 2, '2013-11-19', '鈴木一郎', NULL, NULL, NULL, NULL, NULL, NULL),
(1624, 16, 229, 4, NULL, 2, '2013-11-19', '鈴木一郎', NULL, NULL, NULL, NULL, NULL, NULL),
(1625, 16, 230, 4, NULL, 2, '2013-11-19', '鈴木一郎', NULL, NULL, NULL, NULL, NULL, NULL),
(1626, 16, 231, 2, NULL, 1, '2013-11-19', '鈴木一郎', NULL, NULL, NULL, NULL, NULL, NULL),
(1627, 16, 232, 1, NULL, 1, '2013-11-19', '鈴木一郎', NULL, NULL, NULL, NULL, NULL, NULL),
(1628, 16, 233, 1, NULL, 1, '2013-11-19', '鈴木一郎', NULL, NULL, NULL, NULL, NULL, NULL),
(1629, 16, 234, 1, NULL, 1, '2013-11-19', '鈴木一郎', NULL, NULL, NULL, NULL, NULL, NULL);
INSERT INTO `audit_details` (`audit_detail_id`, `audit_id`, `document_id`, `judgment`, `audit_detail_file_id`, `valid_flag`, `user_update_date`, `user_update_name`, `register_datetime`, `register_user`, `register_process`, `update_datetime`, `update_user`, `update_process`) VALUES
(1630, 16, 235, 1, NULL, 1, '2013-11-19', '鈴木一郎', NULL, NULL, NULL, NULL, NULL, NULL),
(1631, 16, 236, 1, NULL, 1, '2013-11-19', '鈴木一郎', NULL, NULL, NULL, NULL, NULL, NULL),
(1632, 16, 237, 1, NULL, 1, '2013-11-19', '鈴木一郎', NULL, NULL, NULL, NULL, NULL, NULL),
(1633, 16, 238, 1, NULL, 1, '2013-11-19', '鈴木一郎', NULL, NULL, NULL, NULL, NULL, NULL),
(1634, 16, 239, 3, NULL, 1, '2013-11-19', '鈴木一郎', NULL, NULL, NULL, NULL, NULL, NULL),
(1635, 16, 240, 1, NULL, 1, '2013-11-19', '鈴木一郎', NULL, NULL, NULL, NULL, NULL, NULL),
(1636, 16, 241, 2, NULL, 1, '2013-11-19', '鈴木一郎', NULL, NULL, NULL, NULL, NULL, NULL),
(1637, 16, 242, 1, NULL, 1, '2013-11-19', '鈴木一郎', NULL, NULL, NULL, NULL, NULL, NULL),
(1638, 16, 243, 3, NULL, 1, '2013-11-19', '鈴木一郎', NULL, NULL, NULL, NULL, NULL, NULL),
(1639, 16, 244, 1, NULL, 1, '2013-11-19', '鈴木一郎', NULL, NULL, NULL, NULL, NULL, NULL),
(1640, 16, 245, 1, NULL, 1, '2013-11-19', '鈴木一郎', NULL, NULL, NULL, NULL, NULL, NULL),
(1641, 16, 481, 1, NULL, 1, '2013-11-19', '鈴木一郎', NULL, NULL, NULL, NULL, NULL, NULL),
(1642, 16, 482, 1, NULL, 1, '2013-11-19', '鈴木一郎', NULL, NULL, NULL, NULL, NULL, NULL),
(1643, 16, 484, 1, NULL, 1, '2013-11-19', '鈴木一郎', NULL, NULL, NULL, NULL, NULL, NULL),
(1644, 16, 485, 1, NULL, 1, '2013-11-19', '鈴木一郎', NULL, NULL, NULL, NULL, NULL, NULL),
(1645, 16, 486, 1, NULL, 1, '2013-11-19', '鈴木一郎', NULL, NULL, NULL, NULL, NULL, NULL),
(1646, 16, 489, 4, NULL, 2, '2013-11-19', '鈴木一郎', NULL, NULL, NULL, NULL, NULL, NULL),
(1647, 17, 21, 1, NULL, 1, '2013-11-19', '鈴木一郎', NULL, NULL, NULL, NULL, NULL, NULL),
(1648, 17, 22, 1, NULL, 1, '2013-11-19', '鈴木一郎', NULL, NULL, NULL, NULL, NULL, NULL),
(1649, 17, 23, 1, NULL, 1, '2013-11-19', '鈴木一郎', NULL, NULL, NULL, NULL, NULL, NULL),
(1650, 17, 24, 1, NULL, 1, '2013-11-19', '鈴木一郎', NULL, NULL, NULL, NULL, NULL, NULL),
(1651, 17, 25, 1, NULL, 1, '2013-11-19', '鈴木一郎', NULL, NULL, NULL, NULL, NULL, NULL),
(1652, 17, 26, 1, NULL, 1, '2013-11-19', '鈴木一郎', NULL, NULL, NULL, NULL, NULL, NULL),
(1653, 17, 27, 1, NULL, 1, '2013-11-19', '鈴木一郎', NULL, NULL, NULL, NULL, NULL, NULL),
(1654, 17, 28, 1, NULL, 1, '2013-11-19', '鈴木一郎', NULL, NULL, NULL, NULL, NULL, NULL),
(1655, 17, 29, 1, NULL, 1, '2013-11-19', '鈴木一郎', NULL, NULL, NULL, NULL, NULL, NULL),
(1656, 17, 30, 1, NULL, 1, '2013-11-19', '鈴木一郎', NULL, NULL, NULL, NULL, NULL, NULL),
(1657, 17, 31, 1, NULL, 1, '2013-11-19', '鈴木一郎', NULL, NULL, NULL, NULL, NULL, NULL),
(1658, 17, 32, 1, NULL, 1, '2013-11-19', '鈴木一郎', NULL, NULL, NULL, NULL, NULL, NULL),
(1659, 17, 33, 1, NULL, 1, '2013-11-19', '鈴木一郎', NULL, NULL, NULL, NULL, NULL, NULL),
(1660, 17, 34, 1, NULL, 1, '2013-11-19', '鈴木一郎', NULL, NULL, NULL, NULL, NULL, NULL),
(1661, 17, 35, 1, NULL, 1, '2013-11-19', '鈴木一郎', NULL, NULL, NULL, NULL, NULL, NULL),
(1662, 17, 36, 1, NULL, 1, '2013-11-19', '鈴木一郎', NULL, NULL, NULL, NULL, NULL, NULL),
(1663, 17, 37, 1, NULL, 1, '2013-11-19', '鈴木一郎', NULL, NULL, NULL, NULL, NULL, NULL),
(1664, 17, 38, 1, NULL, 1, '2013-11-19', '鈴木一郎', NULL, NULL, NULL, NULL, NULL, NULL),
(1665, 17, 39, 1, NULL, 1, '2013-11-19', '鈴木一郎', NULL, NULL, NULL, NULL, NULL, NULL),
(1666, 17, 40, 1, NULL, 1, '2013-11-19', '鈴木一郎', NULL, NULL, NULL, NULL, NULL, NULL),
(1667, 17, 41, 1, NULL, 1, '2013-11-19', '鈴木一郎', NULL, NULL, NULL, NULL, NULL, NULL),
(1668, 17, 42, 1, NULL, 1, '2013-11-19', '鈴木一郎', NULL, NULL, NULL, NULL, NULL, NULL),
(1669, 17, 43, 1, NULL, 1, '2013-11-19', '鈴木一郎', NULL, NULL, NULL, NULL, NULL, NULL),
(1670, 17, 44, 1, NULL, 1, '2013-11-19', '鈴木一郎', NULL, NULL, NULL, NULL, NULL, NULL),
(1671, 17, 45, 1, NULL, 1, '2013-11-19', '鈴木一郎', NULL, NULL, NULL, NULL, NULL, NULL),
(1672, 17, 46, 1, NULL, 1, '2013-11-19', '鈴木一郎', NULL, NULL, NULL, NULL, NULL, NULL),
(1673, 17, 47, 4, NULL, 2, '2013-11-19', '鈴木一郎', NULL, NULL, NULL, NULL, NULL, NULL),
(1674, 17, 48, 4, NULL, 2, '2013-11-19', '鈴木一郎', NULL, NULL, NULL, NULL, NULL, NULL),
(1675, 17, 49, 4, NULL, 2, '2013-11-19', '鈴木一郎', NULL, NULL, NULL, NULL, NULL, NULL),
(1676, 17, 50, 4, NULL, 2, '2013-11-19', '鈴木一郎', NULL, NULL, NULL, NULL, NULL, NULL),
(1677, 17, 51, 4, NULL, 2, '2013-11-19', '鈴木一郎', NULL, NULL, NULL, NULL, NULL, NULL),
(1678, 17, 52, 4, NULL, 2, '2013-11-19', '鈴木一郎', NULL, NULL, NULL, NULL, NULL, NULL),
(1679, 17, 53, 4, NULL, 2, '2013-11-19', '鈴木一郎', NULL, NULL, NULL, NULL, NULL, NULL),
(1680, 17, 54, 4, NULL, 2, '2013-11-19', '鈴木一郎', NULL, NULL, NULL, NULL, NULL, NULL),
(1681, 17, 55, 4, NULL, 2, '2013-11-19', '鈴木一郎', NULL, NULL, NULL, NULL, NULL, NULL),
(1682, 17, 56, 4, NULL, 2, '2013-11-19', '鈴木一郎', NULL, NULL, NULL, NULL, NULL, NULL),
(1683, 17, 57, 4, NULL, 2, '2013-11-19', '鈴木一郎', NULL, NULL, NULL, NULL, NULL, NULL),
(1684, 17, 58, 4, NULL, 2, '2013-11-19', '鈴木一郎', NULL, NULL, NULL, NULL, NULL, NULL),
(1685, 17, 59, 4, NULL, 2, '2013-11-19', '鈴木一郎', NULL, NULL, NULL, NULL, NULL, NULL),
(1686, 17, 60, 4, NULL, 2, '2013-11-19', '鈴木一郎', NULL, NULL, NULL, NULL, NULL, NULL),
(1687, 17, 61, 4, NULL, 2, '2013-11-19', '鈴木一郎', NULL, NULL, NULL, NULL, NULL, NULL),
(1688, 17, 62, 4, NULL, 2, '2013-11-19', '鈴木一郎', NULL, NULL, NULL, NULL, NULL, NULL),
(1689, 17, 64, 4, NULL, 2, '2013-11-19', '鈴木一郎', NULL, NULL, NULL, NULL, NULL, NULL),
(1690, 17, 65, 1, NULL, 1, '2013-11-19', '鈴木一郎', NULL, NULL, NULL, NULL, NULL, NULL),
(1691, 17, 66, 1, NULL, 1, '2013-11-19', '鈴木一郎', NULL, NULL, NULL, NULL, NULL, NULL),
(1692, 17, 67, 1, NULL, 1, '2013-11-19', '鈴木一郎', NULL, NULL, NULL, NULL, NULL, NULL),
(1693, 17, 68, 1, NULL, 1, '2013-11-19', '鈴木一郎', NULL, NULL, NULL, NULL, NULL, NULL),
(1694, 17, 69, 1, NULL, 1, '2013-11-19', '鈴木一郎', NULL, NULL, NULL, NULL, NULL, NULL),
(1695, 17, 70, 1, NULL, 1, '2013-11-19', '鈴木一郎', NULL, NULL, NULL, NULL, NULL, NULL),
(1696, 17, 71, 1, NULL, 1, '2013-11-19', '鈴木一郎', NULL, NULL, NULL, NULL, NULL, NULL),
(1697, 17, 72, 1, NULL, 1, '2013-11-19', '鈴木一郎', NULL, NULL, NULL, NULL, NULL, NULL),
(1698, 17, 73, 4, NULL, 2, '2013-11-19', '鈴木一郎', NULL, NULL, NULL, NULL, NULL, NULL),
(1699, 17, 74, 4, NULL, 2, '2013-11-19', '鈴木一郎', NULL, NULL, NULL, NULL, NULL, NULL),
(1700, 17, 75, 4, NULL, 2, '2013-11-19', '鈴木一郎', NULL, NULL, NULL, NULL, NULL, NULL),
(1701, 17, 76, 4, NULL, 2, '2013-11-19', '鈴木一郎', NULL, NULL, NULL, NULL, NULL, NULL),
(1702, 17, 77, 4, NULL, 2, '2013-11-19', '鈴木一郎', NULL, NULL, NULL, NULL, NULL, NULL),
(1703, 17, 78, 4, NULL, 2, '2013-11-19', '鈴木一郎', NULL, NULL, NULL, NULL, NULL, NULL),
(1704, 17, 79, 4, NULL, 2, '2013-11-19', '鈴木一郎', NULL, NULL, NULL, NULL, NULL, NULL),
(1705, 17, 80, 4, NULL, 2, '2013-11-19', '鈴木一郎', NULL, NULL, NULL, NULL, NULL, NULL),
(1706, 17, 81, 4, NULL, 2, '2013-11-19', '鈴木一郎', NULL, NULL, NULL, NULL, NULL, NULL),
(1707, 17, 82, 4, NULL, 2, '2013-11-19', '鈴木一郎', NULL, NULL, NULL, NULL, NULL, NULL),
(1708, 17, 83, 4, NULL, 2, '2013-11-19', '鈴木一郎', NULL, NULL, NULL, NULL, NULL, NULL),
(1709, 17, 84, 4, NULL, 2, '2013-11-19', '鈴木一郎', NULL, NULL, NULL, NULL, NULL, NULL),
(1710, 17, 85, 4, NULL, 2, '2013-11-19', '鈴木一郎', NULL, NULL, NULL, NULL, NULL, NULL),
(1711, 17, 86, 1, NULL, 1, '2013-11-19', '鈴木一郎', NULL, NULL, NULL, NULL, NULL, NULL),
(1712, 17, 87, 1, NULL, 1, '2013-11-19', '鈴木一郎', NULL, NULL, NULL, NULL, NULL, NULL),
(1713, 17, 88, 2, NULL, 1, '2013-11-19', '鈴木一郎', NULL, NULL, NULL, NULL, NULL, NULL),
(1714, 17, 89, 1, NULL, 1, '2013-11-19', '鈴木一郎', NULL, NULL, NULL, NULL, NULL, NULL),
(1715, 17, 90, 1, NULL, 1, '2013-11-19', '鈴木一郎', NULL, NULL, NULL, NULL, NULL, NULL),
(1716, 17, 91, 1, NULL, 1, '2013-11-19', '鈴木一郎', NULL, NULL, NULL, NULL, NULL, NULL),
(1717, 17, 92, 1, NULL, 1, '2013-11-19', '鈴木一郎', NULL, NULL, NULL, NULL, NULL, NULL),
(1718, 17, 93, 1, NULL, 1, '2013-11-19', '鈴木一郎', NULL, NULL, NULL, NULL, NULL, NULL),
(1719, 17, 94, 1, NULL, 1, '2013-11-19', '鈴木一郎', NULL, NULL, NULL, NULL, NULL, NULL),
(1720, 17, 95, 1, NULL, 1, '2013-11-19', '鈴木一郎', NULL, NULL, NULL, NULL, NULL, NULL),
(1721, 17, 96, 1, NULL, 1, '2013-11-19', '鈴木一郎', NULL, NULL, NULL, NULL, NULL, NULL),
(1722, 17, 97, 1, NULL, 1, '2013-11-19', '鈴木一郎', NULL, NULL, NULL, NULL, NULL, NULL),
(1723, 17, 98, 1, NULL, 1, '2013-11-19', '鈴木一郎', NULL, NULL, NULL, NULL, NULL, NULL),
(1724, 17, 99, 1, NULL, 1, '2013-11-19', '鈴木一郎', NULL, NULL, NULL, NULL, NULL, NULL),
(1725, 17, 100, 1, NULL, 1, '2013-11-19', '鈴木一郎', NULL, NULL, NULL, NULL, NULL, NULL),
(1726, 17, 101, 1, NULL, 1, '2013-11-19', '鈴木一郎', NULL, NULL, NULL, NULL, NULL, NULL),
(1727, 17, 102, 1, NULL, 1, '2013-11-19', '鈴木一郎', NULL, NULL, NULL, NULL, NULL, NULL),
(1728, 17, 103, 1, NULL, 1, '2013-11-19', '鈴木一郎', NULL, NULL, NULL, NULL, NULL, NULL),
(1729, 17, 104, 1, NULL, 1, '2013-11-19', '鈴木一郎', NULL, NULL, NULL, NULL, NULL, NULL),
(1730, 17, 105, 1, NULL, 1, '2013-11-19', '鈴木一郎', NULL, NULL, NULL, NULL, NULL, NULL),
(1731, 17, 106, 1, NULL, 1, '2013-11-19', '鈴木一郎', NULL, NULL, NULL, NULL, NULL, NULL),
(1732, 17, 107, 1, NULL, 1, '2013-11-19', '鈴木一郎', NULL, NULL, NULL, NULL, NULL, NULL),
(1733, 17, 111, 1, NULL, 1, '2013-11-19', '鈴木一郎', NULL, NULL, NULL, NULL, NULL, NULL),
(1734, 17, 112, 1, NULL, 1, '2013-11-19', '鈴木一郎', NULL, NULL, NULL, NULL, NULL, NULL),
(1735, 17, 113, 1, NULL, 1, '2013-11-19', '鈴木一郎', NULL, NULL, NULL, NULL, NULL, NULL),
(1736, 17, 114, 1, NULL, 1, '2013-11-19', '鈴木一郎', NULL, NULL, NULL, NULL, NULL, NULL),
(1737, 17, 115, 1, NULL, 1, '2013-11-19', '鈴木一郎', NULL, NULL, NULL, NULL, NULL, NULL),
(1738, 17, 116, 1, NULL, 1, '2013-11-19', '鈴木一郎', NULL, NULL, NULL, NULL, NULL, NULL),
(1739, 17, 117, 1, NULL, 1, '2013-11-19', '鈴木一郎', NULL, NULL, NULL, NULL, NULL, NULL),
(1740, 17, 118, 1, NULL, 1, '2013-11-19', '鈴木一郎', NULL, NULL, NULL, NULL, NULL, NULL),
(1741, 17, 119, 1, NULL, 1, '2013-11-19', '鈴木一郎', NULL, NULL, NULL, NULL, NULL, NULL),
(1742, 17, 120, 1, NULL, 1, '2013-11-19', '鈴木一郎', NULL, NULL, NULL, NULL, NULL, NULL),
(1743, 17, 121, 1, NULL, 1, '2013-11-19', '鈴木一郎', NULL, NULL, NULL, NULL, NULL, NULL),
(1744, 17, 122, 1, NULL, 1, '2013-11-19', '鈴木一郎', NULL, NULL, NULL, NULL, NULL, NULL),
(1745, 17, 123, 1, NULL, 1, '2013-11-19', '鈴木一郎', NULL, NULL, NULL, NULL, NULL, NULL),
(1746, 17, 127, 1, NULL, 1, '2013-11-19', '鈴木一郎', NULL, NULL, NULL, NULL, NULL, NULL),
(1747, 17, 128, 1, NULL, 1, '2013-11-19', '鈴木一郎', NULL, NULL, NULL, NULL, NULL, NULL),
(1748, 17, 129, 1, NULL, 1, '2013-11-19', '鈴木一郎', NULL, NULL, NULL, NULL, NULL, NULL),
(1749, 17, 130, 1, NULL, 1, '2013-11-19', '鈴木一郎', NULL, NULL, NULL, NULL, NULL, NULL),
(1750, 17, 131, 1, NULL, 1, '2013-11-19', '鈴木一郎', NULL, NULL, NULL, NULL, NULL, NULL),
(1751, 17, 132, 1, NULL, 1, '2013-11-19', '鈴木一郎', NULL, NULL, NULL, NULL, NULL, NULL),
(1752, 17, 133, 1, NULL, 1, '2013-11-19', '鈴木一郎', NULL, NULL, NULL, NULL, NULL, NULL),
(1753, 17, 134, 1, NULL, 1, '2013-11-19', '鈴木一郎', NULL, NULL, NULL, NULL, NULL, NULL),
(1754, 17, 135, 4, NULL, 2, '2013-11-19', '鈴木一郎', NULL, NULL, NULL, NULL, NULL, NULL),
(1755, 17, 136, 4, NULL, 2, '2013-11-19', '鈴木一郎', NULL, NULL, NULL, NULL, NULL, NULL),
(1756, 17, 137, 4, NULL, 2, '2013-11-19', '鈴木一郎', NULL, NULL, NULL, NULL, NULL, NULL),
(1757, 17, 138, 4, NULL, 2, '2013-11-19', '鈴木一郎', NULL, NULL, NULL, NULL, NULL, NULL),
(1758, 17, 139, 4, NULL, 2, '2013-11-19', '鈴木一郎', NULL, NULL, NULL, NULL, NULL, NULL),
(1759, 17, 140, 4, NULL, 2, '2013-11-19', '鈴木一郎', NULL, NULL, NULL, NULL, NULL, NULL),
(1760, 17, 141, 4, NULL, 2, '2013-11-19', '鈴木一郎', NULL, NULL, NULL, NULL, NULL, NULL),
(1761, 17, 142, 4, NULL, 2, '2013-11-19', '鈴木一郎', NULL, NULL, NULL, NULL, NULL, NULL),
(1762, 17, 143, 4, NULL, 2, '2013-11-19', '鈴木一郎', NULL, NULL, NULL, NULL, NULL, NULL),
(1763, 17, 144, 4, NULL, 2, '2013-11-19', '鈴木一郎', NULL, NULL, NULL, NULL, NULL, NULL),
(1764, 17, 145, 4, NULL, 2, '2013-11-19', '鈴木一郎', NULL, NULL, NULL, NULL, NULL, NULL),
(1765, 17, 146, 4, NULL, 2, '2013-11-19', '鈴木一郎', NULL, NULL, NULL, NULL, NULL, NULL),
(1766, 17, 147, 4, NULL, 2, '2013-11-19', '鈴木一郎', NULL, NULL, NULL, NULL, NULL, NULL),
(1767, 17, 148, 4, NULL, 2, '2013-11-19', '鈴木一郎', NULL, NULL, NULL, NULL, NULL, NULL),
(1768, 17, 149, 4, NULL, 2, '2013-11-19', '鈴木一郎', NULL, NULL, NULL, NULL, NULL, NULL),
(1769, 17, 150, 4, NULL, 2, '2013-11-19', '鈴木一郎', NULL, NULL, NULL, NULL, NULL, NULL),
(1770, 17, 151, 1, NULL, 1, '2013-11-19', '鈴木一郎', NULL, NULL, NULL, NULL, NULL, NULL),
(1771, 17, 152, 1, NULL, 1, '2013-11-19', '鈴木一郎', NULL, NULL, NULL, NULL, NULL, NULL),
(1772, 17, 153, 1, NULL, 1, '2013-11-19', '鈴木一郎', NULL, NULL, NULL, NULL, NULL, NULL),
(1773, 17, 154, 1, NULL, 1, '2013-11-19', '鈴木一郎', NULL, NULL, NULL, NULL, NULL, NULL),
(1774, 17, 155, 1, NULL, 1, '2013-11-19', '鈴木一郎', NULL, NULL, NULL, NULL, NULL, NULL),
(1775, 17, 156, 1, NULL, 1, '2013-11-19', '鈴木一郎', NULL, NULL, NULL, NULL, NULL, NULL),
(1776, 17, 157, 1, NULL, 1, '2013-11-19', '鈴木一郎', NULL, NULL, NULL, NULL, NULL, NULL),
(1777, 17, 158, 1, NULL, 1, '2013-11-19', '鈴木一郎', NULL, NULL, NULL, NULL, NULL, NULL),
(1778, 17, 159, 1, NULL, 1, '2013-11-19', '鈴木一郎', NULL, NULL, NULL, NULL, NULL, NULL),
(1779, 17, 160, 1, NULL, 1, '2013-11-19', '鈴木一郎', NULL, NULL, NULL, NULL, NULL, NULL),
(1780, 17, 161, 1, NULL, 1, '2013-11-19', '鈴木一郎', NULL, NULL, NULL, NULL, NULL, NULL),
(1781, 17, 162, 1, NULL, 1, '2013-11-19', '鈴木一郎', NULL, NULL, NULL, NULL, NULL, NULL),
(1782, 17, 163, 1, NULL, 1, '2013-11-19', '鈴木一郎', NULL, NULL, NULL, NULL, NULL, NULL),
(1783, 17, 164, 1, NULL, 1, '2013-11-19', '鈴木一郎', NULL, NULL, NULL, NULL, NULL, NULL),
(1784, 17, 165, 1, NULL, 1, '2013-11-19', '鈴木一郎', NULL, NULL, NULL, NULL, NULL, NULL),
(1785, 17, 166, 1, NULL, 1, '2013-11-19', '鈴木一郎', NULL, NULL, NULL, NULL, NULL, NULL),
(1786, 17, 167, 1, NULL, 1, '2013-11-19', '鈴木一郎', NULL, NULL, NULL, NULL, NULL, NULL),
(1787, 17, 168, 1, NULL, 1, '2013-11-19', '鈴木一郎', NULL, NULL, NULL, NULL, NULL, NULL),
(1788, 17, 169, 1, NULL, 1, '2013-11-19', '鈴木一郎', NULL, NULL, NULL, NULL, NULL, NULL),
(1789, 17, 170, 1, NULL, 1, '2013-11-19', '鈴木一郎', NULL, NULL, NULL, NULL, NULL, NULL),
(1790, 17, 171, 1, NULL, 1, '2013-11-19', '鈴木一郎', NULL, NULL, NULL, NULL, NULL, NULL),
(1791, 17, 172, 1, NULL, 1, '2013-11-19', '鈴木一郎', NULL, NULL, NULL, NULL, NULL, NULL),
(1792, 17, 173, 1, NULL, 1, '2013-11-19', '鈴木一郎', NULL, NULL, NULL, NULL, NULL, NULL),
(1793, 17, 174, 4, NULL, 2, '2013-11-19', '鈴木一郎', NULL, NULL, NULL, NULL, NULL, NULL),
(1794, 17, 175, 4, NULL, 2, '2013-11-19', '鈴木一郎', NULL, NULL, NULL, NULL, NULL, NULL),
(1795, 17, 176, 4, NULL, 2, '2013-11-19', '鈴木一郎', NULL, NULL, NULL, NULL, NULL, NULL),
(1796, 17, 177, 4, NULL, 2, '2013-11-19', '鈴木一郎', NULL, NULL, NULL, NULL, NULL, NULL),
(1797, 17, 178, 4, NULL, 2, '2013-11-19', '鈴木一郎', NULL, NULL, NULL, NULL, NULL, NULL),
(1798, 17, 179, 4, NULL, 2, '2013-11-19', '鈴木一郎', NULL, NULL, NULL, NULL, NULL, NULL),
(1799, 17, 180, 4, NULL, 2, '2013-11-19', '鈴木一郎', NULL, NULL, NULL, NULL, NULL, NULL),
(1800, 17, 181, 4, NULL, 2, '2013-11-19', '鈴木一郎', NULL, NULL, NULL, NULL, NULL, NULL),
(1801, 17, 182, 4, NULL, 2, '2013-11-19', '鈴木一郎', NULL, NULL, NULL, NULL, NULL, NULL),
(1802, 17, 183, 4, NULL, 2, '2013-11-19', '鈴木一郎', NULL, NULL, NULL, NULL, NULL, NULL),
(1803, 17, 184, 4, NULL, 2, '2013-11-19', '鈴木一郎', NULL, NULL, NULL, NULL, NULL, NULL),
(1804, 17, 185, 4, NULL, 2, '2013-11-19', '鈴木一郎', NULL, NULL, NULL, NULL, NULL, NULL),
(1805, 17, 186, 4, NULL, 2, '2013-11-19', '鈴木一郎', NULL, NULL, NULL, NULL, NULL, NULL),
(1806, 17, 187, 4, NULL, 2, '2013-11-19', '鈴木一郎', NULL, NULL, NULL, NULL, NULL, NULL),
(1807, 17, 188, 4, NULL, 2, '2013-11-19', '鈴木一郎', NULL, NULL, NULL, NULL, NULL, NULL),
(1808, 17, 189, 4, NULL, 2, '2013-11-19', '鈴木一郎', NULL, NULL, NULL, NULL, NULL, NULL),
(1809, 17, 190, 4, NULL, 2, '2013-11-19', '鈴木一郎', NULL, NULL, NULL, NULL, NULL, NULL),
(1810, 17, 191, 1, NULL, 1, '2013-11-19', '鈴木一郎', NULL, NULL, NULL, NULL, NULL, NULL),
(1811, 17, 192, 1, NULL, 1, '2013-11-19', '鈴木一郎', NULL, NULL, NULL, NULL, NULL, NULL),
(1812, 17, 193, 1, NULL, 1, '2013-11-19', '鈴木一郎', NULL, NULL, NULL, NULL, NULL, NULL),
(1813, 17, 194, 1, NULL, 1, '2013-11-19', '鈴木一郎', NULL, NULL, NULL, NULL, NULL, NULL),
(1814, 17, 195, 1, NULL, 1, '2013-11-19', '鈴木一郎', NULL, NULL, NULL, NULL, NULL, NULL),
(1815, 17, 196, 1, NULL, 1, '2013-11-19', '鈴木一郎', NULL, NULL, NULL, NULL, NULL, NULL),
(1816, 17, 201, 1, NULL, 1, '2013-11-19', '鈴木一郎', NULL, NULL, NULL, NULL, NULL, NULL),
(1817, 17, 202, 1, NULL, 1, '2013-11-19', '鈴木一郎', NULL, NULL, NULL, NULL, NULL, NULL),
(1818, 17, 203, 1, NULL, 1, '2013-11-19', '鈴木一郎', NULL, NULL, NULL, NULL, NULL, NULL),
(1819, 17, 204, 1, NULL, 1, '2013-11-19', '鈴木一郎', NULL, NULL, NULL, NULL, NULL, NULL),
(1820, 17, 205, 1, NULL, 1, '2013-11-19', '鈴木一郎', NULL, NULL, NULL, NULL, NULL, NULL),
(1821, 17, 206, 2, NULL, 1, '2013-11-19', '鈴木一郎', NULL, NULL, NULL, NULL, NULL, NULL),
(1822, 17, 207, 1, NULL, 1, '2013-11-19', '鈴木一郎', NULL, NULL, NULL, NULL, NULL, NULL),
(1823, 17, 208, 1, NULL, 1, '2013-11-19', '鈴木一郎', NULL, NULL, NULL, NULL, NULL, NULL),
(1824, 17, 209, 1, NULL, 1, '2013-11-19', '鈴木一郎', NULL, NULL, NULL, NULL, NULL, NULL),
(1825, 17, 210, 1, NULL, 1, '2013-11-19', '鈴木一郎', NULL, NULL, NULL, NULL, NULL, NULL),
(1826, 17, 211, 1, NULL, 1, '2013-11-19', '鈴木一郎', NULL, NULL, NULL, NULL, NULL, NULL),
(1827, 17, 213, 1, NULL, 1, '2013-11-19', '鈴木一郎', NULL, NULL, NULL, NULL, NULL, NULL),
(1828, 17, 214, 1, NULL, 1, '2013-11-19', '鈴木一郎', NULL, NULL, NULL, NULL, NULL, NULL),
(1829, 17, 215, 1, NULL, 1, '2013-11-19', '鈴木一郎', NULL, NULL, NULL, NULL, NULL, NULL),
(1830, 17, 216, 1, NULL, 1, '2013-11-19', '鈴木一郎', NULL, NULL, NULL, NULL, NULL, NULL),
(1831, 17, 217, 1, NULL, 1, '2013-11-19', '鈴木一郎', NULL, NULL, NULL, NULL, NULL, NULL),
(1832, 17, 218, 1, NULL, 1, '2013-11-19', '鈴木一郎', NULL, NULL, NULL, NULL, NULL, NULL),
(1833, 17, 219, 1, NULL, 1, '2013-11-19', '鈴木一郎', NULL, NULL, NULL, NULL, NULL, NULL),
(1834, 17, 220, 1, NULL, 1, '2013-11-19', '鈴木一郎', NULL, NULL, NULL, NULL, NULL, NULL),
(1835, 17, 221, 2, NULL, 1, '2013-11-19', '鈴木一郎', NULL, NULL, NULL, NULL, NULL, NULL),
(1836, 17, 222, 1, NULL, 1, '2013-11-19', '鈴木一郎', NULL, NULL, NULL, NULL, NULL, NULL),
(1837, 17, 223, 1, NULL, 1, '2013-11-19', '鈴木一郎', NULL, NULL, NULL, NULL, NULL, NULL),
(1838, 17, 224, 1, NULL, 1, '2013-11-19', '鈴木一郎', NULL, NULL, NULL, NULL, NULL, NULL),
(1839, 17, 225, 1, NULL, 1, '2013-11-19', '鈴木一郎', NULL, NULL, NULL, NULL, NULL, NULL),
(1840, 17, 226, 1, NULL, 1, '2013-11-19', '鈴木一郎', NULL, NULL, NULL, NULL, NULL, NULL),
(1841, 17, 227, 1, NULL, 1, '2013-11-19', '鈴木一郎', NULL, NULL, NULL, NULL, NULL, NULL),
(1842, 17, 228, 1, NULL, 1, '2013-11-19', '鈴木一郎', NULL, NULL, NULL, NULL, NULL, NULL),
(1843, 17, 229, 1, NULL, 1, '2013-11-19', '鈴木一郎', NULL, NULL, NULL, NULL, NULL, NULL),
(1844, 17, 230, 1, NULL, 1, '2013-11-19', '鈴木一郎', NULL, NULL, NULL, NULL, NULL, NULL),
(1845, 17, 231, 1, NULL, 1, '2013-11-19', '鈴木一郎', NULL, NULL, NULL, NULL, NULL, NULL),
(1846, 17, 232, 1, NULL, 1, '2013-11-19', '鈴木一郎', NULL, NULL, NULL, NULL, NULL, NULL),
(1847, 17, 233, 1, NULL, 1, '2013-11-19', '鈴木一郎', NULL, NULL, NULL, NULL, NULL, NULL),
(1848, 17, 234, 1, NULL, 1, '2013-11-19', '鈴木一郎', NULL, NULL, NULL, NULL, NULL, NULL),
(1849, 17, 235, 1, NULL, 1, '2013-11-19', '鈴木一郎', NULL, NULL, NULL, NULL, NULL, NULL),
(1850, 17, 236, 1, NULL, 1, '2013-11-19', '鈴木一郎', NULL, NULL, NULL, NULL, NULL, NULL),
(1851, 17, 237, 2, NULL, 1, '2013-11-19', '鈴木一郎', NULL, NULL, NULL, NULL, NULL, NULL),
(1852, 17, 238, 1, NULL, 1, '2013-11-19', '鈴木一郎', NULL, NULL, NULL, NULL, NULL, NULL),
(1853, 17, 239, 1, NULL, 1, '2013-11-19', '鈴木一郎', NULL, NULL, NULL, NULL, NULL, NULL),
(1854, 17, 240, 1, NULL, 1, '2013-11-19', '鈴木一郎', NULL, NULL, NULL, NULL, NULL, NULL),
(1855, 17, 241, 1, NULL, 1, '2013-11-19', '鈴木一郎', NULL, NULL, NULL, NULL, NULL, NULL),
(1856, 17, 242, 1, NULL, 1, '2013-11-19', '鈴木一郎', NULL, NULL, NULL, NULL, NULL, NULL),
(1857, 17, 243, 1, NULL, 1, '2013-11-19', '鈴木一郎', NULL, NULL, NULL, NULL, NULL, NULL),
(1858, 17, 244, 1, NULL, 1, '2013-11-19', '鈴木一郎', NULL, NULL, NULL, NULL, NULL, NULL),
(1859, 17, 245, 1, NULL, 1, '2013-11-19', '鈴木一郎', NULL, NULL, NULL, NULL, NULL, NULL),
(1860, 17, 481, 1, NULL, 1, '2013-11-19', '鈴木一郎', NULL, NULL, NULL, NULL, NULL, NULL),
(1861, 17, 482, 1, NULL, 1, '2013-11-19', '鈴木一郎', NULL, NULL, NULL, NULL, NULL, NULL),
(1862, 17, 484, 1, NULL, 1, '2013-11-19', '鈴木一郎', NULL, NULL, NULL, NULL, NULL, NULL),
(1863, 17, 485, 1, NULL, 1, '2013-11-19', '鈴木一郎', NULL, NULL, NULL, NULL, NULL, NULL),
(1864, 17, 486, 1, NULL, 1, '2013-11-19', '鈴木一郎', NULL, NULL, NULL, NULL, NULL, NULL),
(1865, 17, 489, 1, NULL, 1, '2013-11-19', '鈴木一郎', NULL, NULL, NULL, NULL, NULL, NULL),
(1866, 17, 491, 1, NULL, 1, '2013-11-19', '鈴木一郎', NULL, NULL, NULL, NULL, NULL, NULL);

-- --------------------------------------------------------

--
-- テーブルの構造 `audit_detail_files`
--

CREATE TABLE IF NOT EXISTS `audit_detail_files` (
  `audit_detail_file_id` int(11) NOT NULL AUTO_INCREMENT COMMENT '監査詳細ファイルID',
  `audit_detail_id` int(11) NOT NULL COMMENT '監査詳細ID',
  `audit_detail_file_path` varchar(50) NOT NULL COMMENT '監査詳細ファイルパス',
  `audit_detail_file_name` varchar(50) NOT NULL COMMENT '監査詳細ファイル名',
  `audit_detail_physical_file_name'` varchar(30) NOT NULL COMMENT '物理ファイル名',
  `register_datetime` datetime DEFAULT NULL,
  `register_user` varchar(30) DEFAULT NULL,
  `register_process` varchar(30) DEFAULT NULL,
  `update_datetime` datetime DEFAULT NULL,
  `update_user` varchar(30) DEFAULT NULL,
  `update_process` varchar(30) DEFAULT NULL,
  PRIMARY KEY (`audit_detail_file_id`)
) ENGINE=InnoDB  DEFAULT CHARSET=utf8 PACK_KEYS=0 COMMENT='監査詳細ファイルテーブル' AUTO_INCREMENT=86 ;

--
-- テーブルのデータのダンプ `audit_detail_files`
--

INSERT INTO `audit_detail_files` (`audit_detail_file_id`, `audit_detail_id`, `audit_detail_file_path`, `audit_detail_file_name`, `audit_detail_physical_file_name'`, `register_datetime`, `register_user`, `register_process`, `update_datetime`, `update_user`, `update_process`) VALUES
(43, 639, '', '田村様.pdf', '', '2013-11-19 17:15:13', '0', NULL, NULL, NULL, NULL),
(44, 620, '', '田村様.pdf', '', '2013-11-19 17:16:23', '0', NULL, NULL, NULL, NULL),
(45, 621, 'audit_detail_0003_00000000045.', '田村様.pdf', '', '2013-11-19 17:17:27', '0', NULL, NULL, NULL, NULL),
(46, 622, 'audit_detail_0003_00000000046.', '田村様.pdf', '', '2013-11-19 17:18:34', '0', NULL, NULL, NULL, NULL),
(47, 623, 'audit_detail_0003_00000000047.', '田村様.pdf', '', '2013-11-19 17:19:45', '0', NULL, NULL, NULL, NULL),
(48, 624, 'files/audit_details', 'bunbo lvl2.docx', '', '2013-11-19 17:20:45', '0', NULL, NULL, NULL, NULL),
(49, 625, 'files/audit_details', '田村様.pdf', '', '2013-11-19 17:22:45', '0', NULL, NULL, NULL, NULL),
(50, 626, '', '田村様.pdf', 'files/audit_details', '2013-11-19 17:23:57', '0', NULL, NULL, NULL, NULL),
(51, 627, '', '田村様.pdf', '', '2013-11-19 17:24:50', '0', NULL, NULL, NULL, NULL),
(52, 628, '', '田村様.pdf', '', '2013-11-19 17:26:00', '0', NULL, NULL, NULL, NULL),
(53, 629, '', 'babi.png', 'files/audit_details', '2013-11-19 17:26:38', '0', NULL, NULL, NULL, NULL),
(54, 630, '', '田村様.pdf', 'audit_detail_0003_00000000054.', '2013-11-19 17:27:49', '0', NULL, NULL, NULL, NULL),
(55, 631, '', '田村様.pdf', 'audit_detail_0003_00000000055.', '2013-11-19 17:33:29', '0', NULL, NULL, NULL, NULL),
(56, 632, 'audit_detail_0003_00000000056.', '田村様.pdf', '', '2013-11-19 17:42:52', '0', NULL, NULL, NULL, NULL),
(57, 633, 'audit_detail_0003_00000000057.pdf', '田村様.pdf', '', '2013-11-19 17:43:58', '0', NULL, NULL, NULL, NULL),
(58, 634, 'audit_detail_0003_00000000058.pdf', '田村様.pdf', '', '2013-11-19 17:45:23', '0', NULL, NULL, NULL, NULL),
(59, 90, 'audit_detail_1001_00000000059.pdf', '添付テスト.pdf', '', '2013-11-19 19:35:40', '0', NULL, NULL, NULL, NULL),
(60, 640, 'audit_detail_0003_00000000060.pdf', '添付テスト.pdf', '', '2013-11-19 19:48:10', '0', NULL, NULL, NULL, NULL),
(61, 308, 'audit_detail_1001_00000000061.pdf', '田村様.pdf', '', '2013-11-19 19:50:50', '0', NULL, NULL, NULL, NULL),
(62, 309, 'audit_detail_1001_00000000062.pdf', '田村様.pdf', '', '2013-11-19 19:51:13', '0', NULL, NULL, NULL, NULL),
(63, 310, 'audit_detail_1001_00000000063.docx', 'handoutBibiday.docx', '', '2013-11-19 19:51:27', '0', NULL, NULL, NULL, NULL),
(64, 1, 'audit_detail_0003_00000000064.jpg', '1075692_681155501900821_1989119817_n.jpg', '', '2013-11-19 19:53:31', '0', NULL, NULL, NULL, NULL),
(65, 2, 'audit_detail_0003_00000000065.jpg', '1098432_679837082044795_1971906594_n.jpg', '', '2013-11-19 20:03:05', '0', NULL, NULL, NULL, NULL),
(66, 641, 'audit_detail_0003_00000000066.pdf', '添付テスト.pdf', '', '2013-11-19 20:03:56', '0', NULL, NULL, NULL, NULL),
(67, 4, 'audit_detail_0003_00000000067.jpg', '1098432_679837082044795_1971906594_n.jpg', '', '2013-11-19 20:07:13', '0', NULL, NULL, NULL, NULL),
(68, 27, 'audit_detail_0003_00000000068.pdf', 'SBD_FEHN_102013.pdf', '', '2013-11-19 20:18:13', '0', NULL, NULL, NULL, NULL),
(69, 27, 'audit_detail_0003_00000000069.pdf', 'search-engine-optimization-starter-guide-vi.pdf', '', '2013-11-19 20:18:14', '0', NULL, NULL, NULL, NULL),
(70, 27, 'audit_detail_0003_00000000070.ppt', 'present_beta.ppt', '', '2013-11-19 20:18:15', '0', NULL, NULL, NULL, NULL),
(71, 27, 'audit_detail_0003_00000000071.pdf', 'quy_dinh_toeic_k54-2013.pdf', '', '2013-11-19 20:18:16', '0', NULL, NULL, NULL, NULL),
(72, 27, 'audit_detail_0003_00000000072.pdf', 'S5958v2.pdf', '', '2013-11-19 20:18:16', '0', NULL, NULL, NULL, NULL),
(73, 28, 'audit_detail_0003_00000000073.pdf', 'SBD_FEHN_102013.pdf', '', '2013-11-19 20:18:51', '0', NULL, NULL, NULL, NULL),
(74, 28, 'audit_detail_0003_00000000074.pdf', 'search-engine-optimization-starter-guide-vi.pdf', '', '2013-11-19 20:18:52', '0', NULL, NULL, NULL, NULL),
(75, 28, 'audit_detail_0003_00000000075.ppt', 'present_beta.ppt', '', '2013-11-19 20:18:53', '0', NULL, NULL, NULL, NULL),
(76, 28, 'audit_detail_0003_00000000076.pdf', 'quy_dinh_toeic_k54-2013.pdf', '', '2013-11-19 20:18:54', '0', NULL, NULL, NULL, NULL),
(77, 28, 'audit_detail_0003_00000000077.pdf', 'S5958v2.pdf', '', '2013-11-19 20:18:55', '0', NULL, NULL, NULL, NULL),
(78, 29, 'audit_detail_0003_00000000078.pdf', 'S5958v2.pdf', '', '2013-11-19 20:20:34', '0', NULL, NULL, NULL, NULL),
(79, 29, 'audit_detail_0003_00000000079.pdf', 'SBD_FEHN_102013.pdf', '', '2013-11-19 20:20:34', '0', NULL, NULL, NULL, NULL),
(80, 29, 'audit_detail_0003_00000000080.pdf', 'search-engine-optimization-starter-guide-vi.pdf', '', '2013-11-19 20:20:34', '0', NULL, NULL, NULL, NULL),
(81, 29, 'audit_detail_0003_00000000081.ppt', 'present_beta.ppt', '', '2013-11-19 20:20:36', '0', NULL, NULL, NULL, NULL),
(82, 29, 'audit_detail_0003_00000000082.pdf', 'quy_dinh_toeic_k54-2013.pdf', '', '2013-11-19 20:20:36', '0', NULL, NULL, NULL, NULL),
(83, 30, 'audit_detail_0003_00000000083.pdf', 'search-engine-optimization-starter-guide-vi.pdf', '', '2013-11-19 20:20:44', '0', NULL, NULL, NULL, NULL),
(84, 27, 'audit_detail_0003_00000000084.pdf', '添付テスト.pdf', '', '2013-11-19 20:23:12', '0', NULL, NULL, NULL, NULL),
(85, 31, 'audit_detail_0003_00000000085.JPG', 'IMG_0299.JPG', '', '2013-11-19 20:39:27', '0', NULL, NULL, NULL, NULL);

-- --------------------------------------------------------

--
-- テーブルの構造 `audit_files`
--

CREATE TABLE IF NOT EXISTS `audit_files` (
  `audit_file_id` int(11) NOT NULL AUTO_INCREMENT COMMENT '監査ファイルID',
  `audit_id` int(11) NOT NULL COMMENT '監査ID',
  `audit_file_path` varchar(50) NOT NULL COMMENT '監査ファイルパス',
  `audit_file_name` varchar(50) NOT NULL COMMENT '監査ファイル名',
  `audit_physical_file_name` varchar(50) NOT NULL COMMENT '物理ファイル名',
  `register_datetime` datetime DEFAULT NULL,
  `register_user` varchar(30) DEFAULT NULL,
  `register_process` varchar(30) DEFAULT NULL,
  `update_datetime` datetime DEFAULT NULL,
  `update_user` varchar(30) DEFAULT NULL,
  `update_process` varchar(30) DEFAULT NULL,
  PRIMARY KEY (`audit_file_id`)
) ENGINE=InnoDB  DEFAULT CHARSET=utf8 COMMENT='監査ファイルテーブル' AUTO_INCREMENT=16 ;

--
-- テーブルのデータのダンプ `audit_files`
--

INSERT INTO `audit_files` (`audit_file_id`, `audit_id`, `audit_file_path`, `audit_file_name`, `audit_physical_file_name`, `register_datetime`, `register_user`, `register_process`, `update_datetime`, `update_user`, `update_process`) VALUES
(2, 13, 'files/audits/', '権限.txt', '', '2013-11-15 18:44:20', '0', NULL, NULL, NULL, NULL),
(4, 15, 'files/audits/', '田村様.pdf', '', '2013-11-18 20:42:18', '0', NULL, NULL, NULL, NULL),
(5, 3, 'audit_1001_00000000005.pdf', '田村様.pdf', '', '2013-11-19 18:13:03', '0', NULL, NULL, NULL, NULL),
(7, 2, 'audit_1001_00000000007.pdf', '添付テスト.pdf', '', '2013-11-19 18:26:59', '0', NULL, NULL, NULL, NULL),
(8, 16, 'audit_0112_00000000008.txt', 'あああ.txt', '', '2013-11-19 18:51:23', '0', NULL, NULL, NULL, NULL);

-- --------------------------------------------------------

--
-- テーブルの構造 `authorities`
--

CREATE TABLE IF NOT EXISTS `authorities` (
  `idauthority_id` int(11) NOT NULL COMMENT '権限ID',
  `name` varchar(30) NOT NULL COMMENT '権限名',
  `register_datetime` datetime DEFAULT NULL,
  `register_user` varchar(30) DEFAULT NULL,
  `register_process` varchar(30) DEFAULT NULL,
  `update_datetime` datetime DEFAULT NULL,
  `update_user` varchar(30) DEFAULT NULL,
  `update_process` varchar(30) DEFAULT NULL,
  PRIMARY KEY (`idauthority_id`)
) ENGINE=InnoDB DEFAULT CHARSET=utf8 COMMENT='権限マスタ';

--
-- テーブルのデータのダンプ `authorities`
--

INSERT INTO `authorities` (`idauthority_id`, `name`, `register_datetime`, `register_user`, `register_process`, `update_datetime`, `update_user`, `update_process`) VALUES
(1, 'OPS担当者', NULL, NULL, NULL, NULL, NULL, NULL),
(2, 'OPS責任者', NULL, NULL, NULL, NULL, NULL, NULL),
(3, '内部監査室', NULL, NULL, NULL, NULL, NULL, NULL),
(4, '情報システム部', NULL, NULL, NULL, NULL, NULL, NULL);

-- --------------------------------------------------------

--
-- テーブルの構造 `categories`
--

CREATE TABLE IF NOT EXISTS `categories` (
  `category_id` int(11) NOT NULL COMMENT 'カテゴリーID',
  `item_id` int(11) NOT NULL COMMENT 'ジャンルID',
  `category_name` varchar(30) NOT NULL COMMENT 'カテゴリー名',
  `register_datetime` datetime DEFAULT NULL,
  `register_user` varchar(30) DEFAULT NULL,
  `register_process` varchar(30) DEFAULT NULL,
  `update_datetime` datetime DEFAULT NULL,
  `update_user` varchar(30) DEFAULT NULL,
  `update_process` varchar(30) DEFAULT NULL,
  PRIMARY KEY (`category_id`),
  KEY `item_id` (`item_id`)
) ENGINE=InnoDB DEFAULT CHARSET=utf8 COMMENT='カテゴリーマスタ';

--
-- テーブルのデータのダンプ `categories`
--

INSERT INTO `categories` (`category_id`, `item_id`, `category_name`, `register_datetime`, `register_user`, `register_process`, `update_datetime`, `update_user`, `update_process`) VALUES
(1, 1, '小口現金', NULL, NULL, NULL, NULL, NULL, NULL),
(2, 1, '小口配金', NULL, NULL, NULL, NULL, NULL, NULL),
(3, 1, '金庫準備金', NULL, NULL, NULL, NULL, NULL, NULL),
(4, 1, '業務委託社管理金庫準備金', NULL, NULL, NULL, NULL, NULL, NULL),
(5, 1, '残置金', NULL, NULL, NULL, NULL, NULL, NULL),
(6, 1, '釣銭準備金', NULL, NULL, NULL, NULL, NULL, NULL),
(7, 1, '買取準備金', NULL, NULL, NULL, NULL, NULL, NULL),
(8, 1, 'ＧＰ共通ギフトカード', NULL, NULL, NULL, NULL, NULL, NULL),
(9, 1, 'ＪＣＢギフトカード', NULL, NULL, NULL, NULL, NULL, NULL),
(10, 1, '小口預金口座', NULL, NULL, NULL, NULL, NULL, NULL),
(11, 1, '経費用切手', NULL, NULL, NULL, NULL, NULL, NULL),
(12, 1, '販売用切手', NULL, NULL, NULL, NULL, NULL, NULL),
(13, 1, 'ＣＤサービス券', NULL, NULL, NULL, NULL, NULL, NULL),
(14, 1, '自動車防犯登録証', NULL, NULL, NULL, NULL, NULL, NULL),
(15, 1, '家電リサイクル券', NULL, NULL, NULL, NULL, NULL, NULL),
(16, 1, 'その他金券（店舗保管）', NULL, NULL, NULL, NULL, NULL, NULL),
(17, 1, '領収書', NULL, NULL, NULL, NULL, NULL, NULL),
(18, 1, '拾得金・拾得物', NULL, NULL, NULL, NULL, NULL, NULL),
(19, 1, '自動販売機売上', NULL, NULL, NULL, NULL, NULL, NULL),
(20, 1, '自動販売機立替金庫', NULL, NULL, NULL, NULL, NULL, NULL),
(21, 1, '金庫', NULL, NULL, NULL, NULL, NULL, NULL),
(22, 1, '金庫室がある', NULL, NULL, NULL, NULL, NULL, NULL),
(23, 1, '金庫室がない', NULL, NULL, NULL, NULL, NULL, NULL),
(24, 1, '指定書類保管キャビネット', NULL, NULL, NULL, NULL, NULL, NULL),
(25, 1, 'レジ違算', NULL, NULL, NULL, NULL, NULL, NULL),
(26, 1, 'レジ記録表', NULL, NULL, NULL, NULL, NULL, NULL),
(27, 1, '下取り', NULL, NULL, NULL, NULL, NULL, NULL),
(28, 1, 'その他', NULL, NULL, NULL, NULL, NULL, NULL),
(29, 2, '小口', NULL, NULL, NULL, NULL, NULL, NULL),
(30, 2, '金券', NULL, NULL, NULL, NULL, NULL, NULL),
(31, 2, '違算', NULL, NULL, NULL, NULL, NULL, NULL),
(32, 2, '書類管理', NULL, NULL, NULL, NULL, NULL, NULL),
(33, 2, '備品', '0000-00-00 00:00:00', NULL, NULL, NULL, NULL, NULL),
(34, 2, '危機管理', NULL, NULL, NULL, NULL, NULL, NULL),
(35, 3, '監査不備', '2013-09-01 00:00:00', NULL, NULL, NULL, NULL, NULL),
(36, 3, '小口現金', '2013-09-01 00:00:00', NULL, NULL, NULL, NULL, NULL),
(37, 3, '預金口座', '2013-09-01 00:00:00', NULL, NULL, NULL, NULL, NULL),
(38, 3, '切手・レターパック', '2013-09-01 00:00:00', NULL, NULL, NULL, NULL, NULL),
(39, 3, '収入印紙', '2013-09-01 00:00:00', NULL, NULL, NULL, NULL, NULL),
(40, 3, '共通ギフトカード(汚損・破損券)', '2013-09-01 00:00:00', NULL, NULL, NULL, NULL, NULL),
(41, 3, '共通ギフトカード(汚損・破損券)', '2013-09-01 00:00:00', NULL, NULL, NULL, NULL, NULL),
(42, 3, 'JCBギフトカード', '2013-09-01 00:00:00', NULL, NULL, NULL, NULL, NULL),
(43, 3, '謝礼等で受領した金券類', '2013-09-01 00:00:00', NULL, NULL, NULL, NULL, NULL),
(44, 3, '手形・小切手', '2013-09-01 00:00:00', NULL, NULL, NULL, NULL, NULL),
(45, 3, '印鑑カード', '2013-09-01 00:00:00', NULL, NULL, NULL, NULL, NULL),
(46, 3, '金庫室', '2013-09-01 00:00:00', NULL, NULL, NULL, NULL, NULL),
(47, 3, '金庫', '2013-09-01 00:00:00', NULL, NULL, NULL, NULL, NULL),
(48, 3, '出資金（証書）', '2013-09-01 00:00:00', NULL, NULL, NULL, NULL, NULL),
(49, 3, '有価証券', '2013-09-01 00:00:00', NULL, NULL, NULL, NULL, NULL),
(50, 3, '有価証券(無効分)', '2013-09-01 00:00:00', NULL, NULL, NULL, NULL, NULL),
(51, 3, '一時保管物', '2013-09-01 00:00:00', NULL, NULL, NULL, NULL, NULL),
(52, 3, 'ETCカード', '2013-09-01 00:00:00', NULL, NULL, NULL, NULL, NULL),
(53, 3, 'ガソリンカード', '2013-09-01 00:00:00', NULL, NULL, NULL, NULL, NULL),
(54, 3, 'その他現物', '2013-09-01 00:00:00', NULL, NULL, NULL, NULL, NULL),
(55, 3, '切手類', '2013-09-01 00:00:00', NULL, NULL, NULL, NULL, NULL),
(56, 3, '貯蔵品残高', '2013-09-01 00:00:00', NULL, NULL, NULL, NULL, NULL),
(57, 3, '仮払い', NULL, NULL, NULL, NULL, NULL, NULL);

-- --------------------------------------------------------

--
-- テーブルの構造 `documents`
--

CREATE TABLE IF NOT EXISTS `documents` (
  `document_id` int(11) NOT NULL AUTO_INCREMENT,
  `item_id` int(11) NOT NULL COMMENT 'ジャンル',
  `category_id` int(11) NOT NULL COMMENT 'カテゴリーID',
  `document_no` int(11) NOT NULL COMMENT '書類項目ID',
  `contents` varchar(256) NOT NULL COMMENT '内容',
  `transfer_flag` int(11) NOT NULL COMMENT '引き継ぎフラグ',
  `start_date` date DEFAULT NULL COMMENT '有効開始日',
  `end_date` date DEFAULT NULL COMMENT '有効終了日',
  `register_datetime` datetime DEFAULT NULL,
  `register_user` varchar(30) DEFAULT NULL,
  `register_process` varchar(30) DEFAULT NULL,
  `update_datetime` datetime DEFAULT NULL,
  `update_user` varchar(30) DEFAULT NULL,
  `update_process` varchar(30) DEFAULT NULL,
  PRIMARY KEY (`document_id`),
  KEY `item_id` (`item_id`),
  KEY `category_id` (`category_id`),
  KEY `document_id` (`document_no`)
) ENGINE=InnoDB  DEFAULT CHARSET=utf8 COMMENT='書類項目マスタ' AUTO_INCREMENT=492 ;

--
-- テーブルのデータのダンプ `documents`
--

INSERT INTO `documents` (`document_id`, `item_id`, `category_id`, `document_no`, `contents`, `transfer_flag`, `start_date`, `end_date`, `register_datetime`, `register_user`, `register_process`, `update_datetime`, `update_user`, `update_process`) VALUES
(21, 1, 1, 1, '小口現金の計数結果と現金出納帳の残高に差異はないか', 1, '2013-09-01', NULL, '2013-10-18 10:44:22', '000001', NULL, NULL, NULL, NULL),
(22, 1, 1, 2, '直近の２０日締経理月報残高から手元にある精算書等を差引きした結果と実残高に差異はないか', 1, '2013-09-01', NULL, '2013-09-13 12:40:58', '000001', NULL, NULL, NULL, NULL),
(23, 1, 1, 3, '現金出納帳は入出金がなくても「0」で入力が行われているか', 1, '2013-09-01', NULL, '2013-09-13 12:41:22', '000001', NULL, NULL, NULL, NULL),
(24, 1, 1, 4, '小口現金の実残高は直近3ヶ月の出金額の平均値以上の金額を保持していないか', 1, '2013-09-01', NULL, '2013-09-13 12:41:44', '000001', NULL, NULL, NULL, NULL),
(25, 1, 1, 5, '小口現金の計数は出勤時・退勤時の一日最低二回行われているか', 1, '2013-09-01', NULL, '2013-09-13 12:42:04', '000001', NULL, NULL, NULL, NULL),
(26, 1, 1, 6, '出勤時の計数の際に持出し用のアパタグ確認欄に押印されているか', 1, '2013-09-01', NULL, '2013-09-13 12:42:25', '000001', NULL, NULL, NULL, NULL),
(27, 1, 1, 7, '退勤時の計数表の確認者欄に押印されているか', 1, '2013-09-01', NULL, '2013-09-13 12:42:50', '000001', NULL, NULL, NULL, NULL),
(28, 1, 1, 8, '退勤時の計数表の確認者印は金庫施錠チェック表の退勤時確認者印と一致しているか', 1, '2013-09-01', NULL, '2013-09-13 12:43:19', '000001', NULL, NULL, NULL, NULL),
(29, 1, 1, 9, '計数表の最終確認者欄は押印されているか', 1, '2013-09-01', NULL, '2013-09-13 12:43:40', '000001', NULL, NULL, NULL, NULL),
(30, 1, 2, 1, '小口配金は毎月定期的に配金されているか', 1, '2013-09-01', NULL, '2013-09-13 12:44:14', '000001', NULL, NULL, NULL, NULL),
(31, 1, 2, 2, '汚損金は指定日にASSへ引き渡されており、滞留していないか', 1, '2013-09-01', NULL, '2013-09-13 12:44:51', '000001', NULL, NULL, NULL, NULL),
(32, 1, 3, 1, '金庫準備金の計数結果と経理月報残高【金庫準備金】に差異はないか', 1, '2013-09-01', NULL, '2013-09-13 12:45:24', '000001', NULL, NULL, NULL, NULL),
(33, 1, 3, 2, '金庫内掲示金種通りに逆両替されているか', 1, '2013-09-01', NULL, '2013-09-13 12:45:46', '000001', NULL, NULL, NULL, NULL),
(34, 1, 3, 3, '金庫準備金は適正値以上の金額を保持していないか', 1, '2013-09-01', NULL, '2013-09-13 12:46:13', '000001', NULL, NULL, NULL, NULL),
(35, 1, 5, 1, '残置金引継ぎ表の合計金額と経理月報残高【現金釣銭　レジ固定用】に差異はないか', 1, '2013-09-01', NULL, '2013-09-13 12:46:49', '000001', NULL, NULL, NULL, NULL),
(36, 1, 5, 2, '残置金引継ぎ表は全レジから回収されているか', 1, '2013-09-01', NULL, '2013-09-13 12:47:15', '000001', NULL, NULL, NULL, NULL),
(37, 1, 5, 3, '残置金（釣銭在高）金額は経理担当者によって毎日、確認されているか', 1, '2013-09-01', NULL, '2013-09-13 12:47:37', '000001', NULL, NULL, NULL, NULL),
(38, 1, 5, 4, '追加釣銭がレジ入力されているか', 1, '2013-09-01', NULL, '2013-09-13 12:48:08', '000001', NULL, NULL, NULL, NULL),
(39, 1, 6, 1, '釣銭準備金の計数結果と経理月報残高【現金釣銭　集配用金庫準備金】に差異はないか', 1, '2013-09-01', NULL, '2013-09-13 12:48:56', '000001', NULL, NULL, NULL, NULL),
(40, 1, 6, 2, '配金された釣銭準備金のラベルに記載されている使用日と使用する営業日は一致しているか', 1, '2013-09-01', NULL, '2013-09-13 12:49:30', '000001', NULL, NULL, NULL, NULL),
(41, 1, 6, 3, '集配金業者から持込みされた釣銭準備金は黒バックのまま金庫内に保管されていないか', 1, '2013-09-01', NULL, '2013-09-13 12:49:55', '000001', NULL, NULL, NULL, NULL),
(42, 1, 6, 4, '未使用の釣銭準備金はないか', 1, '2013-09-01', NULL, '2013-09-13 12:50:27', '000001', NULL, NULL, NULL, NULL),
(43, 1, 7, 1, '買取準備金の計数結果と買取ファイルの残高に差異はないか', 1, '2013-09-01', NULL, '2013-09-13 12:51:20', '000001', NULL, NULL, NULL, NULL),
(44, 1, 7, 2, '買取ファイルの月末残高と経理月報残高【買取用現金釣銭】に差異はないか', 1, '2013-09-01', NULL, '2013-09-13 12:51:45', '000001', NULL, NULL, NULL, NULL),
(45, 1, 7, 3, '直近の20日締経理月報残高から手元にある買取伝票等を差引きした結果と実残高に差異はないか', 1, '2013-09-01', NULL, '2013-09-13 12:52:09', '000001', NULL, NULL, NULL, NULL),
(46, 1, 7, 4, '買取準備金の計数はされているか', 1, '2013-09-01', NULL, '2013-09-13 12:53:02', '000001', NULL, NULL, NULL, NULL),
(47, 1, 8, 1, '共通ギフトカード管理台帳・販売管理台帳の残高合計と経理月報残高に差異はないか', 1, '2013-09-01', NULL, '2013-09-13 12:53:28', '000001', NULL, NULL, NULL, NULL),
(48, 1, 8, 2, '金庫内保管共通ギフトカードの計数結果と共通ギフトカード管理台帳残高に差異はないか', 1, '2013-09-01', NULL, '2013-09-13 12:54:02', '000001', NULL, NULL, NULL, NULL),
(49, 1, 8, 3, '買場準備分共通ギフトカードの計数結果と共通ギフトカード販売管理台帳残高に差異はないか', 1, '2013-09-01', NULL, '2013-09-13 12:54:39', '000001', NULL, NULL, NULL, NULL),
(50, 1, 8, 4, '直近の経理月報残高から実残高を引いた数と共通ギフトカード管理台帳の入出庫枚数に差異はないか', 1, '2013-09-01', NULL, '2013-09-13 12:55:18', '000001', NULL, NULL, NULL, NULL),
(51, 1, 8, 5, '共通ギフトカード管理台帳の出庫枚数と販売管理台帳の出庫枚数に差異はないか', 1, '2013-09-01', NULL, '2013-09-13 12:56:35', '000001', NULL, NULL, NULL, NULL),
(52, 1, 8, 6, '出納帳の入力内容と共通ギフトカード管理台帳の内容に相違はないか', 1, '2013-09-01', NULL, '2013-09-13 12:57:06', '000001', NULL, NULL, NULL, NULL),
(53, 1, 8, 7, '出納帳の入力は入出庫がなくても「0」で入力されているか', 1, '2013-09-01', NULL, '2013-09-13 12:57:46', '000001', NULL, NULL, NULL, NULL),
(54, 1, 8, 8, '共通ギフトカード管理台帳は記入されているか', 1, '2013-09-01', NULL, '2013-09-13 12:58:13', '000001', NULL, NULL, NULL, NULL),
(55, 1, 8, 9, '共通ギフトカード管理台帳に押印されているか', 1, '2013-09-01', NULL, '2013-09-13 12:58:41', '000001', NULL, NULL, NULL, NULL),
(56, 1, 8, 10, '共通ギフトカード管理台帳の繰越時の確認欄に押印されているか', 1, '2013-09-01', NULL, '2013-09-13 12:59:08', '000001', NULL, NULL, NULL, NULL),
(57, 1, 8, 11, 'メイト賞出庫の際、メイト賞管理台帳が使用されているか', 1, '2013-09-01', NULL, '2013-09-13 13:00:16', '000001', NULL, NULL, NULL, NULL),
(58, 1, 8, 12, 'メイト賞管理台帳にメイト賞該当者本人の受領日・受領印があるか', 1, '2013-09-01', NULL, '2013-09-13 13:00:50', '000001', NULL, NULL, NULL, NULL),
(59, 1, 8, 13, '共通ギフトカード販売管理台帳は記入されているか', 1, '2013-09-01', NULL, '2013-09-13 13:04:26', '000001', NULL, NULL, NULL, NULL),
(60, 1, 8, 14, '共通ギフトカード販売管理台帳は10日毎に更新されているか', 1, '2013-09-01', NULL, '2013-09-13 13:05:02', '000001', NULL, NULL, NULL, NULL),
(61, 1, 8, 15, '共通ギフトカード販売管理台帳更新時の確認欄に押印されているか', 1, '2013-09-01', NULL, '2013-09-13 13:06:26', '000001', NULL, NULL, NULL, NULL),
(62, 1, 8, 16, '共通ギフトカード販売管理台帳に該当のレシートが添付されているか（販売・ポイント交換・内金・自転車盗難保険対応時）', 1, '2013-09-01', NULL, '2013-09-13 13:07:03', '000001', NULL, NULL, NULL, NULL),
(64, 1, 8, 17, '共通ギフトカード販売管理台帳の詳細記入欄に記入がされているか（リクエスト・販促費対応時）', 1, '2013-09-01', NULL, '2013-09-13 13:10:53', '000001', NULL, NULL, NULL, NULL),
(65, 1, 9, 1, 'JCBギフトカード管理台帳の残高と経理月報残高に差異はないか', 1, '2013-09-01', NULL, '2013-09-13 13:11:26', '000001', NULL, NULL, NULL, NULL),
(66, 1, 9, 2, 'JCBギフトカードの計数結果とJCBギフトカード管理台帳残高に差異はないか', 1, '2013-09-01', NULL, '2013-09-13 13:11:55', '000001', NULL, NULL, NULL, NULL),
(67, 1, 9, 3, '直近の経理月報残高から実残高を引いた数が販売実績及び入庫履歴と差異はないか', 1, '2013-09-01', NULL, '2013-09-13 13:12:38', '000001', NULL, NULL, NULL, NULL),
(68, 1, 9, 4, '出納帳の入力内容とJCBギフトカード管理台帳の内容に相違はないか', 1, '2013-09-01', NULL, '2013-09-13 13:13:09', '000001', NULL, NULL, NULL, NULL),
(69, 1, 9, 5, '出納帳の入力は入出庫がなくても「0」で入力されているか', 1, '2013-09-01', NULL, '2013-09-13 13:13:34', '000001', NULL, NULL, NULL, NULL),
(70, 1, 9, 6, 'JCBギフトカード管理台帳は記入されているか', 1, '2013-09-01', NULL, '2013-09-13 13:14:27', '000001', NULL, NULL, NULL, NULL),
(71, 1, 9, 7, 'JCBギフトカード管理台帳に押印されているか', 1, '2013-09-01', NULL, '2013-09-13 13:14:46', '000001', NULL, NULL, NULL, NULL),
(72, 1, 9, 8, 'JCBギフトカード管理台帳繰越時の確認欄に押印されているか', 1, '2013-09-01', NULL, '2013-09-13 13:15:11', '000001', NULL, NULL, NULL, NULL),
(73, 1, 10, 1, '小口預金の通帳残高と現金出納帳の残高に差異はないか', 1, '2013-09-01', NULL, '2013-09-13 13:16:32', '000001', NULL, NULL, NULL, NULL),
(74, 1, 10, 2, '小口預金残高は適正値以上の金額を保持していないか', 1, '2013-09-01', NULL, '2013-09-13 13:16:59', '000001', NULL, NULL, NULL, NULL),
(75, 1, 10, 3, '印章管理台帳は記入されているか', 1, '2013-09-01', NULL, '2013-09-13 13:17:33', '000001', NULL, NULL, NULL, NULL),
(76, 1, 10, 4, '印章管理台帳の責任者欄に押印されているか', 1, '2013-09-01', NULL, '2013-09-13 13:18:38', '000001', NULL, NULL, NULL, NULL),
(77, 1, 10, 5, '印章管理台帳の引出し日と通帳の引出し日は一致しているか', 1, '2013-09-01', NULL, '2013-09-13 13:19:07', '000001', NULL, NULL, NULL, NULL),
(78, 1, 10, 6, '印章管理台帳の申請日と引出し日に3日以上の開きはないか', 1, '2013-09-01', NULL, '2013-09-13 13:19:37', '000001', NULL, NULL, NULL, NULL),
(79, 1, 10, 7, '印章管理台帳の備考欄に出金金額は記入されているか', 1, '2013-09-01', NULL, '2013-09-13 13:20:20', '000001', NULL, NULL, NULL, NULL),
(80, 1, 10, 8, '印章管理台帳に小口預金出金以外の押印記録はないか', 1, '2013-09-01', NULL, '2013-09-13 13:20:58', '000001', NULL, NULL, NULL, NULL),
(81, 1, 10, 9, '印章は早番金庫内に保管されているか', 1, '2013-09-01', NULL, '2013-09-13 13:21:18', '000001', NULL, NULL, NULL, NULL),
(82, 1, 10, 10, '小口預金通帳は早番金庫内に保管されているか', 1, '2013-09-01', NULL, '2013-09-13 13:21:47', '000001', NULL, NULL, NULL, NULL),
(83, 1, 10, 11, '口座引出し用紙・送金用紙は保管されているか', 1, '2013-09-01', NULL, '2013-09-13 13:22:28', '000001', NULL, NULL, NULL, NULL),
(84, 1, 10, 12, '印章は押印権限者以外が押印していないか', 1, '2013-09-01', NULL, '2013-09-13 13:22:54', '000001', NULL, NULL, NULL, NULL),
(85, 1, 10, 13, '小口預金通帳は毎月1日に記帳されているか', 1, '2013-09-01', NULL, '2013-09-13 13:23:22', '000001', NULL, NULL, NULL, NULL),
(86, 1, 11, 1, '切手・現金書留封筒・ハガキの計数結果と郵便切手管理台帳残高に差異はないか', 1, '2013-09-01', NULL, '2013-09-13 13:24:12', '000001', NULL, NULL, NULL, NULL),
(87, 1, 11, 2, '郵便切手管理台帳は記入されているか', 1, '2013-09-01', NULL, '2013-09-13 13:24:39', '000001', NULL, NULL, NULL, NULL),
(88, 1, 11, 3, '郵便切手管理台帳に押印されているか', 1, '2013-09-01', NULL, '2013-09-13 13:25:12', '000001', NULL, NULL, NULL, NULL),
(89, 1, 11, 4, '半年以上入出庫履歴のない切手・現金書留封筒・ハガキはないか', 1, '2013-09-01', NULL, '2013-09-13 13:25:38', '000001', NULL, NULL, NULL, NULL),
(90, 1, 11, 5, '郵便切手管理台帳繰越時の確認欄に押印はあるか', 1, '2013-09-01', NULL, '2013-09-13 13:26:18', '000001', NULL, NULL, NULL, NULL),
(91, 1, 12, 1, '切手・現金書留封筒・ハガキの計数結果と郵便切手販売管理台帳残高に差異はないか', 1, '2013-09-01', NULL, '2013-09-13 13:28:00', '000001', NULL, NULL, NULL, NULL),
(92, 1, 12, 2, '郵便切手販売管理台帳は記入されているか', 1, '2013-09-01', NULL, '2013-09-13 13:28:39', '000001', NULL, NULL, NULL, NULL),
(93, 1, 12, 3, '郵便切手販売管理台帳に押印されているか', 1, '2013-09-01', NULL, '2013-09-13 13:29:12', '000001', NULL, NULL, NULL, NULL),
(94, 1, 12, 4, '郵便切手販売管理台帳の繰越時に責任者印が押印されているか', 1, '2013-09-01', NULL, '2013-09-13 13:29:41', '000001', NULL, NULL, NULL, NULL),
(95, 1, 12, 5, '切手・現金書留封筒・ハガキの在庫は過剰ではないか', 1, '2013-09-01', NULL, '2013-09-13 13:30:19', '000001', NULL, NULL, NULL, NULL),
(96, 1, 12, 6, '切手・現金書留封筒・ハガキに汚損分はないか', 1, '2013-09-01', NULL, '2013-09-13 13:30:48', '000001', NULL, NULL, NULL, NULL),
(97, 1, 13, 1, 'CDサービス券は金庫内に保管されているか', 1, '2013-09-01', NULL, '2013-09-13 14:42:30', '000001', NULL, NULL, NULL, NULL),
(98, 1, 13, 2, '【通常在庫】CDサービス券の計数結果とCDサービス券管理台帳残高に差異はないか', 1, '2013-09-01', NULL, '2013-09-13 14:43:03', '000001', NULL, NULL, NULL, NULL),
(99, 1, 13, 3, '【通常在庫】CDサービス券管理台帳は記入されているか', 1, '2013-09-01', NULL, '2013-09-13 14:43:41', '000001', NULL, NULL, NULL, NULL),
(100, 1, 13, 4, '【通常在庫】CDサービス券管理台帳に仕入伝票控え（コピー）は保管されているか', 1, '2013-09-01', NULL, '2013-09-13 14:44:08', '000001', NULL, NULL, NULL, NULL),
(101, 1, 13, 5, '【通常在庫】CDサービス券管理台帳に押印されているか', 1, '2013-09-01', NULL, '2013-09-13 14:44:37', '000001', NULL, NULL, NULL, NULL),
(102, 1, 13, 6, '【通常在庫】CDサービス券管理台帳は毎月更新されているか', 1, '2013-09-01', NULL, '2013-09-13 14:45:12', '000001', NULL, NULL, NULL, NULL),
(103, 1, 13, 7, '【汚破損在庫】CDサービス券（汚破損券）の計数結果とCDサービス券管理台帳残高に差異はないか', 1, '2013-09-01', NULL, '2013-09-13 14:45:45', '000001', NULL, NULL, NULL, NULL),
(104, 1, 13, 8, '【汚破損在庫】CDサービス券管理台帳は記入されているか', 1, '2013-09-01', NULL, '2013-09-13 14:46:21', '000001', NULL, NULL, NULL, NULL),
(105, 1, 13, 9, '【汚破損在庫】CDサービス券管理台帳に押印されているか', 1, '2013-09-01', NULL, '2013-09-13 18:14:41', '000001', NULL, NULL, NULL, NULL),
(106, 1, 13, 10, '【汚破損在庫】CDサービス券管理台帳は毎月更新されているか', 1, '2013-09-01', NULL, '2013-09-13 18:15:13', '000001', NULL, NULL, NULL, NULL),
(107, 1, 13, 11, '【汚破損在庫】各金種残高が25枚以上ないか', 1, '2013-09-01', NULL, '2013-09-13 18:15:36', '000001', NULL, NULL, NULL, NULL),
(111, 1, 14, 1, '自転車防犯登録証は金庫内に保管されているか', 1, '2013-09-01', NULL, '2013-09-13 18:20:13', '000001', NULL, NULL, NULL, NULL),
(112, 1, 14, 2, '自転車防犯登録証の計数結果と自転車防犯登録証管理台帳残高に差異はないか', 1, '2013-09-01', NULL, '2013-09-13 18:20:34', '000001', NULL, NULL, NULL, NULL),
(113, 1, 14, 3, '自転車防犯登録証管理台帳は記入されているか', 1, '2013-09-01', NULL, '2013-09-13 18:20:53', '000001', NULL, NULL, NULL, NULL),
(114, 1, 14, 4, '自転車防犯登録証管理台帳に押印されているか', 1, '2013-09-01', NULL, '2013-09-13 18:21:14', '000001', NULL, NULL, NULL, NULL),
(115, 1, 15, 1, '家電リサイクル券は金庫内に保管されているか', 1, '2013-09-01', NULL, '2013-09-13 18:21:49', '000001', NULL, NULL, NULL, NULL),
(116, 1, 15, 2, '家電リサイクル券の計数結果と家電リサイクル券管理台帳残高に差異はないか', 1, '2013-09-01', NULL, '2013-09-13 18:22:11', '000001', NULL, NULL, NULL, NULL),
(117, 1, 15, 3, '家電リサイクル券管理台帳は記入されているか', 1, '2013-09-01', NULL, '2013-09-13 18:22:34', '000001', NULL, NULL, NULL, NULL),
(118, 1, 15, 4, '家電リサイクル券管理台帳に押印されているか', 1, '2013-09-01', NULL, '2013-09-13 18:22:53', '000001', NULL, NULL, NULL, NULL),
(119, 1, 16, 1, 'その他金券の計数結果と管理台帳残高に差異はないか', 1, '2013-09-01', NULL, '2013-09-13 18:23:35', '000001', NULL, NULL, NULL, NULL),
(120, 1, 16, 2, '管理台帳は記入されているか', 1, '2013-09-01', NULL, '2013-09-13 18:24:03', '000001', NULL, NULL, NULL, NULL),
(121, 1, 16, 3, '管理台帳に押印されているか', 1, '2013-09-01', NULL, '2013-09-13 18:24:34', '000001', NULL, NULL, NULL, NULL),
(122, 1, 16, 4, '管理台帳の繰越時に責任者印が押印されているか', 1, '2013-09-01', NULL, '2013-09-13 18:24:58', '000001', NULL, NULL, NULL, NULL),
(123, 1, 16, 5, '在庫は過剰ではないか', 1, '2013-09-01', NULL, '2013-09-13 18:25:23', '000001', NULL, NULL, NULL, NULL),
(127, 1, 17, 1, '領収書（在庫）の計数結果と領収書管理台帳の残高に差異はないか', 1, '2013-09-01', NULL, '2013-09-13 18:30:29', '000001', NULL, NULL, NULL, NULL),
(128, 1, 17, 2, '領収書にナンバリングされているか', 1, '2013-09-01', NULL, '2013-09-13 18:30:58', '000001', NULL, NULL, NULL, NULL),
(129, 1, 17, 3, '領収書に店舗名印は押印されているか', 1, '2013-09-01', NULL, '2013-09-13 18:32:08', '000001', NULL, NULL, NULL, NULL),
(130, 1, 17, 4, '領収書の在庫は早番金庫に保管されているか', 1, '2013-09-01', NULL, '2013-09-13 18:32:32', '000001', NULL, NULL, NULL, NULL),
(131, 1, 17, 5, '使用中の領収書は遅番金庫又はサービスカウンターにて保管されているか', 1, '2013-09-01', NULL, '2013-09-13 18:33:08', '000001', NULL, NULL, NULL, NULL),
(132, 1, 17, 6, '領収書発行時の記入内容に不備はないか', 1, '2013-09-01', NULL, '2013-09-13 18:33:38', '000001', NULL, NULL, NULL, NULL),
(133, 1, 17, 7, '書き損じの領収書は規定の方法で処理されているか', 1, '2013-09-01', NULL, '2013-09-13 18:34:02', '000001', NULL, NULL, NULL, NULL),
(134, 1, 17, 8, '使用済みの領収書を回収した際に管理台帳の回収欄に押印されているか', 1, '2013-09-01', NULL, '2013-09-13 18:34:27', '000001', NULL, NULL, NULL, NULL),
(135, 1, 18, 1, '拾得金の計数結果と拾得金管理台帳に差異はないか', 1, '2013-09-01', NULL, '2013-09-13 18:35:01', '000001', NULL, NULL, NULL, NULL),
(136, 1, 18, 2, '拾得金管理台帳は記入されているか', 1, '2013-09-01', NULL, '2013-09-13 18:35:28', '000001', NULL, NULL, NULL, NULL),
(137, 1, 18, 3, '拾得金管理台帳に押印されているか', 1, '2013-09-01', NULL, '2013-09-13 18:35:54', '000001', NULL, NULL, NULL, NULL),
(138, 1, 18, 4, '拾得金は金庫内で保管されているか', 1, '2013-09-01', NULL, '2013-09-13 18:36:19', '000001', NULL, NULL, NULL, NULL),
(139, 1, 18, 5, '拾得金（硬貨）は発生都度入金処理されているか', 1, '2013-09-01', NULL, '2013-09-13 18:36:45', '000001', NULL, NULL, NULL, NULL),
(140, 1, 18, 6, '拾得金に拾得物・金記入表が記入・添付されているか', 1, '2013-09-01', NULL, '2013-09-13 18:37:14', '000001', NULL, NULL, NULL, NULL),
(141, 1, 18, 7, '拾得金に添付されていた拾得物・金記入表は添付表で管理されているか', 1, '2013-09-01', NULL, '2013-09-13 18:37:39', '000001', NULL, NULL, NULL, NULL),
(142, 1, 18, 8, '拾得金管理台帳の月末繰越確認欄に責任者印が押印されているか', 1, '2013-09-01', NULL, '2013-09-13 18:38:34', '000001', NULL, NULL, NULL, NULL),
(143, 1, 18, 9, '拾得物管理台帳は記入されているか', 1, '2013-09-01', NULL, '2013-09-13 18:39:00', '000001', NULL, NULL, NULL, NULL),
(144, 1, 18, 10, '拾得物に拾得物・金記入表が記入・添付されているか', 1, '2013-09-01', NULL, '2013-09-13 18:39:25', '000001', NULL, NULL, NULL, NULL),
(145, 1, 18, 11, '拾得物は指定の場所で管理されているか', 1, '2013-09-01', NULL, '2013-09-13 18:39:53', '000001', NULL, NULL, NULL, NULL),
(146, 1, 18, 12, '貴重品の拾得物は金庫内で管理されているか', 1, '2013-09-01', NULL, '2013-09-13 18:40:21', '000001', NULL, NULL, NULL, NULL),
(147, 1, 18, 13, '拾得日から一週間以内に警察に届出されているか', 1, '2013-09-01', NULL, '2013-09-13 18:40:49', '000001', NULL, NULL, NULL, NULL),
(148, 1, 18, 14, '拾得物預かり書は拾得物管理台帳にファイリングされているか', 1, '2013-09-01', NULL, '2013-09-13 18:41:09', '000001', NULL, NULL, NULL, NULL),
(149, 1, 18, 15, '拾得物の権利放棄はされているか', 1, '2013-09-01', NULL, '2013-09-13 18:41:37', '000001', NULL, NULL, NULL, NULL),
(150, 1, 18, 16, '返却・届出処理済の拾得物・金記入表は添付表にて管理されているか', 1, '2013-09-01', NULL, '2013-09-13 18:42:02', '000001', NULL, NULL, NULL, NULL),
(151, 1, 19, 1, 'パートナー様毎に自動販売機管理台帳が作成されているか', 1, '2013-09-01', NULL, '2013-09-13 18:43:49', '000001', NULL, NULL, NULL, NULL),
(152, 1, 19, 2, '自動販売機管理台帳は記入されているか', 1, '2013-09-01', NULL, '2013-09-13 18:44:24', '000001', NULL, NULL, NULL, NULL),
(153, 1, 19, 3, '自動販売機管理台帳に押印されているか', 1, '2013-09-01', NULL, '2013-09-13 18:44:47', '000001', NULL, NULL, NULL, NULL),
(154, 1, 19, 4, '自動販売機管理台帳に添付書類はファイリングされているか', 1, '2013-09-01', NULL, '2013-09-13 18:47:44', '000001', NULL, NULL, NULL, NULL),
(155, 1, 19, 5, 'レジ登録は、毎月28日に掛計でレジ登録されているか', 1, '2013-09-01', NULL, '2013-09-13 18:48:12', '000001', NULL, NULL, NULL, NULL),
(156, 1, 19, 6, 'レジ登録は、経理担当者がレジ入力していないか', 1, '2013-09-01', NULL, '2013-09-13 18:49:44', '000001', NULL, NULL, NULL, NULL),
(157, 1, 20, 1, 'パートナー様毎に自動販売機立替金管理台帳が作成されているか', 1, '2013-09-01', NULL, '2013-09-13 18:50:42', '000001', NULL, NULL, NULL, NULL),
(158, 1, 20, 2, '立替金分の自販機返金報告用紙が添付され、累計金額と差異はないか', 1, '2013-09-01', NULL, '2013-09-13 18:51:11', '000001', NULL, NULL, NULL, NULL),
(159, 1, 20, 3, '自動販売機立替金管理台帳は記入されているか', 1, '2013-09-01', NULL, '2013-09-13 18:51:35', '000001', NULL, NULL, NULL, NULL),
(160, 1, 20, 4, '自動販売機立替金管理台帳に押印されているか', 1, '2013-09-01', NULL, '2013-09-13 18:51:55', '000001', NULL, NULL, NULL, NULL),
(161, 1, 20, 5, '自動販売機立替金管理台帳は毎月更新されているか', 1, '2013-09-01', NULL, '2013-09-13 18:52:17', '000001', NULL, NULL, NULL, NULL),
(162, 1, 20, 6, '自動販売機立替金管理台帳更新時に責任者印が押印されているか', 1, '2013-09-01', NULL, '2013-09-13 18:52:48', '000001', NULL, NULL, NULL, NULL),
(163, 1, 20, 7, '立替金は毎月回収されているか', 1, '2013-09-01', NULL, '2013-09-13 18:53:16', '000001', NULL, NULL, NULL, NULL),
(164, 1, 21, 1, '金庫内に台帳管理されていない現金はないか', 1, '2013-09-01', NULL, '2013-09-13 18:58:11', '000001', NULL, NULL, NULL, NULL),
(165, 1, 21, 2, '金庫内に台帳管理されていない金券はないか', 1, '2013-09-01', NULL, '2013-09-13 18:58:37', '000001', NULL, NULL, NULL, NULL),
(166, 1, 21, 3, '金庫内にパッケージ以外の物が保管されていないか', 1, '2013-09-01', NULL, '2013-09-13 18:59:12', '000001', NULL, NULL, NULL, NULL),
(167, 1, 21, 4, '予備防犯備品管理台帳は作成されているか', 1, '2013-09-01', NULL, '2013-09-13 18:59:35', '000001', NULL, NULL, NULL, NULL),
(168, 1, 21, 5, '予備防犯備品管理台帳は小口金庫扉内面に掲示されているか', 1, '2013-09-01', NULL, '2013-09-13 19:00:03', '000001', NULL, NULL, NULL, NULL),
(169, 1, 21, 6, '予備防犯備品管理台帳と金庫に保管されている防犯備品の個数は一致するか', 1, '2013-09-01', NULL, '2013-09-13 19:00:30', '000001', NULL, NULL, NULL, NULL),
(170, 1, 21, 7, '予備防犯備品管理台帳と金庫に保管されているレジキーの個数は一致するか', 1, '2013-09-01', NULL, '2013-09-13 19:00:56', '000001', NULL, NULL, NULL, NULL),
(171, 1, 21, 8, '持ち出し用のアパタグ解除は金庫内天面に持ち出し表とともに保管されているか', 1, '2013-09-01', NULL, '2013-09-13 19:01:22', '000001', NULL, NULL, NULL, NULL),
(172, 1, 21, 9, 'アパタグ持ち出し表は記入されているか', 1, '2013-09-01', NULL, '2013-09-13 19:01:45', '000001', NULL, NULL, NULL, NULL),
(173, 1, 21, 10, '入金済み回収カセット・回収棒金入り黒バックは金庫内に保管されているか', 1, '2013-09-01', NULL, '2013-09-13 19:02:27', '000001', NULL, NULL, NULL, NULL),
(174, 1, 22, 1, '金庫は常時施錠されているか', 1, '2013-09-01', NULL, '2013-09-13 19:04:24', '000001', NULL, NULL, NULL, NULL),
(175, 1, 22, 2, '経理退勤時に小口金庫が3点施錠・遅番金庫が2点施錠されているか', 1, '2013-09-01', NULL, '2013-09-13 19:05:12', '000001', NULL, NULL, NULL, NULL),
(176, 1, 22, 3, '店舗閉店時に全ての金庫が3点施錠されているか', 1, '2013-09-01', NULL, '2013-09-13 19:05:37', '000001', NULL, NULL, NULL, NULL),
(177, 1, 22, 4, '金庫鍵はマニュアル通りに保管されているか', 1, '2013-09-01', NULL, '2013-09-13 19:06:05', '000001', NULL, NULL, NULL, NULL),
(178, 1, 22, 5, '金庫合鍵はマニュアル通りに保管されているか', 1, '2013-09-01', NULL, '2013-09-13 19:06:35', '000001', NULL, NULL, NULL, NULL),
(179, 1, 22, 6, '金庫ダイヤルナンバーはマニュアル通りに保管されているか', 1, '2013-09-01', NULL, '2013-09-13 19:07:00', '000001', NULL, NULL, NULL, NULL),
(180, 1, 22, 7, '金庫室が常時施錠されているか', 1, '2013-09-01', NULL, '2013-09-13 19:07:24', '000001', NULL, NULL, NULL, NULL),
(181, 1, 22, 8, '金庫室の電子錠は稼動しているか', 1, '2013-09-01', NULL, '2013-09-13 19:07:53', '000001', NULL, NULL, NULL, NULL),
(182, 1, 22, 9, '金庫室の鍵はキーストック内に保管されているか', 1, '2013-09-01', NULL, '2013-09-13 19:08:18', '000001', NULL, NULL, NULL, NULL),
(183, 1, 22, 10, 'キーストックのダイヤルは指定の番号に設定されているか', 1, '2013-09-01', NULL, '2013-09-13 19:08:45', '000001', NULL, NULL, NULL, NULL),
(184, 1, 22, 11, 'キーストックのダイヤルは回されているか', 1, '2013-09-01', NULL, '2013-09-13 19:09:35', '000001', NULL, NULL, NULL, NULL),
(185, 1, 22, 12, '金庫室内へ権限者以外の入室が無いか', 1, '2013-09-01', NULL, '2013-09-13 19:10:36', '000001', NULL, NULL, NULL, NULL),
(186, 1, 22, 13, '金庫室の机に現金・金券・商品等が入っていないか', 1, '2013-09-01', NULL, '2013-09-13 19:11:00', '000001', NULL, NULL, NULL, NULL),
(187, 1, 22, 14, '金庫室に保管されている鍵の持ち出し時にIDカードと交換されているか（持ち出し者の把握が出来ているか）', 1, '2013-09-01', NULL, '2013-09-13 19:11:30', '000001', NULL, NULL, NULL, NULL),
(188, 1, 22, 15, '警備システムキー管理表は金庫室壁面に掲示されているか', 1, '2013-09-01', NULL, '2013-09-13 19:12:10', '000001', NULL, NULL, NULL, NULL),
(189, 1, 22, 16, '警備システムキー管理表は変更・更新されているか', 1, '2013-09-01', NULL, '2013-09-13 19:12:37', '000001', NULL, NULL, NULL, NULL),
(190, 1, 22, 17, '金庫室・入金室の防犯カメラの位置・ピントは適正か', 1, '2013-09-01', NULL, '2013-09-13 19:13:08', '000001', NULL, NULL, NULL, NULL),
(191, 1, 23, 1, '金庫は常時施錠されているか', 1, '2013-09-01', NULL, '2013-09-13 19:14:20', '000001', NULL, NULL, NULL, NULL),
(192, 1, 23, 2, '金庫の鍵はキーストックに保管されているか', 1, '2013-09-01', NULL, '2013-09-13 19:15:06', '000001', NULL, NULL, NULL, NULL),
(193, 1, 23, 3, 'キーストックのダイヤルは指定の番号に設定されているか', 1, '2013-09-01', NULL, '2013-09-13 19:15:38', '000001', NULL, NULL, NULL, NULL),
(194, 1, 23, 4, 'キーストックのダイヤルは回されているか', 1, '2013-09-01', NULL, '2013-09-13 19:16:10', '000001', NULL, NULL, NULL, NULL),
(195, 1, 23, 5, '事務所への外部からの進入経路（窓等）は施錠されているか', 1, '2013-09-01', NULL, '2013-09-13 19:16:38', '000001', NULL, NULL, NULL, NULL),
(196, 1, 23, 6, '事務所入口から金庫が見える状態ではないか', 1, '2013-09-01', NULL, '2013-09-13 19:17:13', '000001', NULL, NULL, NULL, NULL),
(201, 1, 23, 7, '金庫は容易に動かせる状態ではないか', 1, '2013-09-01', NULL, '2013-09-13 19:32:48', '000001', NULL, NULL, NULL, NULL),
(202, 1, 23, 8, '入金機はアンカー止めされているか', 1, '2013-09-01', NULL, '2013-09-13 19:33:15', '000001', NULL, NULL, NULL, NULL),
(203, 1, 23, 9, '事務所へ不必要な人の出入りをさせていないか', 1, '2013-09-01', NULL, '2013-09-13 19:33:45', '000001', NULL, NULL, NULL, NULL),
(204, 1, 23, 10, '金庫・入金機の防犯カメラの位置・ピントは適正か', 1, '2013-09-01', NULL, '2013-09-13 19:34:19', '000001', NULL, NULL, NULL, NULL),
(205, 1, 24, 1, '指定書類保管キャビネットは常時施錠されているか', 1, '2013-09-01', NULL, '2013-09-13 19:35:12', '000001', NULL, NULL, NULL, NULL),
(206, 1, 24, 2, '事務所内に個人情報書類が放置されていないか', 1, '2013-09-01', NULL, '2013-09-13 19:35:41', '000001', NULL, NULL, NULL, NULL),
(207, 1, 24, 3, '指定書類はルール通り管理されているか', 1, '2013-09-01', NULL, '2013-09-13 19:36:11', '000001', NULL, NULL, NULL, NULL),
(208, 1, 24, 4, '指定書類保存箱の作成・搬出方法は理解しているか', 1, '2013-09-01', NULL, '2013-09-13 19:36:31', '000001', NULL, NULL, NULL, NULL),
(209, 1, 24, 5, '指定書類保管キャビネットに搬出可能な書類が滞留していないか', 1, '2013-09-01', NULL, '2013-09-13 19:37:08', '000001', NULL, NULL, NULL, NULL),
(210, 1, 25, 1, 'レジ違算一覧表は記入されているか', 1, '2013-09-01', NULL, '2013-09-13 19:38:04', '000001', NULL, NULL, NULL, NULL),
(211, 1, 25, 2, '違算報告書は一週間以内に記入されているか', 1, '2013-09-01', NULL, '2013-09-13 19:38:44', '000001', NULL, NULL, NULL, NULL),
(213, 1, 25, 3, 'レジ違算入力ツールの修正は行われているか', 1, '2013-09-01', NULL, '2013-09-13 19:41:49', '000001', NULL, NULL, NULL, NULL),
(214, 1, 25, 4, 'レジ違算入力ツールの金額は正しく修正されているか', 1, '2013-09-01', NULL, '2013-09-13 19:42:37', '000001', NULL, NULL, NULL, NULL),
(215, 1, 25, 5, 'レジ違算入力ツール修正時に登録者名を経理担当者に変更しているか', 1, '2013-09-01', NULL, '2013-09-13 19:43:13', '000001', NULL, NULL, NULL, NULL),
(216, 1, 25, 6, 'レジ違算入力ツール修正時に修正内容を備考欄に入力しているか', 1, '2013-09-01', NULL, '2013-09-13 19:43:41', '000001', NULL, NULL, NULL, NULL),
(217, 1, 25, 7, 'レジ違算入力ツールの釣銭準備金に集配用釣銭準備金との差異はないか', 1, '2013-09-01', NULL, '2013-09-13 19:44:16', '000001', NULL, NULL, NULL, NULL),
(218, 1, 25, 8, 'レジ違算入力ツールのデータ送信日は当日か', 1, '2013-09-01', NULL, '2013-09-13 19:44:40', '000001', NULL, NULL, NULL, NULL),
(219, 1, 26, 1, 'ジャストボックスの件数・金額は照合されているか', 1, '2013-09-01', NULL, '2013-09-13 19:45:31', '000001', NULL, NULL, NULL, NULL),
(220, 1, 26, 2, 'レジマイナスの打ちミスレシートに理由が記入されているか', 1, '2013-09-01', NULL, '2013-09-13 19:46:06', '000001', NULL, NULL, NULL, NULL),
(221, 1, 26, 3, 'レジマイナスの件数・金額は照合されているか', 1, '2013-09-01', NULL, '2013-09-13 19:46:37', '000001', NULL, NULL, NULL, NULL),
(222, 1, 26, 4, '返品レシートに返品理由が記入されているか', 1, '2013-09-01', NULL, '2013-09-13 19:47:19', '000001', NULL, NULL, NULL, NULL),
(223, 1, 26, 5, '返品レシートにフリー返品の際、お客様の署名を頂いているか', 1, '2013-09-01', NULL, '2013-09-13 19:47:56', '000001', NULL, NULL, NULL, NULL),
(224, 1, 26, 6, '返品レシートに返品対象レシート情報が記入されているか', 1, '2013-09-01', NULL, '2013-09-13 19:48:26', '000001', NULL, NULL, NULL, NULL),
(225, 1, 26, 7, '返品レシートの返品者欄に返品者の記入があるか', 1, '2013-09-01', NULL, '2013-09-13 19:49:10', '000001', NULL, NULL, NULL, NULL),
(226, 1, 26, 8, '返品レシートにフリー返品・初期不良の際、商品受取者欄に担当者の記入があるか', 1, '2013-09-01', NULL, '2013-09-13 19:49:39', '000001', NULL, NULL, NULL, NULL),
(227, 1, 26, 9, '返品レシートの店長欄に店長印が押印されているか', 1, '2013-09-01', NULL, '2013-09-13 19:50:16', '000001', NULL, NULL, NULL, NULL),
(228, 1, 26, 10, '回避JAN修正時の元・返品・打ち替えレシートは揃っているか', 1, '2013-09-01', NULL, '2013-09-13 19:50:54', '000001', NULL, NULL, NULL, NULL),
(229, 1, 26, 11, '返品の件数・金額は照合されているか', 1, '2013-09-01', NULL, '2013-09-13 19:51:33', '000001', NULL, NULL, NULL, NULL),
(230, 1, 26, 12, 'レジ記録表に店長印は押印されているか', 1, '2013-09-01', NULL, '2013-09-13 19:52:09', '000001', NULL, NULL, NULL, NULL),
(231, 1, 27, 1, '下取り記録表は記入されているか', 1, '2013-09-01', NULL, '2013-09-13 19:53:09', '000001', NULL, NULL, NULL, NULL),
(232, 1, 27, 2, '下取り記録表の現金下取り分の件数・金額は照合されているか', 1, '2013-09-01', NULL, '2013-09-13 19:53:31', '000001', NULL, NULL, NULL, NULL),
(233, 1, 27, 3, '下取り記録表のグループ共通ギフトカード下取り分の件数・金額は照合されているか', 1, '2013-09-01', NULL, '2013-09-13 19:54:14', '000001', NULL, NULL, NULL, NULL),
(234, 1, 27, 4, '下取り商品の確認はされているか', 1, '2013-09-01', NULL, '2013-09-13 19:54:48', '000001', NULL, NULL, NULL, NULL),
(235, 1, 27, 5, '事務所に下取り商品が滞留していないか', 1, '2013-09-01', NULL, '2013-09-13 19:55:30', '000001', NULL, NULL, NULL, NULL),
(236, 1, 27, 6, '下取り記録表に押印不備は無いか', 1, '2013-09-01', NULL, '2013-09-13 19:56:00', '000001', NULL, NULL, NULL, NULL),
(237, 1, 28, 1, '経理担当者の机の中に現金・金券・商品等が入っていないか', 1, '2013-09-01', NULL, '2013-09-13 19:56:47', '000001', NULL, NULL, NULL, NULL),
(238, 1, 28, 2, '経費振替依頼書は記入されているか', 1, '2013-09-01', NULL, '2013-09-13 19:57:43', '000001', NULL, NULL, NULL, NULL),
(239, 1, 28, 3, '経費振替依頼書は店長の承認後入力されているか', 1, '2013-09-01', NULL, '2013-09-13 19:58:30', '000001', NULL, NULL, NULL, NULL),
(240, 1, 28, 4, '経費振替入力は経理担当者が行なっているか', 1, '2013-09-01', NULL, '2013-09-13 19:59:25', '000001', NULL, NULL, NULL, NULL),
(241, 1, 28, 5, '経費在庫振替伝票は印刷され、経費振替依頼書と一緒にファイリングされているか', 1, '2013-09-01', NULL, '2013-09-13 20:00:05', '000001', NULL, NULL, NULL, NULL),
(242, 1, 28, 6, '経理書類保存箱は毎月作成されているか', 1, '2013-09-01', NULL, '2013-09-13 20:00:50', '000001', NULL, NULL, NULL, NULL),
(243, 1, 28, 7, '保管期間外の経理書類がファイリングされていないか', 1, '2013-09-01', NULL, '2013-09-13 20:01:18', '000001', NULL, NULL, NULL, NULL),
(244, 1, 28, 8, 'マイカー通勤者一覧が掲示・更新されているか', 1, '2013-09-01', NULL, '2013-09-13 20:01:40', '000001', NULL, NULL, NULL, NULL),
(245, 1, 28, 9, 'マイカー通勤者の鍵は金庫室に預けられているか', 1, '2013-09-01', NULL, '2013-09-13 20:02:29', '000001', NULL, NULL, NULL, NULL),
(246, 2, 29, 1, '小口現金の計数結果と現金出納帳の残高に差異が無いか。', 0, '2013-09-01', NULL, '2013-09-17 10:05:17', '000001', NULL, NULL, NULL, NULL),
(247, 2, 29, 2, '立替金の合計金額は管理台帳の合計金額と一致するか。', 0, '2013-09-01', NULL, '2013-09-17 10:05:55', '000001', NULL, NULL, NULL, NULL),
(248, 2, 29, 3, '立替金は発生都度処理されてるか。', 0, '2013-09-01', NULL, '2013-09-17 10:07:06', '000001', NULL, NULL, NULL, NULL),
(249, 2, 29, 4, '立替金は毎月回収されているか。', 0, '2013-09-01', NULL, '2013-09-17 10:07:30', '000001', NULL, NULL, NULL, NULL),
(250, 2, 29, 5, '立替金管理台帳は毎月更新されているか。', 0, '2013-09-01', NULL, '2013-09-17 10:07:58', '000001', NULL, NULL, NULL, NULL),
(251, 2, 29, 6, '精算書支払日と現金出納帳(当月分)の日付は一致するか。', 0, '2013-09-01', NULL, '2013-09-17 10:08:41', '000001', NULL, NULL, NULL, NULL),
(252, 2, 29, 7, '現金出納帳は入出金がなくても「0」で入力が行われているか。', 0, '2013-09-01', NULL, '2013-09-17 10:09:05', '000001', NULL, NULL, NULL, NULL),
(253, 2, 29, 8, '直近の20日締経理月報残高から手元にある精算書等の金額を差引きした結果と実残高に差異はないか。', 0, '2013-09-01', NULL, '2013-09-17 10:09:32', '000001', NULL, NULL, NULL, NULL),
(254, 2, 29, 9, '精算書に規定外・不明瞭な精算書はないか。', 0, '2013-09-01', NULL, '2013-09-17 10:10:03', '000001', NULL, NULL, NULL, NULL),
(255, 2, 29, 10, '精算書類に不備はないか。', 0, '2013-09-01', NULL, '2013-09-17 10:10:27', '000001', NULL, NULL, NULL, NULL),
(256, 2, 29, 11, '作業対価支払用の現金は管理されているか。', 0, '2013-09-01', NULL, '2013-09-17 10:11:32', '000001', NULL, NULL, NULL, NULL),
(257, 2, 29, 12, '金庫準備金の計数結果と月報残高に差異が無いか。', 0, '2013-09-01', NULL, '2013-09-17 10:11:53', '000001', NULL, NULL, NULL, NULL),
(258, 2, 29, 13, '現金計数は1日2回実施しているか。', 0, '2013-09-01', NULL, '2013-09-17 10:12:15', '000001', NULL, NULL, NULL, NULL),
(259, 2, 29, 14, '計数表に押印不備はないか。', 0, '2013-09-01', NULL, '2013-09-17 10:12:39', '000001', NULL, NULL, NULL, NULL),
(260, 2, 29, 15, '小口預金の残高と現金出納帳の残高に差異は無いか。', 0, '2013-09-01', NULL, '2013-09-17 10:13:03', '000001', NULL, NULL, NULL, NULL),
(261, 2, 29, 16, '小口預金通帳と印章管理台帳の記入内容が一致しているか。', 0, '2013-09-01', NULL, '2013-09-17 10:13:24', '000001', NULL, NULL, NULL, NULL),
(262, 2, 29, 17, '印章管理台帳に小口預金出金以外の押印は無いか。', 0, '2013-09-01', NULL, '2013-09-17 10:13:51', '000001', NULL, NULL, NULL, NULL),
(263, 2, 29, 18, '拾得金の計数結果と台帳残高に差異が無いか。', 0, '2013-09-01', NULL, '2013-09-17 10:14:15', '000001', NULL, NULL, NULL, NULL),
(264, 2, 29, 19, '拾得金はデイリーで入金されているか。', 0, '2013-09-01', NULL, '2013-09-17 10:14:40', '000001', NULL, NULL, NULL, NULL),
(265, 2, 29, 20, '拾得金入金内容と拾得金その他入金明細の入力内容が一致するか。', 0, '2013-09-01', NULL, '2013-09-17 10:15:01', '000001', NULL, NULL, NULL, NULL),
(266, 2, 29, 21, '金庫内に保管すべき釣銭準備金があるか。', 0, '2013-09-01', NULL, '2013-09-17 10:15:53', '000001', NULL, NULL, NULL, NULL),
(267, 2, 29, 22, '金庫内に台帳管理されていない現金・金券はないか。', 0, '2013-09-01', NULL, '2013-09-17 10:16:42', '000001', NULL, NULL, NULL, NULL),
(268, 2, 29, 23, '残置金引継ぎ表の金額と月報残高に差異が無いか。', 0, '2013-09-01', NULL, '2013-09-17 10:17:02', '000001', NULL, NULL, NULL, NULL),
(269, 2, 29, 24, '買取現金の計数結果と買取ファイルに差異が無いか。', 0, '2013-09-01', NULL, '2013-09-17 10:17:34', '000001', NULL, NULL, NULL, NULL),
(270, 2, 29, 25, '前受金の滞留はないか。', 0, '2013-09-01', NULL, '2013-09-17 10:17:56', '000001', NULL, NULL, NULL, NULL),
(271, 2, 29, 26, '売掛金の滞留はないか。', 0, '2013-09-01', NULL, '2013-09-17 10:18:20', '000001', NULL, NULL, NULL, NULL),
(272, 2, 30, 1, '金庫内保管の共通ギフトカードの計数結果と台帳残高に差異が無いか。', 0, '2013-09-01', NULL, '2013-09-17 10:20:39', '000001', NULL, NULL, NULL, NULL),
(273, 2, 30, 2, '金庫以外（買場・SS等）で保管されている共通ギフトカードの計数結果と販売管理台帳残高に差異が無いか。', 0, '2013-09-01', NULL, '2013-09-17 10:21:05', '000001', NULL, NULL, NULL, NULL),
(274, 2, 30, 3, '共通ギフトカードの該当月末台帳残高と月報残高に差異が無いか。', 0, '2013-09-01', NULL, '2013-09-17 10:21:50', '000001', NULL, NULL, NULL, NULL),
(275, 2, 30, 4, '直近の経理月報残高から実残高を引いた数と共通ギフトカード管理台帳の入出庫枚数に差異はないか。', 0, '2013-09-01', NULL, '2013-09-17 10:22:32', '000001', NULL, NULL, NULL, NULL),
(276, 2, 30, 5, '共通ギフトカード管理台帳の出庫枚数と販売管理台帳の出庫枚数に差異はないか。', 0, '2013-09-01', NULL, '2013-09-17 10:22:54', '000001', NULL, NULL, NULL, NULL),
(277, 2, 30, 6, '出納帳の入力内容と共通ギフトカード管理台帳の内容に差異はないか。', 0, '2013-09-01', NULL, '2013-09-17 10:23:17', '000001', NULL, NULL, NULL, NULL),
(278, 2, 30, 7, '出納帳の入力は入出庫がなくても「0」で入力されているか。', 0, '2013-09-01', NULL, '2013-09-17 10:23:45', '000001', NULL, NULL, NULL, NULL),
(279, 2, 30, 8, '共通ギフトカード管理台帳・販売管理台帳の作成・記入状況に不備や漏れが無いか。', 0, '2013-09-01', NULL, '2013-09-17 10:24:09', '000001', NULL, NULL, NULL, NULL),
(280, 2, 30, 9, 'メイト賞出庫の際、メイト賞管理台帳が使用されているか。', 0, '2013-09-01', NULL, '2013-09-17 10:24:40', '000001', NULL, NULL, NULL, NULL),
(281, 2, 30, 10, 'メイト賞管理台帳にメイト賞該当者本人の受領日・受領印があるか。', 0, '2013-09-01', NULL, '2013-09-17 10:25:11', '000001', NULL, NULL, NULL, NULL),
(282, 2, 30, 11, '共通ギフトカード管理台帳・販売管理台帳に押印不備は無いか。', 0, '2013-09-01', NULL, '2013-09-17 10:25:47', '000001', NULL, NULL, NULL, NULL),
(283, 2, 30, 12, 'ＪＣＢギフトカードの計数結果と台帳残高に差異が無いか。', 0, '2013-09-01', NULL, '2013-09-17 10:26:08', '000001', NULL, NULL, NULL, NULL),
(284, 2, 30, 13, 'JCBギフトカードの該当月末台帳残高と月報残高に差異が無いか。', 0, '2013-09-01', NULL, '2013-09-17 10:26:46', '000001', NULL, NULL, NULL, NULL),
(285, 2, 30, 14, '直近の経理月報残高から実残高を引いた数が販売実績及び入庫履歴と差異はないか。', 0, '2013-09-01', NULL, '2013-09-17 10:27:10', '000001', NULL, NULL, NULL, NULL),
(286, 2, 30, 15, '出納帳の入力内容とJCBギフトカード管理台帳の内容に差異はないか。', 0, '2013-09-01', NULL, '2013-09-17 10:27:34', '000001', NULL, NULL, NULL, NULL),
(287, 2, 30, 16, '出納帳の入力は入出庫がなくても「0」で入力されているか。', 0, '2013-09-01', NULL, '2013-09-17 10:27:53', '000001', NULL, NULL, NULL, NULL),
(288, 2, 30, 17, 'JCBギフトカード管台帳の作成・記入状況に不備や漏れが無いか。', 0, '2013-09-01', NULL, '2013-09-17 10:28:31', '000001', NULL, NULL, NULL, NULL),
(289, 2, 30, 18, 'JCBギフトカード管理台帳に押印不備は無いか。', 0, '2013-09-01', NULL, '2013-09-17 10:28:57', '000001', NULL, NULL, NULL, NULL),
(290, 2, 30, 19, '経費分切手・現金書留封筒・ハガキの計数結果と台帳残高に差異が無いか。　', 0, '2013-09-01', NULL, '2013-09-17 10:29:24', '000001', NULL, NULL, NULL, NULL),
(291, 2, 30, 20, '郵便切手管理台帳(経費分)の作成・記入状況に不備や漏れが無いか。', 0, '2013-09-01', NULL, '2013-09-17 10:29:52', '000001', NULL, NULL, NULL, NULL),
(292, 2, 30, 21, '郵便切手管理台帳(経費分)に押印不備は無いか。', 0, '2013-09-01', NULL, '2013-09-17 10:30:20', '000001', NULL, NULL, NULL, NULL),
(293, 2, 30, 22, '【通常在庫】CDサービス券の計数結果と台帳残高に差異が無いか。　', 0, '2013-09-01', NULL, '2013-09-17 10:30:51', '000001', NULL, NULL, NULL, NULL),
(294, 2, 30, 23, '【通常在庫】CDサービス券管理台帳の作成・記入状況に不備や漏れが無いか。', 0, '2013-09-01', NULL, '2013-09-17 10:31:23', '000001', NULL, NULL, NULL, NULL),
(295, 2, 30, 24, '【通常在庫】CDサービス券管理台帳に押印不備は無いか。', 0, '2013-09-01', NULL, '2013-09-17 10:31:53', '000001', NULL, NULL, NULL, NULL),
(296, 2, 30, 25, '【汚破損券】CDサービス券の計数結果と台帳残高に差異が無いか。　', 0, '2013-09-01', NULL, '2013-09-17 10:32:41', '000001', NULL, NULL, NULL, NULL),
(297, 2, 30, 26, '【汚破損券】CDサービス券管理台帳の作成・記入状況に不備や漏れが無いか。', 0, '2013-09-01', NULL, '2013-09-17 10:33:04', '000001', NULL, NULL, NULL, NULL),
(298, 2, 30, 27, '【汚破損券】CDサービス券管理台帳に押印不備は無いか。', 0, '2013-09-01', NULL, '2013-09-17 10:33:34', '000001', NULL, NULL, NULL, NULL),
(299, 2, 30, 28, '自転車防犯登録証の計数結果と台帳残高に差異が無いか。', 0, '2013-09-01', NULL, '2013-09-17 10:34:02', '000001', NULL, NULL, NULL, NULL),
(300, 2, 30, 29, '自転車防犯登録管理台帳の作成・記入状況に不備や漏れが無いか。', 0, '2013-09-01', NULL, '2013-09-17 10:34:26', '000001', NULL, NULL, NULL, NULL),
(301, 2, 30, 30, '自転車防犯登録管理台帳に押印不備は無いか。', 0, '2013-09-01', NULL, '2013-09-17 10:34:53', '000001', NULL, NULL, NULL, NULL),
(302, 2, 30, 31, '家電リサイクル券の計数結果と台帳残高に差異が無いか。', 0, '2013-09-01', NULL, '2013-09-17 10:35:23', '000001', NULL, NULL, NULL, NULL),
(303, 2, 30, 32, '家電リサイクル券管理台帳の作成・記入状況に不備や漏れが無いか。', 0, '2013-09-01', NULL, '2013-09-17 10:36:12', '000001', NULL, NULL, NULL, NULL),
(304, 2, 30, 33, '家電リサイクル券管理台帳に押印不備は無いか。', 0, '2013-09-01', NULL, '2013-09-17 10:36:39', '000001', NULL, NULL, NULL, NULL),
(305, 2, 31, 1, 'レジ違算一覧表は記入されているか。', 0, '2013-09-01', NULL, '2013-09-17 10:37:13', '000001', NULL, NULL, NULL, NULL),
(306, 2, 31, 2, 'レジ違算入力ツールのデータ送信日は当日か', 0, '2013-09-01', NULL, '2013-09-17 10:37:38', '000001', NULL, NULL, NULL, NULL),
(307, 2, 31, 3, 'レジ違算入力ツールの釣銭金額が月報の集配金額と一致するか。', 0, '2013-09-01', NULL, '2013-09-17 10:37:57', '000001', NULL, NULL, NULL, NULL),
(308, 2, 31, 4, 'レジ違算入力ツールは修正されているか。', 0, '2013-09-01', NULL, '2013-09-17 10:38:49', '000001', NULL, NULL, NULL, NULL),
(309, 2, 31, 5, 'レジ修正金額とレジ違算入力ツール修正金額に差異は無いか。', 0, '2013-09-01', NULL, '2013-09-17 10:39:16', '000001', NULL, NULL, NULL, NULL),
(310, 2, 31, 6, '「レジ違算表」（修正前）の現金過不足金額と「経理月報：預金明細」の現金過不足金額に差異が無いか。', 0, '2013-09-01', NULL, '2013-09-17 10:39:49', '000001', NULL, NULL, NULL, NULL),
(311, 2, 32, 1, 'レジ記録表のレジマイナスの件数・金額照合は行われているか。', 0, '2013-09-01', NULL, '2013-09-17 10:40:32', '000001', NULL, NULL, NULL, NULL),
(312, 2, 32, 2, 'レジ記録表の返品の件数・金額照合は行われているか。', 0, '2013-09-01', NULL, '2013-09-17 10:43:03', '000001', NULL, NULL, NULL, NULL),
(313, 2, 32, 3, '指定書類は毎日ファイリングされているか。', 0, '2013-09-01', NULL, '2013-09-17 10:43:37', '000001', NULL, NULL, NULL, NULL),
(314, 2, 32, 4, '搬出可能な指定書類が滞留していないか。', 0, '2013-09-01', NULL, '2013-09-17 10:44:16', '000001', NULL, NULL, NULL, NULL),
(315, 2, 32, 5, '経理書類保存箱は毎月作成されているか。', 0, '2013-09-01', NULL, '2013-09-17 10:44:41', '000001', NULL, NULL, NULL, NULL),
(316, 2, 32, 6, '自動販売機管理台帳は記入されてるか。', 0, '2013-09-01', NULL, '2013-09-17 10:45:11', '000001', NULL, NULL, NULL, NULL),
(317, 2, 33, 1, '防犯備品が在庫管理されているか。', 0, '2013-09-01', NULL, '2013-09-17 10:45:42', '000001', NULL, NULL, NULL, NULL);
INSERT INTO `documents` (`document_id`, `item_id`, `category_id`, `document_no`, `contents`, `transfer_flag`, `start_date`, `end_date`, `register_datetime`, `register_user`, `register_process`, `update_datetime`, `update_user`, `update_process`) VALUES
(318, 2, 33, 2, '総務備品EOS発注台帳（センコーWeb発注台帳）・店舗（施設）備品発注書作成システムの更新版を使用しているか。', 0, '2013-09-01', NULL, '2013-09-17 10:46:13', '000001', NULL, NULL, NULL, NULL),
(319, 2, 34, 1, '入金済カセット・回収棒金入り黒バックは、金庫内収納されているか。', 0, '2013-09-01', NULL, '2013-09-17 10:47:07', '000001', NULL, NULL, NULL, NULL),
(320, 2, 34, 2, '金庫室内不在時は常時施錠されており、電子錠が稼動しているか。', 0, '2013-09-01', NULL, '2013-09-17 10:47:39', '000001', NULL, NULL, NULL, NULL),
(321, 2, 34, 3, 'キーストックのダイヤルは回されているか。', 0, '2013-09-01', NULL, '2013-09-17 10:48:02', '000001', NULL, NULL, NULL, NULL),
(322, 2, 34, 4, '金庫は常時施錠されているか。', 0, '2013-09-01', NULL, '2013-09-17 10:48:26', '000001', NULL, NULL, NULL, NULL),
(323, 2, 34, 5, '警備システムキー管理表は金庫室壁面に掲示されているか。', 0, '2013-09-01', NULL, '2013-09-17 10:48:54', '000001', NULL, NULL, NULL, NULL),
(324, 2, 34, 6, '警備システムキー管理表は更新されているか。', 0, '2013-09-01', NULL, '2013-09-17 10:49:22', '000001', NULL, NULL, NULL, NULL),
(325, 2, 34, 7, '予備防犯備品管理台帳は早番金庫扉内面に掲示されているか。', 0, '2013-09-01', NULL, '2013-09-17 10:49:47', '000001', NULL, NULL, NULL, NULL),
(326, 2, 34, 8, '予備防犯備品管理台帳は更新されているか。', 0, '2013-09-01', NULL, '2013-09-17 10:50:16', '000001', NULL, NULL, NULL, NULL),
(327, 2, 34, 9, '持ち出し用アパタグは遅番金庫天面にて管理されているか。', 0, '2013-09-01', NULL, '2013-09-17 10:50:41', '000001', NULL, NULL, NULL, NULL),
(328, 2, 34, 10, '使用中の手書きの領収書は遅番金庫内に保管されているか。', 0, '2013-09-01', NULL, '2013-09-17 10:51:10', '000001', NULL, NULL, NULL, NULL),
(329, 2, 34, 11, '拾得物管理台帳は記入されているか。', 0, '2013-09-01', NULL, '2013-09-17 10:51:31', '000001', NULL, NULL, NULL, NULL),
(330, 2, 34, 12, '拾得物は拾得日から一週間以内に届出されているか。', 0, '2013-09-01', NULL, '2013-09-17 10:52:01', '000001', NULL, NULL, NULL, NULL),
(331, 2, 34, 13, '拾得物は店長、又は店長が任命した社員が届出しているか。', 0, '2013-09-01', NULL, '2013-09-17 10:52:29', '000001', NULL, NULL, NULL, NULL),
(332, 2, 34, 14, 'マイカー通勤者一覧が掲示・更新されているか。', 0, '2013-09-01', NULL, '2013-09-17 10:52:58', '000001', NULL, NULL, NULL, NULL),
(333, 2, 34, 15, 'マイカー通勤者の鍵は金庫室に預けられているか。', 0, '2013-09-01', NULL, '2013-09-17 10:53:29', '000001', NULL, NULL, NULL, NULL),
(334, 2, 34, 16, '裏紙が使用禁止となっており、POPがコピー機に貼付されているか。', 0, '2013-09-01', NULL, '2013-09-17 10:54:03', '000001', NULL, NULL, NULL, NULL),
(335, 3, 36, 1, '小口現金は金庫内（施錠できる場所）に保管されているか。', 0, '2013-09-01', NULL, '2013-09-25 17:53:23', '000001', NULL, NULL, NULL, NULL),
(336, 3, 36, 2, '小口現金の計数結果と現金出納帳(検査実施日分の)残高に差異はないか。', 0, '2013-09-01', NULL, '2013-09-25 17:54:19', '000001', NULL, NULL, NULL, NULL),
(337, 3, 36, 3, '小口現金の計数結果と検査実施日分の小口現金金種表・経理日報の残高に差異はないか。', 0, '2013-09-01', NULL, '2013-09-25 17:54:44', '000001', NULL, NULL, NULL, NULL),
(338, 3, 36, 4, '小口現金用経理日報(前月末日分)・現金出納表(前月末日分)残高と総勘定元帳(前月末日分)上の小口現金残高に差異はないか。', 0, '2013-09-01', NULL, '2013-09-25 17:55:37', '000001', NULL, NULL, NULL, NULL),
(339, 3, 36, 5, '〆日時点の「経理日報」の残高と会計上（ＣＯＲＥ）の残高に差異はないか。', 0, '2013-09-01', NULL, '2013-09-25 18:24:02', '000001', NULL, NULL, NULL, NULL),
(340, 3, 36, 6, '小口現金は毎日計数を実施の上、小口現金金種表・経理日報の残高と照合が行われているか。', 0, '2013-09-01', NULL, '2013-09-25 18:24:25', '000001', NULL, NULL, NULL, NULL),
(341, 3, 36, 7, '小口現金金種表・経理日報に担当者と確認者の押印はされているか。', 0, '2013-09-01', NULL, '2013-09-25 18:24:58', '000001', NULL, NULL, NULL, NULL),
(342, 3, 36, 8, '小口現金入出金の際、管理責任者の承認はされているか。', 0, '2013-09-01', NULL, '2013-09-25 18:25:21', '000001', NULL, NULL, NULL, NULL),
(343, 3, 36, 9, '小口現金は毎日計数を実施の上、経理日報の残高と照合が行われているか。', 0, '2013-09-01', NULL, '2013-09-25 18:25:50', '000001', NULL, NULL, NULL, NULL),
(344, 3, 36, 10, '管理責任者は日々承認を行っているか。', 0, '2013-09-01', NULL, '2013-09-25 18:26:20', '000001', NULL, NULL, NULL, NULL),
(345, 3, 36, 11, '小口現金金種表・経理日報の管理責任者印の押印はされているか。', 0, '2013-09-01', NULL, '2013-09-25 18:26:45', '000001', NULL, NULL, NULL, NULL),
(346, 3, 36, 12, '出納の際、管理担当者以外の第三者による確認が行なわれているか。', 0, '2013-09-01', NULL, '2013-09-25 18:27:09', '000001', NULL, NULL, NULL, NULL),
(347, 3, 36, 13, '入金伝票・精算書・仮払申請書に確認印が押印されている事を確認する。', 0, '2013-09-01', NULL, '2013-09-25 18:27:31', '000001', NULL, NULL, NULL, NULL),
(348, 3, 36, 14, '小口現金の保持上限を担当者は把握しているか。', 0, '2013-09-01', NULL, '2013-09-25 18:27:54', '000001', NULL, NULL, NULL, NULL),
(349, 3, 36, 15, '小口現金の残高は設定された上下限金額（上限600万円、下限1,388,800円）の範囲内か。', 0, '2013-09-01', NULL, '2013-09-25 18:28:14', '000001', NULL, NULL, NULL, NULL),
(350, 3, 36, 16, '現状の管理ルールにおいて、不明確あるいは見直しが必要と感じる部分はないか。', 0, '2013-09-01', NULL, '2013-09-25 18:28:35', '000001', NULL, NULL, NULL, NULL),
(351, 3, 37, 1, '預金通帳は金庫内（施錠できる場所）に保管されているか。', 0, '2013-09-01', NULL, '2013-09-25 18:29:04', '000001', NULL, NULL, NULL, NULL),
(352, 3, 37, 2, '通帳預金残高(前月末日分)と会計上（CORE）の預金残高に差異はないか。', 0, '2013-09-01', NULL, '2013-09-25 18:29:27', '000001', NULL, NULL, NULL, NULL),
(353, 3, 37, 3, '毎月1日にに通帳記帳が行われているか。', 0, '2013-09-01', NULL, '2013-09-25 18:30:21', '000001', NULL, NULL, NULL, NULL),
(354, 3, 37, 4, '預金口座の保持上限を担当者は把握しているか。', 0, '2013-09-01', NULL, '2013-09-25 18:30:45', '000001', NULL, NULL, NULL, NULL),
(355, 3, 37, 5, '小口預金の残高は設定された上限金額（200万円）を超過していないか。', 0, '2013-09-01', NULL, '2013-09-25 18:31:07', '000001', NULL, NULL, NULL, NULL),
(356, 3, 38, 1, '切手・レターパックは使用時以外は金庫（施錠できる書庫）に保管されているか。', 0, '2013-09-01', NULL, '2013-09-25 18:31:32', '000001', NULL, NULL, NULL, NULL),
(357, 3, 38, 2, '切手・レターパックは郵便切手台帳(検査実施日分)にて、残数及び入出庫管理がされているか。', 0, '2013-09-01', NULL, '2013-09-25 18:31:55', '000001', NULL, NULL, NULL, NULL),
(358, 3, 38, 3, '切手・レターパックを金種別に計数した結果と郵便切手台帳(検査実施日分)の残高に差異はないか。', 0, '2013-09-01', NULL, '2013-09-25 18:32:33', '000001', NULL, NULL, NULL, NULL),
(359, 3, 38, 4, '切手・レターパックは月次で残高の確認が行われているか。', 0, '2013-09-01', NULL, '2013-09-25 18:32:56', '000001', NULL, NULL, NULL, NULL),
(360, 3, 38, 5, '切手・レターパックは月次で管理責任者による承認が行われているか。', 0, '2013-09-01', NULL, '2013-09-25 18:33:17', '000001', NULL, NULL, NULL, NULL),
(361, 3, 38, 6, '切手類の管理について、明文化されたルールがあるか。', 0, '2013-09-01', NULL, '2013-09-25 18:33:40', '000001', NULL, NULL, NULL, NULL),
(362, 3, 39, 1, '収入印紙は使用時以外は金庫（施錠できる書庫）に保管されているか。', 0, '2013-09-01', NULL, '2013-09-25 18:34:19', '000001', NULL, NULL, NULL, NULL),
(363, 3, 39, 2, '収入印紙は収入印紙台帳(検査実施日分)にて、残高及び入出庫管理がされているか。', 0, '2013-09-01', NULL, '2013-09-25 18:34:47', '000001', NULL, NULL, NULL, NULL),
(364, 3, 39, 3, '収入印紙を金種別に計数した結果と収入印紙台帳(検査実施日分)の残高に差異はないか。', 0, '2013-09-01', NULL, '2013-09-25 18:35:07', '000001', NULL, NULL, NULL, NULL),
(365, 3, 39, 4, '収入印紙は月次で残高の確認がされているか。', 0, '2013-09-01', NULL, '2013-09-25 18:35:39', '000001', NULL, NULL, NULL, NULL),
(366, 3, 39, 5, '収入印紙は月次で主計部立会いの下、残高の確認が行われているか。', 0, '2013-09-01', NULL, '2013-09-25 18:35:58', '000001', NULL, NULL, NULL, NULL),
(367, 3, 39, 6, '収入印紙は月次で管理責任者による承認が行われているか。', 0, '2013-09-01', NULL, '2013-09-25 18:36:18', '000001', NULL, NULL, NULL, NULL),
(368, 3, 40, 1, 'グループ共通ギフトカードは使用時以外は金庫内（施錠できる場所）に保管されているか。', 0, '2013-09-01', NULL, '2013-09-25 18:36:41', '000001', NULL, NULL, NULL, NULL),
(369, 3, 40, 2, 'グループ共通ギフトカードは管理台帳にて、残数及び入出庫管理がされているか。', 0, '2013-09-01', NULL, '2013-09-25 18:37:17', '000001', NULL, NULL, NULL, NULL),
(370, 3, 40, 3, 'グループ共通ギフトカードを計数した結果と管理台帳の残高に差異はないか。', 0, '2013-09-01', NULL, '2013-09-25 18:37:43', '000001', NULL, NULL, NULL, NULL),
(371, 3, 40, 4, 'グループ共通ギフトカードは定期的に残数の確認がされているか。', 0, '2013-09-01', NULL, '2013-09-25 18:38:06', '000001', NULL, NULL, NULL, NULL),
(372, 3, 40, 5, 'グループ共通ギフトカードは月次で管理責任者による承認が行われているか。', 0, '2013-09-01', NULL, '2013-09-25 18:38:31', '000001', NULL, NULL, NULL, NULL),
(373, 3, 40, 6, 'グループ共通ギフトカードの入出庫の際、管理担当者以外の第三者による確認が行なわれているか。', 0, '2013-09-01', NULL, '2013-09-25 18:38:54', '000001', NULL, NULL, NULL, NULL),
(374, 3, 40, 7, 'グループ共通ギフトカードの残高は設定された上下限金額（上限22,000枚、下限12,000枚）の範囲内か。', 0, '2013-09-01', NULL, '2013-09-25 18:39:16', '000001', NULL, NULL, NULL, NULL),
(375, 3, 40, 8, '現状の管理ルールにおいて、不明確あるいは見直しが必要と感じる部分はないか。', 0, '2013-09-01', NULL, '2013-09-25 18:39:40', '000001', NULL, NULL, NULL, NULL),
(376, 3, 41, 1, 'グループ共通ギフトカード(汚損・破損券)は使用時以外は金庫内（施錠できる場所）に保管されているか。', 0, '2013-09-01', NULL, '2013-09-25 18:40:10', '000001', NULL, NULL, NULL, NULL),
(377, 3, 41, 2, 'グループ共通ギフトカード(汚損・破損券)はドン・キホーテグループ共通ギフトカード管理台帳(汚損・破損券分)にて、残数及び入出庫管理がされてい', 0, '2013-09-01', NULL, '2013-09-25 18:40:39', '000001', NULL, NULL, NULL, NULL),
(378, 3, 41, 3, 'グループ共通ギフトカード（汚損・破損券）を計数した結果ドン・キホーテグループ共通ギフトカード管理台帳(汚損・破損券分)の残高に差異はないか。', 0, '2013-09-01', NULL, '2013-09-25 18:41:01', '000001', NULL, NULL, NULL, NULL),
(379, 3, 41, 4, 'グループ共通ギフトカード（汚損・破損券）は定期的に残数の確認がされているか。', 0, '2013-09-01', NULL, '2013-09-25 18:41:25', '000001', NULL, NULL, NULL, NULL),
(380, 3, 41, 5, 'グループ共通ギフトカード（汚損・破損券）の入出庫の際、管理担当者以外の第三者による確認が行なわれているか。', 0, '2013-09-01', NULL, '2013-09-25 18:41:44', '000001', NULL, NULL, NULL, NULL),
(381, 3, 41, 6, '現状の管理ルールにおいて、不明確あるいは見直しが必要と感じる部分はないか。', 0, '2013-09-01', NULL, '2013-09-25 18:42:07', '000001', NULL, NULL, NULL, NULL),
(382, 3, 42, 1, 'JCBギフトカードは担当者不在時に金庫内（施錠できる場所）に保管されているか。', 0, '2013-09-01', NULL, '2013-09-25 18:42:54', '000001', NULL, NULL, NULL, NULL),
(383, 3, 42, 2, 'JCBギフトカードはJCBギフトカード管理台帳にて残数及び入出庫管理がされているか。', 0, '2013-09-01', NULL, '2013-09-25 18:43:17', '000001', NULL, NULL, NULL, NULL),
(384, 3, 42, 3, 'JCBギフトカードを計数した結果とJCBギフトカード管理台帳の残高に差異はないか。', 0, '2013-09-01', NULL, '2013-09-25 18:44:00', '000001', NULL, NULL, NULL, NULL),
(385, 3, 42, 4, 'JCBギフトカードは月次で残高確認が行われているか。', 0, '2013-09-01', NULL, '2013-09-25 18:44:22', '000001', NULL, NULL, NULL, NULL),
(386, 3, 42, 5, '月次でＪＣＢギフトカード在庫報告書が作成されており、担当者印と確認者印が押印されているか。', 0, '2013-09-01', NULL, '2013-09-25 18:44:50', '000001', NULL, NULL, NULL, NULL),
(387, 3, 42, 6, 'JCBギフトカーの入出庫の際、管理担当者以外の第三者による確認が行なわれているか。', 0, '2013-09-01', NULL, '2013-09-25 18:45:17', '000001', NULL, NULL, NULL, NULL),
(388, 3, 42, 7, 'JCBギフトカードの残高は設定された上下限金額（上限：通常時1,000枚、年末年始は3,000枚、下限500枚）の範囲内か。', 0, '2013-09-01', NULL, '2013-09-25 18:45:41', '000001', NULL, NULL, NULL, NULL),
(389, 3, 42, 8, '現状の管理ルールにおいて、不明確あるいは見直しが必要と感じる部分はないか。', 0, '2013-09-01', NULL, '2013-09-25 18:46:07', '000001', NULL, NULL, NULL, NULL),
(390, 3, 43, 1, '謝礼金券は担当者不在時に金庫内（施錠できる場所）に保管されているか。', 0, '2013-09-01', NULL, '2013-09-25 18:47:20', '000001', NULL, NULL, NULL, NULL),
(391, 3, 43, 2, '金券は「台帳（金券受払帳）」にて残数及び入出庫管理がされているか。', 0, '2013-09-01', NULL, '2013-09-25 18:47:43', '000001', NULL, NULL, NULL, NULL),
(392, 3, 43, 3, '金券を計数した結果と、台帳（金券受払帳）の残高に差異はないか。', 0, '2013-09-01', NULL, '2013-09-25 18:48:20', '000001', NULL, NULL, NULL, NULL),
(393, 3, 43, 4, '金券は月次で残高確認が行われているか。', 0, '2013-09-01', NULL, '2013-09-25 18:48:50', '000001', NULL, NULL, NULL, NULL),
(394, 3, 43, 5, '金券の入出庫の際、管理担当者以外の第三者による確認が行なわれているか。', 0, '2013-09-01', NULL, '2013-09-25 18:49:13', '000001', NULL, NULL, NULL, NULL),
(395, 3, 43, 6, '金券、期末（6月末）に金券ショップ等で換金されているか。', 0, '2013-09-01', NULL, '2013-09-25 18:49:36', '000001', NULL, NULL, NULL, NULL),
(396, 3, 43, 7, '金券は、換金後の入金処理が適切に行われているか。', 0, '2013-09-01', NULL, '2013-09-25 18:50:01', '000001', NULL, NULL, NULL, NULL),
(397, 3, 44, 1, '手形・小切手は金庫内（施錠できる場所）に保管されているか。', 0, '2013-09-01', NULL, '2013-09-25 18:50:41', '000001', NULL, NULL, NULL, NULL),
(398, 3, 44, 2, '手形・小切手は管理台帳にて残数及び入出庫管理がされているか。', 0, '2013-09-01', NULL, '2013-09-25 18:51:07', '000001', NULL, NULL, NULL, NULL),
(399, 3, 44, 3, '手形・小切手を計数した結果と、管理台帳の残高に差異はないか。', 0, '2013-09-01', NULL, '2013-09-25 18:51:48', '000001', NULL, NULL, NULL, NULL),
(400, 3, 44, 4, '手形・小切手は月次で残高確認が行われているか。', 0, '2013-09-01', NULL, '2013-09-25 18:52:13', '000001', NULL, NULL, NULL, NULL),
(401, 3, 44, 5, '【手形・小切手】金庫保管管理台帳と総勘定元帳の残高に差異はないか。', 0, '2013-09-01', NULL, '2013-09-25 18:52:38', '000001', NULL, NULL, NULL, NULL),
(402, 3, 45, 1, '印鑑カードは金庫内（施錠できる場所）に保管されているか。', 0, '2013-09-01', NULL, '2013-09-25 18:53:20', '000001', NULL, NULL, NULL, NULL),
(403, 3, 45, 2, '印鑑カード現物を計数した結果と台帳（印鑑カード貸与簿）の残高に差異はないか。', 0, '2013-09-01', NULL, '2013-09-25 18:53:49', '000001', NULL, NULL, NULL, NULL),
(404, 3, 45, 3, '印鑑カードは台帳（印鑑カード貸与簿）にて貸出・返却の管理されているか。', 0, '2013-09-01', NULL, '2013-09-25 18:54:25', '000001', NULL, NULL, NULL, NULL),
(405, 3, 45, 4, '印鑑カード（失効分）は台帳（印鑑カード失効一覧）にて管理されているか。', 0, '2013-09-01', NULL, '2013-09-25 18:54:54', '000001', NULL, NULL, NULL, NULL),
(406, 3, 46, 1, '金庫室の施錠状況に問題はないか。', 0, '2013-09-01', NULL, '2013-09-25 18:56:38', '000001', NULL, NULL, NULL, NULL),
(407, 3, 46, 2, '金庫室の入出管理に問題はないか。', 0, '2013-09-01', NULL, '2013-09-25 18:57:07', '000001', NULL, NULL, NULL, NULL),
(408, 3, 46, 3, '金庫室の鍵の管理に問題はないか。', 0, '2013-09-01', NULL, '2013-09-25 18:57:51', '000001', NULL, NULL, NULL, NULL),
(409, 3, 46, 4, '金庫室内入室権限の付与状況に問題はないか。', 0, '2013-09-01', NULL, '2013-09-25 18:58:18', '000001', NULL, NULL, NULL, NULL),
(410, 3, 46, 5, '定期的に金庫室入室権限者の棚卸を行い、経理部・財務部・総務部の各責任者に確認を行なっているか。', 0, '2013-09-01', NULL, '2013-09-25 18:58:48', '000001', NULL, NULL, NULL, NULL),
(411, 3, 46, 6, '金庫室の運用について、明文化されたルールがあるか。', 0, '2013-09-01', NULL, '2013-09-25 18:59:15', '000001', NULL, NULL, NULL, NULL),
(412, 3, 47, 1, '金庫の施錠状況に問題はないか。', 0, '2013-09-01', NULL, '2013-09-25 18:59:53', '000001', NULL, NULL, NULL, NULL),
(413, 3, 47, 2, '金庫(本社大金庫)の鍵の管理に問題はないか。', 0, '2013-09-01', NULL, '2013-09-25 19:00:37', '000001', NULL, NULL, NULL, NULL),
(414, 3, 47, 3, '金庫（本社総務部金庫）の鍵は総務課責任者が管理し、使用権限は総務部責任者及び総務課責任者に限定されているか。', 0, '2013-09-01', NULL, '2013-09-25 19:01:08', '000001', NULL, NULL, NULL, NULL),
(415, 3, 47, 4, '金庫内に台帳管理されていない現金・現物が保管されていないか。', 0, '2013-09-01', NULL, '2013-09-25 19:01:36', '000001', NULL, NULL, NULL, NULL),
(416, 3, 47, 5, '金庫内は整理整頓されているか。', 0, '2013-09-01', NULL, '2013-09-25 19:02:08', '000001', NULL, NULL, NULL, NULL),
(417, 3, 47, 6, '金庫（もしくは鍵つき書庫）の運用について、明文化されたルールがあるか。', 0, '2013-09-01', NULL, '2013-09-25 19:02:38', '000001', NULL, NULL, NULL, NULL),
(418, 3, 48, 1, '出資金（証書）は金庫内（施錠できる場所）に保管されているか。', 0, '2013-09-01', NULL, '2013-09-25 19:03:21', '000001', NULL, NULL, NULL, NULL),
(419, 3, 48, 2, '出資金（証書）は管理台帳にて残数及び入出庫管理がされているか。', 0, '2013-09-01', NULL, '2013-09-25 19:04:01', '000001', NULL, NULL, NULL, NULL),
(420, 3, 48, 3, '出資金（証書）を計数した結果と、管理台帳の残高に差異はないか。', 0, '2013-09-01', NULL, '2013-09-25 19:04:32', '000001', NULL, NULL, NULL, NULL),
(421, 3, 48, 4, '出資金（証書）の入出庫の際、管理担当者以外の第三者による確認が行なわれているか。', 0, '2013-09-01', NULL, '2013-09-25 19:05:06', '000001', NULL, NULL, NULL, NULL),
(422, 3, 48, 5, '出資金（証書）は定期的に残数の確認がされているか。', 0, '2013-09-01', NULL, '2013-09-25 19:05:36', '000001', NULL, NULL, NULL, NULL),
(423, 3, 48, 6, '現状の管理ルールにおいて、不明確あるいは見直しが必要と感じる部分はないか。', 0, '2013-09-01', NULL, '2013-09-25 19:06:02', '000001', NULL, NULL, NULL, NULL),
(424, 3, 49, 1, '有価証券は金庫内（施錠できる場所）に保管されているか。', 0, '2013-09-01', NULL, '2013-09-25 19:07:05', '000001', NULL, NULL, NULL, NULL),
(425, 3, 49, 2, '有価証券は管理台帳にて残数及び入出庫管理がされているか。', 0, '2013-09-01', NULL, '2013-09-25 19:07:37', '000001', NULL, NULL, NULL, NULL),
(426, 3, 49, 3, '有価証券を計数した結果と、管理台帳の残高に差異はないか。', 0, '2013-09-01', NULL, '2013-09-25 19:08:14', '000001', NULL, NULL, NULL, NULL),
(427, 3, 49, 4, '有価証券の管理台帳と会計帳簿「科目明細」を照合し、内容（銘柄・残数）に差異はないか。', 0, '2013-09-01', NULL, '2013-09-25 19:08:38', '000001', NULL, NULL, NULL, NULL),
(428, 3, 49, 5, '有価証券の入出庫の際、管理担当者以外の第三者による確認が行なわれているか。', 0, '2013-09-01', NULL, '2013-09-25 19:09:08', '000001', NULL, NULL, NULL, NULL),
(429, 3, 49, 6, '有価証券は定期的に残数の確認がされているか。', 0, '2013-09-01', NULL, '2013-09-25 19:09:50', '000001', NULL, NULL, NULL, NULL),
(430, 3, 49, 7, '現状の管理ルールにおいて、不明確あるいは見直しが必要と感じる部分はないか', 0, '2013-09-01', NULL, '2013-09-25 19:10:50', '000001', NULL, NULL, NULL, NULL),
(431, 3, 50, 1, '有価証券(無効分)は金庫内（施錠できる場所）に保管されているか。', 0, '2013-09-01', NULL, '2013-09-25 19:11:20', '000001', NULL, NULL, NULL, NULL),
(432, 3, 51, 1, '有価証券は金庫内（施錠できる場所）に保管されているか。', 0, '2013-09-01', NULL, '2013-09-25 19:12:07', '000001', NULL, NULL, NULL, NULL),
(433, 3, 51, 2, '一時保管物は管理台帳にて残数及び入出庫管理がされているか。', 0, '2013-09-01', NULL, '2013-09-25 19:12:52', '000001', NULL, NULL, NULL, NULL),
(434, 3, 51, 3, '金庫内の一時保管物と、一時金庫保管物管理台帳の残高に差異はないか。', 0, '2013-09-01', NULL, '2013-09-25 19:13:23', '000001', NULL, NULL, NULL, NULL),
(435, 3, 51, 4, '一時保管物の入出庫の際、都度責任者による確認が行なわれているか。', 0, '2013-09-01', NULL, '2013-09-25 19:13:51', '000001', NULL, NULL, NULL, NULL),
(436, 3, 51, 5, '一時金庫保管物管理台帳に承認印が押印されているか。', 0, '2013-09-01', NULL, '2013-09-25 19:14:28', '000001', NULL, NULL, NULL, NULL),
(437, 3, 52, 1, 'ETCカードは金庫内（施錠できる場所）に保管されているか。', 0, '2013-09-01', NULL, '2013-09-25 19:15:21', '000001', NULL, NULL, NULL, NULL),
(438, 3, 52, 2, 'ETCカードは管理台帳にて残数及び入出庫管理がされているか。', 0, '2013-09-01', NULL, '2013-09-25 19:15:59', '000001', NULL, NULL, NULL, NULL),
(439, 3, 52, 3, 'ETCカードを計数した結果と、ETCカード管理台帳の残高に差異はないか。', 0, '2013-09-01', NULL, '2013-09-25 19:16:30', '000001', NULL, NULL, NULL, NULL),
(440, 3, 52, 4, 'ETCカードの入出庫の際、都度責任者による確認が行なわれているか。', 0, '2013-09-01', NULL, '2013-09-25 19:17:09', '000001', NULL, NULL, NULL, NULL),
(441, 3, 52, 5, 'ETCカード管理台帳に承認印が押印されているか。', 0, '2013-09-01', NULL, '2013-09-25 19:17:47', '000001', NULL, NULL, NULL, NULL),
(442, 3, 52, 6, 'ETCカードは半期毎に残高確認が行われているか。', 0, '2013-09-01', NULL, '2013-09-25 19:18:15', '000001', NULL, NULL, NULL, NULL),
(443, 3, 52, 7, 'ETCカード管理台帳に担当者印・責任者印が押印されているか', 0, '2013-09-01', NULL, '2013-09-25 19:18:44', '000001', NULL, NULL, NULL, NULL),
(444, 3, 52, 8, 'ETCカードは年次で貸与枚数の確認が行われているか。', 0, '2013-09-01', NULL, '2013-09-25 19:19:13', '000001', NULL, NULL, NULL, NULL),
(445, 3, 53, 1, 'ガソリンカードは金庫内（施錠できる場所）に保管されているか。', 0, '2013-09-01', NULL, '2013-09-25 19:20:29', '000001', NULL, NULL, NULL, NULL),
(446, 3, 53, 2, 'ガソリンカードは管理台帳にて残数及び入出庫管理がされているか。', 0, '2013-09-01', NULL, '2013-09-25 19:21:08', '000001', NULL, NULL, NULL, NULL),
(447, 3, 53, 3, 'ガソリンカードを計数した結果とガソリンカード管理台帳の残高に差異はないか。', 0, '2013-09-01', NULL, '2013-09-25 19:21:39', '000001', NULL, NULL, NULL, NULL),
(448, 3, 53, 4, '管理番号が合致するか。', 0, '2013-09-01', NULL, '2013-09-25 19:22:16', '000001', NULL, NULL, NULL, NULL),
(449, 3, 53, 5, 'ガソリンカードの入出庫の際、都度責任者による確認が行なわれているか。', 0, '2013-09-01', NULL, '2013-09-25 19:22:48', '000001', NULL, NULL, NULL, NULL),
(450, 3, 53, 6, 'ガソリンカード管理台帳に承認印が押印されているか。', 0, '2013-09-01', NULL, '2013-09-25 19:23:27', '000001', NULL, NULL, NULL, NULL),
(451, 3, 53, 7, 'ガソリンカードは半期毎に残高確認が行われているか。', 0, '2013-09-01', NULL, '2013-09-25 19:24:03', '000001', NULL, NULL, NULL, NULL),
(452, 3, 53, 8, 'ガソリンカード管理台帳に担当者印・責任者印が押印されているか', 0, '2013-09-01', NULL, '2013-09-25 19:25:18', '000001', NULL, NULL, NULL, NULL),
(453, 3, 53, 9, 'ガソリンカードは年次で貸与枚数の確認が行われているか。', 0, '2013-09-01', NULL, '2013-09-25 19:25:54', '000001', NULL, NULL, NULL, NULL),
(454, 3, 54, 1, 'その他現物は担当者不在時に金庫内（施錠できる場所）に保管されているか。', 0, '2013-09-01', NULL, '2013-09-25 19:26:35', '000001', NULL, NULL, NULL, NULL),
(455, 3, 54, 2, 'その他現物は管理台帳にて、残数及び入出庫管理がされているか。', 0, '2013-09-01', NULL, '2013-09-25 19:27:23', '000001', NULL, NULL, NULL, NULL),
(456, 3, 54, 3, 'その他現物の計数結果と管理台帳残高に差異はないか', 0, '2013-09-01', NULL, '2013-09-25 19:28:00', '000001', NULL, NULL, NULL, NULL),
(457, 3, 54, 4, 'その他現物は定期的に管理責任者による承認が行われているか。', 0, '2013-09-01', NULL, '2013-09-25 19:28:35', '000001', NULL, NULL, NULL, NULL),
(458, 3, 55, 1, '切手類は使用時以外は金庫（施錠できる書庫）に保管されているか。', 0, '2013-09-01', NULL, '2013-09-25 19:29:22', '000001', NULL, NULL, NULL, NULL),
(459, 3, 55, 2, '金庫保管分の切手類は管理台帳にて、残数及び入出庫管理がされているか。', 0, '2013-09-01', NULL, '2013-09-25 19:34:41', '000001', NULL, NULL, NULL, NULL),
(460, 3, 55, 3, '鍵付書庫保管分の切手類は管理台帳にて、残数及び入出庫管理がされているか。', 0, '2013-09-01', NULL, '2013-09-25 19:35:54', '000001', NULL, NULL, NULL, NULL),
(461, 3, 55, 4, '金庫保管分の切手類を金種別に計数した結果と管理台帳の残高に差異はないか。', 0, '2013-09-01', NULL, '2013-09-25 19:36:45', '000001', NULL, NULL, NULL, NULL),
(462, 3, 55, 5, '鍵付書庫保管分の切手類を金種別に計数した結果と管理台帳の残高に差異はないか。', 0, '2013-09-01', NULL, '2013-09-25 19:37:21', '000001', NULL, NULL, NULL, NULL),
(463, 3, 55, 6, '金庫保管分の切手類の入出庫の際、都度責任者による確認が行なわれているか。', 0, '2013-09-01', NULL, '2013-09-25 19:37:57', '000001', NULL, NULL, NULL, NULL),
(464, 3, 55, 7, '管理台帳に承認印が押印されているか。', 0, '2013-09-01', NULL, '2013-09-25 19:38:32', '000001', NULL, NULL, NULL, NULL),
(465, 3, 55, 8, '鍵付書庫保管分の切手類の入出庫の際、都度責任者による確認が行なわれているか。', 0, '2013-09-01', NULL, '2013-09-25 19:39:13', '000001', NULL, NULL, NULL, NULL),
(466, 3, 55, 9, '管理台帳に承認印が押印されているか。', 0, '2013-09-01', NULL, '2013-09-25 19:39:44', '000001', NULL, NULL, NULL, NULL),
(467, 3, 55, 10, '切手類の管理について、明文化されたルールがあるか。', 0, '2013-09-01', NULL, '2013-09-25 19:40:25', '000001', NULL, NULL, NULL, NULL),
(468, 3, 55, 11, '鍵付書庫保管分の切手類の出庫の際、日々管理担当者による確認が行われているか。', 0, '2013-09-01', NULL, '2013-09-25 19:41:06', '000001', NULL, NULL, NULL, NULL),
(469, 3, 55, 12, '管理台帳に確認印が押印されているか。', 0, '2013-09-01', NULL, '2013-09-25 19:41:42', '000001', NULL, NULL, NULL, NULL),
(470, 3, 55, 13, '金庫保管分の切手類は、半期毎に残高確認が行われているか。', 0, '2013-09-01', NULL, '2013-09-25 19:42:22', '000001', NULL, NULL, NULL, NULL),
(471, 3, 55, 14, '鍵付書庫保管分の切手類は、半期毎に残高確認が行われているか。', 0, '2013-09-01', NULL, '2013-09-25 19:43:04', '000001', NULL, NULL, NULL, NULL),
(472, 3, 55, 15, '管理台帳に管理担当者の確認印及び責任者の承認印が押印されているか', 0, '2013-09-01', NULL, '2013-09-25 19:43:47', '000001', NULL, NULL, NULL, NULL),
(473, 3, 56, 1, '総勘定元帳【貯蔵品】(前月末日分)残高と【1212月度 切手＆印紙在庫】(前月末日分)との残高に差異はないか。', 0, '2013-09-01', NULL, '2013-09-25 19:44:36', '000001', NULL, NULL, NULL, NULL),
(474, 3, 57, 1, '仮払金の期末残高は管理台帳上の期末残高と「会計帳簿」の期末残高に差異はないか。', 0, '2013-09-01', NULL, '2013-09-25 19:46:16', '000001', NULL, NULL, NULL, NULL),
(475, 3, 57, 2, '仮払金の出金・精算状況が管理台帳で管理されているか。', 0, '2013-09-01', NULL, '2013-09-25 19:47:01', '000001', NULL, NULL, NULL, NULL),
(476, 3, 57, 3, '仮払金の管理台帳は定期的に更新されているか。', 0, '2013-09-01', NULL, '2013-09-25 19:47:47', '000001', NULL, NULL, NULL, NULL),
(477, 3, 57, 4, '仮払金の管理責任者は定期的に承認を行っているか。', 0, '2013-09-01', NULL, '2013-09-25 19:48:28', '000001', NULL, NULL, NULL, NULL),
(478, 3, 57, 5, '仮払金の管理台帳の承認時に管理責任者は精算書を確認の上、承認を行なっているか。', 0, '2013-09-01', NULL, '2013-09-25 19:49:02', '000001', NULL, NULL, NULL, NULL),
(479, 3, 57, 6, '不要な仮払いは発生していないか。', 0, '2013-09-01', NULL, '2013-09-25 19:49:43', '000001', NULL, NULL, NULL, NULL),
(480, 3, 57, 7, '仮払未精算者について規定の精算期限を超過しているものが無いか。', 0, '2013-09-01', NULL, '2013-09-25 19:50:22', '000001', NULL, NULL, NULL, NULL),
(481, 1, 12, 7, '販売用印紙はあるか', 1, '2013-09-01', NULL, '2013-09-27 16:20:40', '000001', NULL, NULL, NULL, NULL),
(482, 1, 12, 8, '販売用印紙の残数はあっているか', 1, '2013-09-01', NULL, '2013-09-27 16:21:09', '000001', NULL, NULL, NULL, NULL),
(483, 3, 57, 7, '仮払未精算者について規定の精算期限を超過しているものが無いか。', 0, '2013-09-01', NULL, '2013-09-25 19:50:22', '000001', NULL, NULL, NULL, NULL),
(484, 1, 4, 1, 'レジ業務委託社管理の金庫準備金に差異はないか', 1, '2013-09-01', NULL, '2013-09-27 16:58:33', '000001', NULL, NULL, NULL, NULL),
(485, 1, 4, 2, '配金された釣銭準備金のラベルに記載されている使用日と使用する営業日は一致しているか', 1, '2013-09-01', NULL, '2013-09-27 16:58:58', '000001', NULL, NULL, NULL, NULL),
(486, 1, 4, 3, '金庫内に現金・現物が保管されていないか', 1, '2013-09-01', NULL, '2013-09-27 16:59:22', '000001', NULL, NULL, NULL, NULL),
(487, 1, 1, 10, '引き継ぎあり７日表示項目', 1, '2013-11-01', '2013-11-18', '2013-11-18 19:16:24', '000002', NULL, NULL, NULL, NULL),
(488, 1, 1, 11, '引き継ぎあり７日非表示', 1, '2013-11-01', '2013-11-06', '2013-11-07 19:51:29', '000002', NULL, NULL, NULL, NULL),
(489, 1, 1, 12, '引き継ぎなし７日表示項目', 0, '2013-11-01', '2013-11-19', '2013-11-18 19:16:45', '000002', NULL, NULL, NULL, NULL),
(490, 1, 1, 13, '引き継ぎなし７日非表示項目', 0, '2013-11-01', '2013-11-06', '2013-11-07 19:52:39', '000002', NULL, NULL, NULL, NULL),
(491, 1, 1, 14, '12345678901234567890123456789012345678901234567890123456789012345678901234567890', 1, '2013-11-01', '2013-12-31', '2013-11-19 19:06:34', '000002', NULL, NULL, NULL, NULL);

-- --------------------------------------------------------

--
-- テーブルの構造 `items`
--

CREATE TABLE IF NOT EXISTS `items` (
  `item_id` int(11) NOT NULL COMMENT 'ジャンルID',
  `name` varchar(30) NOT NULL COMMENT 'ジャンル名',
  `register_datetime` datetime DEFAULT NULL,
  `register_user` varchar(30) DEFAULT NULL,
  `register_process` varchar(30) DEFAULT NULL,
  `update_datetime` datetime DEFAULT NULL,
  `update_user` varchar(30) DEFAULT NULL,
  `update_process` varchar(30) DEFAULT NULL,
  PRIMARY KEY (`item_id`)
) ENGINE=InnoDB DEFAULT CHARSET=utf8 COMMENT='ジャンルマスタ';

--
-- テーブルのデータのダンプ `items`
--

INSERT INTO `items` (`item_id`, `name`, `register_datetime`, `register_user`, `register_process`, `update_datetime`, `update_user`, `update_process`) VALUES
(1, '現金実査表', NULL, NULL, NULL, NULL, NULL, NULL),
(2, '臨店チェックシート', NULL, NULL, NULL, NULL, NULL, NULL),
(3, '本社-現金・現物実査表', NULL, NULL, NULL, NULL, NULL, NULL);

-- --------------------------------------------------------

--
-- テーブルの構造 `properties`
--

CREATE TABLE IF NOT EXISTS `properties` (
  `puroperty_id` int(1) NOT NULL COMMENT '属性ID',
  `name` varchar(50) DEFAULT NULL COMMENT '属性名',
  `register_datetime` datetime DEFAULT NULL,
  `register_user` varchar(30) DEFAULT NULL,
  `register_process` varchar(30) DEFAULT NULL,
  `update_datetime` datetime DEFAULT NULL,
  `update_user` varchar(30) DEFAULT NULL,
  `update_process` varchar(30) DEFAULT NULL,
  PRIMARY KEY (`puroperty_id`)
) ENGINE=InnoDB DEFAULT CHARSET=utf8 COMMENT='属性マスタ';

--
-- テーブルのデータのダンプ `properties`
--

INSERT INTO `properties` (`puroperty_id`, `name`, `register_datetime`, `register_user`, `register_process`, `update_datetime`, `update_user`, `update_process`) VALUES
(1, '株式会社ドン・キホーテ', '2013-08-01 00:00:00', NULL, NULL, NULL, NULL, NULL),
(2, '株式会社長崎屋', '2013-08-01 00:00:00', NULL, NULL, NULL, NULL, NULL),
(3, 'ドイト株式会社', '2013-08-01 00:00:00', NULL, NULL, NULL, NULL, NULL),
(4, '日本商業施設株式会社', '2013-08-01 00:00:00', NULL, NULL, NULL, NULL, NULL),
(5, '株式会社ディワン', '2013-08-01 00:00:00', NULL, NULL, NULL, NULL, NULL),
(6, '株式会社リアリット', '2013-08-01 00:00:00', NULL, NULL, NULL, NULL, NULL),
(7, 'アクリーティブ株式会社', '2013-08-01 00:00:00', NULL, NULL, NULL, NULL, NULL),
(8, '日本アセットマーケティング株式会社', '2013-08-01 00:00:00', NULL, NULL, NULL, NULL, NULL),
(9, '株式会社ジャパンインバウンドソリューションズ', '2013-09-01 00:00:00', NULL, NULL, NULL, NULL, NULL);

-- --------------------------------------------------------

--
-- テーブルの構造 `stores`
--

CREATE TABLE IF NOT EXISTS `stores` (
  `store_id` int(11) NOT NULL AUTO_INCREMENT COMMENT '店舗ID',
  `store_no` varchar(4) NOT NULL COMMENT '店番',
  `name` varchar(30) NOT NULL COMMENT '店舗名',
  `property_id` int(1) NOT NULL COMMENT '属性ID',
  `valid_start_day` date DEFAULT NULL COMMENT '有効開始日',
  `valid_end_day` date DEFAULT NULL COMMENT '有効終了日',
  `register_datetime` datetime DEFAULT NULL,
  `register_user` varchar(30) DEFAULT NULL,
  `register_process` varchar(30) DEFAULT NULL,
  `update_datetime` datetime DEFAULT NULL,
  `update_user` varchar(30) DEFAULT NULL,
  `update_process` varchar(30) DEFAULT NULL,
  PRIMARY KEY (`store_id`),
  KEY `property_id` (`property_id`)
) ENGINE=InnoDB  DEFAULT CHARSET=utf8 COMMENT='店舗マスタ' AUTO_INCREMENT=283 ;

--
-- テーブルのデータのダンプ `stores`
--

INSERT INTO `stores` (`store_id`, `store_no`, `name`, `property_id`, `valid_start_day`, `valid_end_day`, `register_datetime`, `register_user`, `register_process`, `update_datetime`, `update_user`, `update_process`) VALUES
(1, '0001', '府中店', 1, '2013-09-01', '2013-10-02', '2013-10-28 12:05:22', '000002', NULL, NULL, NULL, NULL),
(3, '0003', '東名川崎店', 1, '2013-09-01', NULL, '2013-09-24 15:54:02', '000001', NULL, NULL, NULL, NULL),
(4, '0004', '木更津店', 1, '2013-09-01', NULL, '2013-09-24 15:54:43', '000001', NULL, NULL, NULL, NULL),
(5, '0005', '幕張店', 1, '2013-09-01', NULL, '2013-09-24 15:56:51', '000001', NULL, NULL, NULL, NULL),
(6, '0006', '市原店', 1, '2013-09-01', NULL, '2013-09-24 15:57:18', '000001', NULL, NULL, NULL, NULL),
(8, '0007', '大宮店', 1, '2013-09-01', NULL, '2013-09-24 15:57:52', '000001', NULL, NULL, NULL, NULL),
(9, '0008', '新宿店', 1, '2013-09-01', NULL, '2013-09-24 15:58:37', '000001', NULL, NULL, NULL, NULL),
(10, '0009', '葛西店', 1, '2013-09-01', NULL, '2013-09-24 15:59:49', '000001', NULL, NULL, NULL, NULL),
(11, '0010', '環八世田谷店', 1, '2013-09-01', NULL, '2013-09-24 16:00:47', '000001', NULL, NULL, NULL, NULL),
(12, '0011', '和光店', 1, '2013-09-01', NULL, '2013-09-24 16:02:26', '000001', NULL, NULL, NULL, NULL),
(13, '0012', '環七梅島店', 1, '2013-09-01', NULL, '2013-09-24 16:03:15', '000001', NULL, NULL, NULL, NULL),
(14, '0014', '京王堀之内店', 1, '2013-09-01', NULL, '2013-09-24 16:04:30', '000001', NULL, NULL, NULL, NULL),
(15, '0016', '東八三鷹店', 1, '2013-09-01', NULL, '2013-09-24 16:05:37', '000001', NULL, NULL, NULL, NULL),
(16, '0017', '新横浜店', 1, '2013-09-01', NULL, '2013-09-24 16:07:07', '000001', NULL, NULL, NULL, NULL),
(17, '0018', '原木西船橋店', 1, '2013-09-01', NULL, '2013-09-24 16:08:17', '000001', NULL, NULL, NULL, NULL),
(18, '0019', '小金井公園店', 1, '2013-09-01', NULL, '2013-09-24 16:09:17', '000001', NULL, NULL, NULL, NULL),
(19, '0020', '千葉中央店', 1, '2013-09-01', NULL, '2013-09-24 16:10:00', '000001', NULL, NULL, NULL, NULL),
(20, '0021', '渋谷店', 1, '2013-09-01', NULL, '2013-09-24 16:10:45', '000001', NULL, NULL, NULL, NULL),
(21, '0022', 'めじろ台店', 1, '2013-09-01', NULL, '2013-09-24 16:11:50', '000001', NULL, NULL, NULL, NULL),
(22, '0023', 'MEGAドン・キホーテ山下公園店', 1, '2013-09-01', NULL, '2013-09-24 16:12:48', '000001', NULL, NULL, NULL, NULL),
(23, '0025', '環七方南町店', 1, '2013-09-01', NULL, '2013-09-24 16:14:42', '000001', NULL, NULL, NULL, NULL),
(24, '0026', '横須賀店', 1, '2013-09-01', NULL, '2013-09-24 16:16:03', '000001', NULL, NULL, NULL, NULL),
(25, '0028', '東名横浜インター店', 1, '2013-09-01', NULL, '2013-09-24 16:18:38', '000001', NULL, NULL, NULL, NULL),
(26, '0029', '新宿東口本店', 1, '2013-09-01', NULL, '2013-09-24 16:20:20', '000001', NULL, NULL, NULL, NULL),
(27, '0030', '小平店', 1, '2013-09-01', NULL, '2013-09-24 16:20:53', '000001', NULL, NULL, NULL, NULL),
(28, '0031', '六本木店', 1, '2013-09-01', NULL, '2013-09-24 16:21:40', '000001', NULL, NULL, NULL, NULL),
(29, '0032', 'ピカソ伊勢佐木町店', 1, '2013-09-01', NULL, '2013-09-24 16:22:42', '000001', NULL, NULL, NULL, NULL),
(30, '0033', '川口新井宿店', 1, '2013-09-01', NULL, '2013-09-24 16:23:56', '000001', NULL, NULL, NULL, NULL),
(31, '0034', '蕨店', 1, '2013-09-01', NULL, '2013-09-24 16:24:35', '000001', NULL, NULL, NULL, NULL),
(32, '0035', 'ピカソ新小岩店', 1, '2013-09-01', NULL, '2013-09-24 16:25:56', '000001', NULL, NULL, NULL, NULL),
(33, '0037', '国分寺店', 1, '2013-09-01', NULL, '2013-09-24 16:26:34', '000001', NULL, NULL, NULL, NULL),
(34, '0038', '楽市街道箱崎店', 1, '2013-09-01', NULL, '2013-09-24 16:27:55', '000001', NULL, NULL, NULL, NULL),
(35, '0040', '伊丹店', 1, '2013-09-01', NULL, '2013-09-24 16:28:46', '000001', NULL, NULL, NULL, NULL),
(36, '0041', '西新店', 1, '2013-09-01', NULL, '2013-09-24 16:29:59', '000001', NULL, NULL, NULL, NULL),
(37, '0042', '手稲店', 1, '2013-09-01', NULL, '2013-09-24 16:30:48', '000001', NULL, NULL, NULL, NULL),
(38, '0043', '箕面店', 1, '2013-09-01', NULL, '2013-09-24 16:31:39', '000001', NULL, NULL, NULL, NULL),
(39, '0045', '平岡店', 1, '2013-09-01', NULL, '2013-09-24 16:32:24', '000001', NULL, NULL, NULL, NULL),
(40, '0046', '枚方店', 1, '2013-09-01', NULL, '2013-09-24 16:33:04', '000001', NULL, NULL, NULL, NULL),
(41, '0047', '札幌店', 1, '2013-09-01', NULL, '2013-09-24 16:33:53', '000001', NULL, NULL, NULL, NULL),
(42, '0048', 'PAWかわさき店', 1, '2013-09-01', NULL, '2013-09-24 16:34:48', '000001', NULL, NULL, NULL, NULL),
(43, '0050', '楽市楽座久留米店', 1, '2013-09-01', NULL, '2013-09-24 16:35:21', '000001', NULL, NULL, NULL, NULL),
(44, '0053', '青戸店', 1, '2013-09-01', NULL, '2013-09-24 16:37:08', '000001', NULL, NULL, NULL, NULL),
(45, '0055', '狭山店', 1, '2013-09-01', NULL, '2013-09-24 16:37:50', '000001', NULL, NULL, NULL, NULL),
(46, '0056', '戸塚原宿店', 1, '2013-09-01', NULL, '2013-09-24 16:39:14', '000001', NULL, NULL, NULL, NULL),
(47, '0057', '京都南インター店', 1, '2013-09-01', NULL, '2013-09-24 16:53:47', '000001', NULL, NULL, NULL, NULL),
(48, '0058', '町田駅前店', 1, '2013-09-01', NULL, '2013-09-24 16:54:35', '000001', NULL, NULL, NULL, NULL),
(49, '0060', 'BIG FUN 平和島店', 1, '2013-09-01', NULL, '2013-09-24 16:55:17', '000001', NULL, NULL, NULL, NULL),
(50, '0061', '中野駅前店', 1, '2013-09-01', NULL, '2013-09-24 16:56:25', '000001', NULL, NULL, NULL, NULL),
(51, '0062', '新座野火止店', 1, '2013-09-01', NULL, '2013-09-24 16:58:02', '000001', NULL, NULL, NULL, NULL),
(52, '0063', '北池袋店', 1, '2013-09-01', NULL, '2013-09-24 16:58:47', '000001', NULL, NULL, NULL, NULL),
(53, '0064', '三宮店', 1, '2013-09-01', NULL, '2013-09-24 16:59:31', '000001', NULL, NULL, NULL, NULL),
(54, '0065', '宇都宮店', 1, '2013-09-01', NULL, '2013-09-24 17:00:41', '000001', NULL, NULL, NULL, NULL),
(55, '0066', 'いさわ店', 1, '2013-09-01', NULL, '2013-09-24 17:01:56', '000001', NULL, NULL, NULL, NULL),
(56, '0067', '亀戸駅前店', 1, '2013-09-01', NULL, '2013-09-24 17:02:55', '000001', NULL, NULL, NULL, NULL),
(57, '0068', 'PAW平塚店', 1, '2013-09-01', NULL, '2013-09-24 17:03:50', '000001', NULL, NULL, NULL, NULL),
(58, '0070', 'MEGAドン・キホーテ柏店', 1, '2013-09-01', NULL, '2013-09-24 17:04:41', '000001', NULL, NULL, NULL, NULL),
(59, '0071', '三軒茶屋店', 1, '2013-09-01', NULL, '2013-09-24 17:05:48', '000001', NULL, NULL, NULL, NULL),
(60, '0072', '内環深江店', 1, '2013-09-01', NULL, '2013-09-24 17:07:43', '000001', NULL, NULL, NULL, NULL),
(61, '0073', '練馬店', 1, '2013-09-01', NULL, '2013-09-24 17:08:30', '000001', NULL, NULL, NULL, NULL),
(62, '0074', 'PAWSBS通り店', 1, '2013-09-01', NULL, '2013-09-24 17:10:58', '000001', NULL, NULL, NULL, NULL),
(63, '0075', 'PAW住之江公園店', 1, '2013-09-01', NULL, '2013-09-24 17:11:59', '000001', NULL, NULL, NULL, NULL),
(64, '0076', 'PAW中川山王店', 1, '2013-09-01', NULL, '2013-09-24 17:13:19', '000001', NULL, NULL, NULL, NULL),
(65, '0077', '羽曳野店', 1, '2013-09-01', NULL, '2013-09-24 17:13:54', '000001', NULL, NULL, NULL, NULL),
(66, '0078', '高崎店', 1, '2013-09-01', NULL, '2013-09-24 17:14:56', '000001', NULL, NULL, NULL, NULL),
(67, '0079', '新潟駅南店', 1, '2013-09-01', NULL, '2013-09-24 17:15:59', '000001', NULL, NULL, NULL, NULL),
(68, '0080', '西宮店', 1, '2013-09-01', NULL, '2013-09-24 17:16:42', '000001', NULL, NULL, NULL, NULL),
(69, '0081', '伊勢崎店', 1, '2013-09-01', NULL, '2013-09-24 17:19:10', '000001', NULL, NULL, NULL, NULL),
(70, '0083', 'PAWつちうらきた店', 1, '2013-09-01', NULL, '2013-09-24 17:19:44', '000001', NULL, NULL, NULL, NULL),
(71, '0085', '十三店', 1, '2013-09-01', NULL, '2013-09-24 17:20:49', '000001', NULL, NULL, NULL, NULL),
(72, '0086', '上本町店', 1, '2013-09-01', NULL, '2013-09-24 17:21:32', '000001', NULL, NULL, NULL, NULL),
(73, '0087', 'PAW石切店', 1, '2013-09-01', NULL, '2013-09-24 17:22:25', '000001', NULL, NULL, NULL, NULL),
(74, '0088', '楽市街道名古屋店', 1, '2013-09-01', NULL, '2013-09-24 17:23:00', '000001', NULL, NULL, NULL, NULL),
(75, '0089', 'PAW上熊本店', 1, '2013-09-01', NULL, '2013-09-24 17:23:40', '000001', NULL, NULL, NULL, NULL),
(76, '0090', 'D_Plaza大分店', 1, '2013-09-01', NULL, '2013-09-24 17:24:34', '000001', NULL, NULL, NULL, NULL),
(77, '0091', '和泉店', 1, '2013-09-01', NULL, '2013-09-24 17:25:20', '000001', NULL, NULL, NULL, NULL),
(78, '0092', '銀座本館', 1, '2013-09-01', NULL, '2013-09-24 17:25:48', '000001', NULL, NULL, NULL, NULL),
(79, '0094', '竹ノ塚店', 1, '2013-09-01', NULL, '2013-09-24 17:26:11', '000001', NULL, NULL, NULL, NULL),
(80, '0095', '八尾店', 1, '2013-09-01', NULL, '2013-09-24 17:27:02', '000001', NULL, NULL, NULL, NULL),
(81, '0096', 'ピカソ環七江戸川店', 1, '2013-09-01', NULL, '2013-09-24 17:28:01', '000001', NULL, NULL, NULL, NULL),
(82, '0097', 'PAW新安城店', 1, '2013-09-01', NULL, '2013-09-24 17:28:54', '000001', NULL, NULL, NULL, NULL),
(83, '0098', '秋葉原店', 1, '2013-09-01', NULL, '2013-09-24 17:29:53', '000001', NULL, NULL, NULL, NULL),
(84, '0099', '加古川店', 1, '2013-09-01', NULL, '2013-09-24 17:30:28', '000001', NULL, NULL, NULL, NULL),
(85, '0100', '黒崎店', 1, '2013-09-01', NULL, '2013-09-24 17:31:17', '000001', NULL, NULL, NULL, NULL),
(86, '0101', '成田店', 1, '2013-09-01', NULL, '2013-09-24 17:34:54', '000001', NULL, NULL, NULL, NULL),
(87, '0102', '奈良店', 1, '2013-09-01', NULL, '2013-09-24 17:35:56', '000001', NULL, NULL, NULL, NULL),
(88, '0103', 'ピカソ港南台店', 1, '2013-09-01', NULL, '2013-09-24 17:36:35', '000001', NULL, NULL, NULL, NULL),
(89, '0104', 'PAW高松店', 1, '2013-09-01', NULL, '2013-09-24 17:37:54', '000001', NULL, NULL, NULL, NULL),
(90, '0105', '広島祗園店', 1, '2013-09-01', NULL, '2013-09-24 17:38:45', '000001', NULL, NULL, NULL, NULL),
(91, '0106', 'ピカソ久喜店', 1, '2013-09-01', NULL, '2013-09-24 17:39:29', '000001', NULL, NULL, NULL, NULL),
(92, '0107', '上野店', 1, '2013-09-01', NULL, '2013-09-24 17:39:56', '000001', NULL, NULL, NULL, NULL),
(93, '0108', '君津店', 1, '2013-09-01', NULL, '2013-09-24 17:40:35', '000001', NULL, NULL, NULL, NULL),
(94, '0109', '静岡両替町店', 1, '2013-09-01', NULL, '2013-09-24 17:41:12', '000001', NULL, NULL, NULL, NULL),
(95, '0110', '道頓堀店', 1, '2013-09-01', NULL, '2013-09-24 17:42:39', '000001', NULL, NULL, NULL, NULL),
(96, '0112', 'PAW金沢店', 1, '2013-09-01', NULL, '2013-09-24 17:43:40', '000001', NULL, NULL, NULL, NULL),
(97, '0113', '仙台南店', 1, '2013-09-01', NULL, '2013-09-24 17:44:07', '000001', NULL, NULL, NULL, NULL),
(98, '0114', 'ピカソ西早稲田店', 1, '2013-09-01', NULL, '2013-09-24 17:57:39', '000001', NULL, NULL, NULL, NULL),
(99, '0115', '桜ノ宮店', 1, '2013-09-01', NULL, '2013-09-24 17:58:44', '000001', NULL, NULL, NULL, NULL),
(100, '0116', '熊本中央店', 1, '2013-09-01', NULL, '2013-09-24 17:59:33', '000001', NULL, NULL, NULL, NULL),
(101, '0117', '沼津店', 1, '2013-09-01', NULL, '2013-09-24 18:00:11', '000001', NULL, NULL, NULL, NULL),
(102, '0118', '日ノ出町店', 1, '2013-09-01', NULL, '2013-09-24 18:00:54', '000001', NULL, NULL, NULL, NULL),
(103, '0119', 'ぶらくり丁店', 1, '2013-09-01', NULL, '2013-09-24 18:01:33', '000001', NULL, NULL, NULL, NULL),
(104, '0120', '川中島店', 1, '2013-09-01', NULL, '2013-09-24 18:02:40', '000001', NULL, NULL, NULL, NULL),
(105, '0121', '行徳駅前店', 1, '2013-09-01', NULL, '2013-09-24 18:09:41', '000001', NULL, NULL, NULL, NULL),
(106, '0122', '横浜西口店', 1, '2013-09-01', NULL, '2013-09-24 18:10:24', '000001', NULL, NULL, NULL, NULL),
(107, '0123', '青梅新町店', 1, '2013-09-01', NULL, '2013-09-24 18:12:22', '000001', NULL, NULL, NULL, NULL),
(108, '0124', '半田店', 1, '2013-09-01', NULL, '2013-09-24 18:12:51', '000001', NULL, NULL, NULL, NULL),
(109, '0125', 'MEGAドン･キホーテ仙台台原店', 2, '2013-09-01', NULL, '2013-09-24 18:13:53', '000001', NULL, NULL, NULL, NULL),
(110, '0126', '東所沢店', 1, '2013-09-01', NULL, '2013-09-24 18:15:10', '000001', NULL, NULL, NULL, NULL),
(111, '0127', '新金岡店', 1, '2013-09-01', NULL, '2013-09-24 18:15:52', '000001', NULL, NULL, NULL, NULL),
(112, '0129', '南松本店', 1, '2013-09-01', NULL, '2013-09-24 18:16:34', '000001', NULL, NULL, NULL, NULL),
(113, '0131', '稲毛長沼店', 1, '2013-09-01', NULL, '2013-09-24 18:17:23', '000001', NULL, NULL, NULL, NULL),
(114, '0132', '福岡空港南店', 1, '2013-09-01', NULL, '2013-09-24 18:18:31', '000001', NULL, NULL, NULL, NULL),
(115, '0133', '倉敷店', 1, '2013-09-01', NULL, '2013-09-24 18:19:12', '000001', NULL, NULL, NULL, NULL),
(116, '0135', '郡山駅東店', 1, '2013-09-01', NULL, '2013-09-24 18:20:01', '000001', NULL, NULL, NULL, NULL),
(117, '0139', '岡山下中野店', 1, '2013-09-01', NULL, '2013-09-24 18:20:41', '000001', NULL, NULL, NULL, NULL),
(118, '0140', 'エッセンス富津店', 1, '2013-09-01', NULL, '2013-09-24 18:21:31', '000001', NULL, NULL, NULL, NULL),
(119, '0141', '河口湖インター店', 1, '2013-09-01', NULL, '2013-09-24 18:22:21', '000001', NULL, NULL, NULL, NULL),
(120, '0143', '川越店', 1, '2013-09-01', NULL, '2013-09-24 18:23:25', '000001', NULL, NULL, NULL, NULL),
(121, '0144', '瑞穂店', 1, '2013-09-01', NULL, '2013-09-24 18:24:08', '000001', NULL, NULL, NULL, NULL),
(122, '0145', '北42条店', 1, '2013-09-01', NULL, '2013-09-24 18:24:53', '000001', NULL, NULL, NULL, NULL),
(123, '0146', '太田店', 1, '2013-09-01', NULL, '2013-09-24 18:29:17', '000001', NULL, NULL, NULL, NULL),
(124, '0148', '与野店', 1, '2013-09-01', NULL, '2013-09-24 18:29:52', '000001', NULL, NULL, NULL, NULL),
(125, '0149', '富山店', 1, '2013-09-01', NULL, '2013-09-24 18:30:21', '000001', NULL, NULL, NULL, NULL),
(126, '0150', 'MEGAドン・キホーテ古淵店', 1, '2013-09-01', NULL, '2013-09-24 18:30:43', '000001', NULL, NULL, NULL, NULL),
(127, '0151', '入間店', 1, '2013-09-01', NULL, '2013-09-24 18:31:39', '000001', NULL, NULL, NULL, NULL),
(128, '0152', '函館七重浜店', 1, '2013-09-01', NULL, '2013-09-24 18:31:59', '000001', NULL, NULL, NULL, NULL),
(129, '0153', '小倉店', 1, '2013-09-01', NULL, '2013-09-24 18:32:19', '000001', NULL, NULL, NULL, NULL),
(130, '0154', '青森観光通り店', 1, '2013-09-01', NULL, '2013-09-24 18:32:42', '000001', NULL, NULL, NULL, NULL),
(131, '0155', 'MEGAドン・キホーテ春日部店', 1, '2013-09-01', NULL, '2013-09-24 18:33:06', '000001', NULL, NULL, NULL, NULL),
(132, '0156', '千葉ニュータウン店', 1, '2013-09-01', NULL, '2013-09-24 18:33:27', '000001', NULL, NULL, NULL, NULL),
(133, '0157', '所沢宮本町店', 1, '2013-09-01', NULL, '2013-09-24 18:33:52', '000001', NULL, NULL, NULL, NULL),
(134, '0158', '宇部店', 1, '2013-09-01', NULL, '2013-09-24 18:34:22', '000001', NULL, NULL, NULL, NULL),
(135, '0159', '姫路RIOS店', 1, '2013-09-01', NULL, '2013-09-24 18:34:51', '000001', NULL, NULL, NULL, NULL),
(136, '0160', '晩翠通り店', 1, '2013-09-01', NULL, '2013-09-24 18:35:18', '000001', NULL, NULL, NULL, NULL),
(137, '0161', '鈴鹿店', 1, '2013-09-01', NULL, '2013-09-24 18:36:16', '000001', NULL, NULL, NULL, NULL),
(138, '0163', '名古屋本店', 1, '2013-09-01', NULL, '2013-09-24 18:36:40', '000001', NULL, NULL, NULL, NULL),
(139, '0164', 'ショッパーズモール泉佐野店', 1, '2013-09-01', NULL, '2013-09-24 18:37:00', '000001', NULL, NULL, NULL, NULL),
(140, '0165', '草津店', 1, '2013-09-01', NULL, '2013-09-24 18:37:47', '000001', NULL, NULL, NULL, NULL),
(141, '0166', 'MEGAドン・キホーテ厚木店', 1, '2013-09-01', NULL, '2013-09-24 18:38:30', '000001', NULL, NULL, NULL, NULL),
(142, '0167', '六丁の目店', 1, '2013-09-01', NULL, '2013-09-24 18:39:13', '000001', NULL, NULL, NULL, NULL),
(143, '0168', '柏駅前店', 2, '2013-09-01', NULL, '2013-09-24 18:39:44', '000001', NULL, NULL, NULL, NULL),
(144, '0169', 'ドン・キホーテOUTLET館', 1, '2013-09-01', NULL, '2013-09-24 18:40:11', '000001', NULL, NULL, NULL, NULL),
(145, '0170', 'MEGAドン・キホーテ四街道店', 2, '2013-09-01', NULL, '2013-09-24 18:40:40', '000001', NULL, NULL, NULL, NULL),
(146, '0171', '溝ノ口駅前店', 2, '2013-09-01', NULL, '2013-09-25 14:26:02', '000001', NULL, NULL, NULL, NULL),
(147, '0172', 'MEGAドン・キホーテ三郷店', 2, '2013-09-01', NULL, '2013-09-25 14:28:09', '000001', NULL, NULL, NULL, NULL),
(148, '0173', 'MEGAドン・キホーテ北鴻巣店', 2, '2013-09-01', NULL, '2013-09-25 14:27:51', '000001', NULL, NULL, NULL, NULL),
(149, '0174', '水戸店', 1, '2013-09-01', NULL, '2013-09-25 14:27:27', '000001', NULL, NULL, NULL, NULL),
(150, '0175', 'MEGAドン・キホーテ弁天町店', 2, '2013-09-01', NULL, '2013-09-25 14:28:51', '000001', NULL, NULL, NULL, NULL),
(151, '0176', 'MEGAドン・キホーテ柏崎店', 2, '2013-09-01', NULL, '2013-09-25 14:29:15', '000001', NULL, NULL, NULL, NULL),
(152, '0177', 'MEGAドン・キホーテ旭川店', 2, '2013-09-01', NULL, '2013-09-25 14:29:39', '000001', NULL, NULL, NULL, NULL),
(153, '0178', '佐世保店', 1, '2013-09-01', NULL, '2013-09-25 14:30:06', '000001', NULL, NULL, NULL, NULL),
(154, '0180', '緑店', 1, '2013-09-01', NULL, '2013-09-25 14:30:58', '000001', NULL, NULL, NULL, NULL),
(155, '0181', '豊田店', 1, '2013-09-01', NULL, '2013-09-25 14:31:33', '000001', NULL, NULL, NULL, NULL),
(156, '0182', '一宮店', 1, '2013-09-01', NULL, '2013-09-25 14:31:56', '000001', NULL, NULL, NULL, NULL),
(157, '0183', '刈谷店', 1, '2013-09-01', NULL, '2013-09-25 14:32:34', '000001', NULL, NULL, NULL, NULL),
(158, '0184', 'MEGAドン・キホーテ鵜沼店', 1, '2013-09-01', NULL, '2013-09-25 14:33:06', '000001', NULL, NULL, NULL, NULL),
(159, '0186', 'MEGAドン・キホーテ浜松可美店', 2, '2013-09-01', NULL, '2013-09-25 14:33:35', '000001', NULL, NULL, NULL, NULL),
(160, '0187', '富士店', 1, '2013-09-01', NULL, '2013-09-25 14:34:10', '000001', NULL, NULL, NULL, NULL),
(161, '0188', '松山店', 1, '2013-09-01', NULL, '2013-09-25 14:34:38', '000001', NULL, NULL, NULL, NULL),
(162, '0189', '福山店', 1, '2013-09-01', NULL, '2013-09-25 14:35:01', '000001', NULL, NULL, NULL, NULL),
(163, '0192', 'MEGAドン・キホーテ上水戸店', 2, '2013-09-01', NULL, '2013-09-25 14:35:37', '000001', NULL, NULL, NULL, NULL),
(164, '0193', 'MEGAドン・キホーテ ラパークいわき店', 2, '2013-09-01', NULL, '2013-09-25 14:37:44', '000001', NULL, NULL, NULL, NULL),
(165, '0195', 'MEGAドン・キホーテ西帯広店', 2, '2013-09-01', NULL, '2013-09-25 14:37:27', '000001', NULL, NULL, NULL, NULL),
(166, '0196', 'MEGAドン・キホーテ黒磯店', 2, '2013-09-01', NULL, '2013-09-25 14:37:08', '000001', NULL, NULL, NULL, NULL),
(167, '0197', 'ドン・キホーテ秋田店', 2, '2013-09-01', NULL, '2013-09-25 14:38:34', '000001', NULL, NULL, NULL, NULL),
(168, '0198', 'MEGAドン・キホーテ長野店', 2, '2013-09-01', NULL, '2013-09-25 14:39:08', '000001', NULL, NULL, NULL, NULL),
(169, '0199', '室蘭中島店', 2, '2013-09-01', NULL, '2013-09-25 14:40:23', '000001', NULL, NULL, NULL, NULL),
(170, '0200', 'MEGAドン・キホーテ ラパーク金沢店', 2, '2013-09-01', NULL, '2013-09-25 14:40:54', '000001', NULL, NULL, NULL, NULL),
(171, '0203', 'ラパーク瑞江店', 2, '2013-09-01', NULL, '2013-09-25 14:41:33', '000001', NULL, NULL, NULL, NULL),
(172, '0204', '高知ヴィアン店', 2, '2013-09-01', NULL, '2013-09-25 14:42:25', '000001', NULL, NULL, NULL, NULL),
(173, '0206', 'みちくさ屋 名古屋本店', 1, '2013-09-01', NULL, '2013-09-25 14:43:01', '000001', NULL, NULL, NULL, NULL),
(174, '0207', '佐賀店', 1, '2013-09-01', NULL, '2013-09-25 15:02:01', '000001', NULL, NULL, NULL, NULL),
(176, '0208', '中目黒本店', 1, '2013-09-01', NULL, '2013-09-25 15:05:42', '000001', NULL, NULL, NULL, NULL),
(177, '0209', 'MEGAドン・キホーテ本八幡店', 2, '2013-09-01', NULL, '2013-09-25 15:06:33', '000001', NULL, NULL, NULL, NULL),
(178, '0210', '千城台店', 2, '2013-09-01', NULL, '2013-09-25 15:07:09', '000001', NULL, NULL, NULL, NULL),
(179, '0211', 'MEGAドン・キホーテ勝田店', 2, '2013-09-01', NULL, '2013-09-25 15:07:52', '000001', NULL, NULL, NULL, NULL),
(180, '0212', 'MEGAドン・キホーテ ラパーク成東店', 2, '2013-09-01', NULL, '2013-09-25 15:08:48', '000001', NULL, NULL, NULL, NULL),
(181, '0213', 'MEGAドン・キホーテ荒川沖店', 2, '2013-09-01', NULL, '2013-09-25 15:09:24', '000001', NULL, NULL, NULL, NULL),
(182, '0214', '二俣川店', 2, '2013-09-01', NULL, '2013-09-25 15:09:59', '000001', NULL, NULL, NULL, NULL),
(183, '0215', 'MEGAドン・キホーテ蓮田店', 2, '2013-09-01', NULL, '2013-09-25 15:10:34', '000001', NULL, NULL, NULL, NULL),
(184, '0216', '蒲田駅前店', 1, '2013-09-01', NULL, '2013-09-25 15:11:20', '000001', NULL, NULL, NULL, NULL),
(185, '0217', '宮崎店', 1, '2013-09-01', NULL, '2013-09-25 15:12:31', '000001', NULL, NULL, NULL, NULL),
(186, '0219', '帯広店', 2, '2013-09-01', NULL, '2013-09-25 15:13:15', '000001', NULL, NULL, NULL, NULL),
(187, '0220', '八王子駅前店', 2, '2013-09-01', NULL, '2013-09-25 15:14:07', '000001', NULL, NULL, NULL, NULL),
(188, '0221', '小樽店', 2, '2013-09-01', NULL, '2013-09-25 15:14:52', '000001', NULL, NULL, NULL, NULL),
(189, '0222', '中標津店', 2, '2013-09-01', NULL, '2013-09-25 15:15:28', '000001', NULL, NULL, NULL, NULL),
(190, '0224', '小山駅前店', 1, '2013-09-01', NULL, '2013-09-25 15:16:07', '000001', NULL, NULL, NULL, NULL),
(191, '0225', '小田原店', 2, '2013-09-01', NULL, '2013-09-25 15:16:42', '000001', NULL, NULL, NULL, NULL),
(192, '0226', '西川口駅前店', 1, '2013-09-01', NULL, '2013-09-25 15:17:17', '000001', NULL, NULL, NULL, NULL),
(193, '0227', 'MEGAドン･キホーテ浦和原山店', 2, '2013-09-01', NULL, '2013-09-25 15:17:59', '000001', NULL, NULL, NULL, NULL),
(194, '0228', 'ドイト花ノ木与野店', 3, '2013-09-01', NULL, '2013-09-25 15:18:48', '000001', NULL, NULL, NULL, NULL),
(195, '0229', 'MEGAドン・キホーテ函館店', 2, '2013-09-01', NULL, '2013-09-25 15:19:28', '000001', NULL, NULL, NULL, NULL),
(196, '0230', '岸和田店', 2, '2013-09-01', NULL, '2013-09-25 15:20:26', '000001', NULL, NULL, NULL, NULL),
(197, '0231', '八戸店', 2, '2013-09-01', NULL, '2013-09-25 15:21:02', '000001', NULL, NULL, NULL, NULL),
(198, '0235', 'MEGAドン･キホーテ ラパーク宇都宮店', 2, '2013-09-01', NULL, '2013-09-25 15:22:00', '000001', NULL, NULL, NULL, NULL),
(199, '0236', 'MEGAドン・キホーテ苫小牧店', 2, '2013-09-01', NULL, '2013-09-25 15:22:35', '000001', NULL, NULL, NULL, NULL),
(200, '0237', 'MEGAドン・キホーテ桐生店', 2, '2013-09-01', NULL, '2013-09-25 15:23:14', '000001', NULL, NULL, NULL, NULL),
(201, '0239', '船橋南口店', 1, '2013-09-01', NULL, '2013-09-25 15:23:55', '000001', NULL, NULL, NULL, NULL),
(202, '0240', 'ドイト与野店', 3, '2013-09-01', NULL, '2013-09-25 15:26:31', '000001', NULL, NULL, NULL, NULL),
(203, '0241', 'ドイト朝霞店', 3, '2013-09-01', NULL, '2013-09-25 15:27:18', '000001', NULL, NULL, NULL, NULL),
(204, '0242', 'ドイト東大宮店', 3, '2013-09-01', NULL, '2013-09-25 15:28:02', '000001', NULL, NULL, NULL, NULL),
(205, '0243', 'ドイト板橋志村店', 3, '2013-09-01', NULL, '2013-09-25 15:29:04', '000001', NULL, NULL, NULL, NULL),
(206, '0244', 'ドイト戸田店', 3, '2013-09-01', NULL, '2013-09-25 15:29:47', '000001', NULL, NULL, NULL, NULL),
(207, '0245', '小山駅前店', 3, '2013-09-01', NULL, '2013-09-25 15:30:29', '000001', NULL, NULL, NULL, NULL),
(208, '0246', 'ドイト東久留米店', 3, '2013-09-01', NULL, '2013-09-25 15:33:11', '000001', NULL, NULL, NULL, NULL),
(209, '0246', 'ドイト豊玉中店', 3, '2013-09-01', NULL, '2013-09-25 15:33:53', '000001', NULL, NULL, NULL, NULL),
(210, '0248', 'ドイト南砂店', 3, '2013-09-01', NULL, '2013-09-25 15:34:31', '000001', NULL, NULL, NULL, NULL),
(211, '0249', 'タウン･ドイト後楽園店', 3, '2013-09-01', NULL, '2013-09-25 15:35:19', '000001', NULL, NULL, NULL, NULL),
(212, '0255', '池袋東口駅前店', 1, '2013-09-01', NULL, '2013-09-25 15:36:12', '000001', NULL, NULL, NULL, NULL),
(213, '0259', 'ドイト ラパークいわき店', 3, '2013-09-01', NULL, '2013-09-25 15:37:06', '000001', NULL, NULL, NULL, NULL),
(214, '0260', '大宮東口店', 1, '2013-09-01', NULL, '2013-09-25 15:37:42', '000001', NULL, NULL, NULL, NULL),
(215, '0261', 'MEGAドン・キホーテ草加店', 1, '2013-09-01', NULL, '2013-09-25 15:38:24', '000001', NULL, NULL, NULL, NULL),
(216, '0262', '荻窪駅前店', 1, '2013-09-01', NULL, '2013-09-25 15:58:07', '000001', NULL, NULL, NULL, NULL),
(217, '0264', 'ドン・キホーテ八戸店', 2, '2013-09-01', NULL, '2013-09-25 15:59:15', '000001', NULL, NULL, NULL, NULL),
(218, '0266', 'MEGAドン・キホーテ宇治店', 1, '2013-09-01', NULL, '2013-09-25 15:59:45', '000001', NULL, NULL, NULL, NULL),
(219, '0267', 'ドン・キホーテ室蘭中島店', 2, '2013-09-01', NULL, '2013-09-25 16:00:16', '000001', NULL, NULL, NULL, NULL),
(220, '0268', 'ドン・キホーテ小樽店', 2, '2013-09-01', NULL, '2013-09-25 16:01:06', '000001', NULL, NULL, NULL, NULL),
(221, '0270', 'MEGAドン・キホーテ神戸本店', 1, '2013-09-01', NULL, '2013-09-25 16:01:45', '000001', NULL, NULL, NULL, NULL),
(222, '0271', '高槻店', 1, '2013-09-01', NULL, '2013-09-25 16:02:16', '000001', NULL, NULL, NULL, NULL),
(223, '0272', '柳ケ瀬店', 1, '2013-09-01', NULL, '2013-09-25 16:02:44', '000001', NULL, NULL, NULL, NULL),
(224, '0273', 'MEGAドン・キホーテ岸和田店', 2, '2013-09-01', NULL, '2013-09-25 16:03:15', '000001', NULL, NULL, NULL, NULL),
(225, '0274', 'ドイト恋ヶ窪店', 3, '2013-09-01', NULL, '2013-09-25 16:03:46', '000001', NULL, NULL, NULL, NULL),
(226, '0275', '梅田本店', 1, '2013-09-01', NULL, '2013-09-25 16:04:28', '000001', NULL, NULL, NULL, NULL),
(227, '0276', '高田馬場駅前店', 1, '2013-09-01', NULL, '2013-09-25 16:04:58', '000001', NULL, NULL, NULL, NULL),
(228, '0277', 'エッセンス川口駅前店', 1, '2013-09-01', NULL, '2013-09-25 16:05:36', '000001', NULL, NULL, NULL, NULL),
(229, '0278', '中洲店', 1, '2013-09-01', NULL, '2013-09-25 16:06:07', '000001', NULL, NULL, NULL, NULL),
(230, '0280', '上田店', 1, '2013-09-01', NULL, '2013-09-25 16:06:28', '000001', NULL, NULL, NULL, NULL),
(231, '0281', '宇品店', 1, '2013-09-01', NULL, '2013-09-25 16:07:11', '000001', NULL, NULL, NULL, NULL),
(232, '0282', '長岡インター店', 1, '2013-09-01', NULL, '2013-09-25 16:07:34', '000001', NULL, NULL, NULL, NULL),
(233, '0283', 'MEGAドン・キホーテ豊田本店', 1, '2013-09-01', NULL, '2013-09-25 16:08:08', '000001', NULL, NULL, NULL, NULL),
(234, '0284', '町屋店', 1, '2013-09-01', NULL, '2013-09-25 16:08:52', '000001', NULL, NULL, NULL, NULL),
(235, '0286', '盛岡上堂店', 1, '2013-09-01', NULL, '2013-09-25 16:09:40', '000001', NULL, NULL, NULL, NULL),
(236, '0287', 'ドン・キホーテ軽の殿堂　成東店', 1, '2013-09-01', NULL, '2013-09-25 16:10:11', '000001', NULL, NULL, NULL, NULL),
(237, '0288', '小松店', 1, '2013-09-01', NULL, '2013-09-25 16:10:47', '000001', NULL, NULL, NULL, NULL),
(238, '0289', 'ピカソ赤坂店', 1, '2013-09-01', NULL, '2013-09-25 16:11:19', '000001', NULL, NULL, NULL, NULL),
(239, '0290', '鹿児島宇宿店', 1, '2013-09-01', NULL, '2013-09-25 16:11:44', '000001', NULL, NULL, NULL, NULL),
(240, '0291', 'ガーデン前橋店', 1, '2013-09-01', NULL, '2013-09-25 16:12:15', '000001', NULL, NULL, NULL, NULL),
(241, '0292', 'MEGAドン・キホーテ上鶴間店', 1, '2013-09-01', NULL, '2013-09-25 16:12:49', '000001', NULL, NULL, NULL, NULL),
(242, '0293', 'MEGAドン・キホーテ龍ケ崎店', 1, '2013-09-01', NULL, '2013-09-25 16:13:28', '000001', NULL, NULL, NULL, NULL),
(243, '0294', 'MEGAドン・キホーテ姫路白浜店', 1, '2013-09-01', NULL, '2013-09-25 16:14:00', '000001', NULL, NULL, NULL, NULL),
(244, '0295', '浜町店', 1, '2013-09-01', NULL, '2013-09-25 16:14:30', '000001', NULL, NULL, NULL, NULL),
(245, '0296', 'MEGAドン・キホーテ長浜店', 1, '2013-09-01', NULL, '2013-09-25 16:15:06', '000001', NULL, NULL, NULL, NULL),
(246, '0297', 'エッセンス関町店', 1, '2013-09-01', NULL, '2013-09-25 16:15:43', '000001', NULL, NULL, NULL, NULL),
(247, '0298', 'ＭＥＧＡドン・キホーテ四日市店', 1, '2013-09-01', NULL, '2013-09-25 16:16:22', '000001', NULL, NULL, NULL, NULL),
(248, '0299', 'MEGAドン・キホーテ岐阜瑞穂店', 1, '2013-09-01', NULL, '2013-09-25 16:17:26', '000001', NULL, NULL, NULL, NULL),
(249, '0300', 'MEGAドン・キホーテ袋井店', 1, '2013-09-01', NULL, '2013-09-25 16:18:03', '000001', NULL, NULL, NULL, NULL),
(250, '0301', '広島八丁堀店', 1, '2013-09-01', NULL, '2013-09-25 16:18:52', '000001', NULL, NULL, NULL, NULL),
(251, '0302', 'MEGAドン・キホーテ宜野湾店', 1, '2013-09-01', NULL, '2013-09-25 16:19:18', '000001', NULL, NULL, NULL, NULL),
(252, '0303', '大日店', 1, '2013-09-01', NULL, '2013-09-25 16:19:51', '000001', NULL, NULL, NULL, NULL),
(253, '0304', '山形嶋南店', 1, '2013-09-01', NULL, '2013-09-25 16:20:26', '000001', NULL, NULL, NULL, NULL),
(254, '0305', '下関長府店', 1, '2013-09-01', NULL, '2013-09-25 16:21:11', '000001', NULL, NULL, NULL, NULL),
(255, '0306', 'MEGAドン・キホーテ上越インター店', 1, '2013-09-01', NULL, '2013-09-25 16:21:45', '000001', NULL, NULL, NULL, NULL),
(256, '0307', '神戸西店', 1, '2013-09-01', NULL, '2013-09-25 16:22:17', '000001', NULL, NULL, NULL, NULL),
(257, '0308', 'MEGAドン・キホーテ紀の川店', 1, '2013-09-01', NULL, '2013-09-25 16:22:51', '000001', NULL, NULL, NULL, NULL),
(258, '0309', 'MEGAドン・キホーテ飯塚店', 1, '2013-09-01', NULL, '2013-09-25 16:23:26', '000001', NULL, NULL, NULL, NULL),
(259, '0310', '高岡店', 1, '2013-09-01', NULL, '2013-09-25 16:23:47', '000001', NULL, NULL, NULL, NULL),
(260, '0312', '福井大和田店', 1, '2013-09-01', NULL, '2013-09-25 16:24:31', '000001', NULL, NULL, NULL, NULL),
(261, '0313', 'MEGAドン・キホーテ西条玉津店', 1, '2013-09-01', NULL, '2013-09-25 16:25:58', '000001', NULL, NULL, NULL, NULL),
(262, '0314', '驚安堂　桜上水店', 1, '2013-09-01', NULL, '2013-09-25 16:26:46', '000001', NULL, NULL, NULL, NULL),
(263, '0315', 'MEGAドン・キホーテ武蔵小金井駅前店', 2, '2013-09-01', NULL, '2013-09-25 16:27:25', '000001', NULL, NULL, NULL, NULL),
(264, '0316', '丸亀店', 1, '2013-09-01', NULL, '2013-09-25 16:28:00', '000001', NULL, NULL, NULL, NULL),
(265, '0317', '日吉店', 1, '2013-09-01', NULL, '2013-09-25 16:28:29', '000001', NULL, NULL, NULL, NULL),
(266, '0318', '弘前店', 1, '2013-09-01', NULL, '2013-09-25 16:29:12', '000001', NULL, NULL, NULL, NULL),
(267, '0319', 'MEGAドン・キホーテ狩場インター店', 1, '2013-09-01', NULL, '2013-09-25 16:29:56', '000001', NULL, NULL, NULL, NULL),
(268, '0320', '東雲店', 1, '2013-09-01', NULL, '2013-09-25 16:30:22', '000001', NULL, NULL, NULL, NULL),
(269, '1001', '中目黒本社', 1, '2013-09-01', NULL, '2013-09-25 16:31:08', '000001', NULL, NULL, NULL, NULL),
(270, '1002', '葛西社屋修理支援課（第5事業部）', 1, '2013-09-01', NULL, '2013-09-25 16:31:31', '000001', NULL, NULL, NULL, NULL),
(271, '1003', '堀之内営業本部商談課（第5事業部）', 1, '2013-09-01', NULL, '2013-09-25 16:32:12', '000001', NULL, NULL, NULL, NULL),
(272, '1004', '堀之内営業本部修理支援課（第1事業部）', 1, '2013-09-01', NULL, '2013-09-25 16:33:52', '000001', NULL, NULL, NULL, NULL),
(273, '1005', '大阪支社', 1, '2013-09-01', NULL, '2013-09-25 16:34:57', '000001', NULL, NULL, NULL, NULL),
(274, '1006', '与野本社', 3, '2013-09-01', NULL, '2013-09-25 16:35:47', '000001', NULL, NULL, NULL, NULL),
(275, '1007', '日本商業施設', 4, '2013-09-01', NULL, '2013-09-25 16:36:41', '000001', NULL, NULL, NULL, NULL),
(276, '1008', 'リアリット', 6, '2013-09-01', NULL, '2013-09-25 16:37:18', '000001', NULL, NULL, NULL, NULL),
(277, '1009', 'ＪＡＭ', 8, '2013-09-01', NULL, '2013-09-25 16:46:15', '000001', NULL, NULL, NULL, NULL),
(278, '1010', 'ＪＩＳ', 1, '2013-09-01', NULL, '2013-09-25 16:53:11', '000001', NULL, NULL, NULL, NULL),
(279, '1011', 'ディワン', 5, '2013-09-01', NULL, '2013-09-25 16:53:38', '000001', NULL, NULL, NULL, NULL),
(280, '1012', 'アクリーティブ', 7, '2013-09-01', NULL, '2013-09-25 16:54:00', '000001', NULL, NULL, NULL, NULL),
(281, '8001', '出ないはず店舗', 1, '2013-11-01', '2013-11-06', '2013-11-07 21:15:19', '000002', NULL, NULL, NULL, NULL),
(282, '8001', '出るはず店舗', 1, '2013-11-01', '2013-11-07', '2013-11-07 21:15:49', '000002', NULL, NULL, NULL, NULL);

-- --------------------------------------------------------

--
-- テーブルの構造 `users`
--

CREATE TABLE IF NOT EXISTS `users` (
  `no` int(11) NOT NULL AUTO_INCREMENT COMMENT 'NO',
  `user_id` varchar(6) CHARACTER SET utf8 NOT NULL COMMENT 'ユーザーID',
  `user_name` varchar(30) NOT NULL COMMENT 'ユーザー名',
  `password` varchar(60) CHARACTER SET utf8 NOT NULL COMMENT 'パスワード',
  `authority_id` int(1) NOT NULL COMMENT '権限ID',
  `mail_address` varchar(256) DEFAULT NULL COMMENT 'メールアドレス',
  `valid_flag` int(1) NOT NULL COMMENT '有効フラグ',
  `register_datetime` datetime DEFAULT NULL,
  `register_user` varchar(30) DEFAULT NULL,
  `register_process` varchar(30) DEFAULT NULL,
  `update_datetime` datetime DEFAULT NULL,
  `update_user` varchar(30) DEFAULT NULL,
  `update_process` varchar(30) DEFAULT NULL,
  PRIMARY KEY (`no`),
  KEY `authority_id` (`authority_id`),
  KEY `user_id` (`user_id`)
) ENGINE=InnoDB  DEFAULT CHARSET=ucs2 COMMENT='ユーザーマスタ' AUTO_INCREMENT=24 ;

--
-- テーブルのデータのダンプ `users`
--

INSERT INTO `users` (`no`, `user_id`, `user_name`, `password`, `authority_id`, `mail_address`, `valid_flag`, `register_datetime`, `register_user`, `register_process`, `update_datetime`, `update_user`, `update_process`) VALUES
(1, '060009', '菅野千香子', '18c32a928c03a2218817c9464c3ccd268f139ce7', 2, 'c.kanno@docomo.ne.jp______', 0, '2013-09-25 16:59:27', '000001', NULL, NULL, '', NULL),
(2, '056238', '井上都', 'c098c78e7e02e3e200bbf2f98af4ce4da21cace9', 1, '', 1, '2013-09-25 17:00:03', '000001', NULL, NULL, NULL, NULL),
(3, '020591', '小口聖子', 'ccf771086908e5b5b9cf7c3a28e034dc88ee975c', 1, '', 1, '2013-09-25 17:00:41', '000001', NULL, NULL, NULL, NULL),
(4, '301115', '廣島剛', 'f2b38562450f9c2776dc94f46ea70d6557321b7b', 1, '', 1, '2013-09-25 17:01:28', '000001', NULL, NULL, NULL, NULL),
(5, '083007', '渡邉典子', 'a81dfdc06a7dff22830295f26d6fdee10462f975', 1, '', 1, '2013-09-25 17:01:57', '000001', NULL, NULL, NULL, NULL),
(6, '409007', '酒井由美子', '8f19c7959d85faf4f90db7b064cccaa073d2b217', 1, '', 1, '2013-09-25 17:02:43', '000001', NULL, NULL, NULL, NULL),
(7, '033221', '増田尚子', '8fe8c301ede2937c2f914fc1d89979b1de797dee', 1, '', 1, '2013-09-25 17:03:00', '000001', NULL, NULL, NULL, NULL),
(8, '300259', '窪田稚子', '054cbb8ab2c9c9c2a9ee6c9a2ac6e2f90928a589', 1, '', 1, '2013-09-25 17:03:23', '000001', NULL, NULL, NULL, NULL),
(9, '300320', '柴田桂子', 'b560bb650219215b033cae905b4dda0c45ad8a50', 1, '', 1, '2013-09-25 17:03:47', '000001', NULL, NULL, NULL, NULL),
(10, '076136', '杉江由美', 'f5808b9b36659ec00edbc4208bede52d02182fa6', 1, '', 1, '2013-09-25 17:04:16', '000001', NULL, NULL, NULL, NULL),
(11, '100002', '舞陽子', 'bdbb451a30f5bf71364fee1ab86031d18f13da6d', 1, '', 1, '2013-09-25 17:05:26', '000001', NULL, NULL, NULL, NULL),
(12, '301772', '鈴木真奈美', 'a731ac06e1ec8c46576787eb129bb0e61eb56a21', 1, '', 1, '2013-09-25 17:06:35', '000001', NULL, NULL, NULL, NULL),
(13, '302036', '横山さやか', '940c386252d1f7dc3583ea68deae145b8f734728', 1, '', 1, '2013-09-25 17:07:16', '000001', NULL, NULL, NULL, NULL),
(14, '000701', '情報システム部', '31b456a61a413d68d2918c4f8795c8eba2fdad95', 4, '', 1, '2013-09-25 17:08:06', '000001', NULL, NULL, NULL, NULL),
(15, '003020', '宮田信明', '145029b499269d4013930deebb14a102c68c7321', 3, '', 1, '2013-09-25 17:09:28', '000001', NULL, NULL, NULL, NULL),
(16, '001264', '西島宏一', '71e2d82c29bd10e584264afbe08fec355601d0ad', 3, '', 1, '2013-09-25 17:10:17', '000001', NULL, NULL, NULL, NULL),
(17, '000473', '秦幸子', 'be8b5878eea1096a8c524cd9db9397a11234858a', 3, '', 1, '2013-09-25 17:10:56', '000001', NULL, NULL, NULL, NULL),
(18, '000001', '鈴木一郎', 'bdbb451a30f5bf71364fee1ab86031d18f13da6d', 1, '', 1, '2013-11-01 11:18:57', '000701', NULL, NULL, NULL, NULL),
(19, '000002', '鈴木二郎', 'bdbb451a30f5bf71364fee1ab86031d18f13da6d', 2, 'szwm17@gmail.com', 1, '2013-11-01 11:19:51', '000701', NULL, '2013-11-18 18:59:17', '000002', NULL),
(20, '000003', '鈴木三郎', 'bdbb451a30f5bf71364fee1ab86031d18f13da6d', 3, '', 1, '2013-11-01 11:22:10', '000701', NULL, NULL, NULL, NULL),
(21, '000004', '鈴木四朗', 'bdbb451a30f5bf71364fee1ab86031d18f13da6d', 4, '', 1, '2013-11-01 11:23:12', '000701', NULL, NULL, NULL, NULL),
(22, '970001', 'ああああああ', 'a0b6fb62e41b57b3de233a71349fd9bb40458771', 2, '1234567890123456789012345@aa.com', 1, '2013-11-19 16:39:28', '000002', NULL, NULL, NULL, NULL),
(23, '998001', 'あああああ', 'bdbb451a30f5bf71364fee1ab86031d18f13da6d', 2, '1234567890123456789012345678901234567890@docomo.ne.jp', 1, '2013-11-19 19:02:55', '000002', NULL, NULL, NULL, NULL);

--
-- ダンプしたテーブルの制約
--

--
-- テーブルの制約 `audits`
--
ALTER TABLE `audits`
  ADD CONSTRAINT `audits_ibfk_1` FOREIGN KEY (`store_id`) REFERENCES `stores` (`store_id`),
  ADD CONSTRAINT `audits_ibfk_2` FOREIGN KEY (`audit_create_user`) REFERENCES `users` (`user_id`),
  ADD CONSTRAINT `item_id_key2` FOREIGN KEY (`item_id`) REFERENCES `items` (`item_id`);

--
-- テーブルの制約 `audit_details`
--
ALTER TABLE `audit_details`
  ADD CONSTRAINT `audit_details_ibfk_1` FOREIGN KEY (`document_id`) REFERENCES `documents` (`document_id`),
  ADD CONSTRAINT `audit_id_key` FOREIGN KEY (`audit_id`) REFERENCES `audits` (`audit_id`);

--
-- テーブルの制約 `categories`
--
ALTER TABLE `categories`
  ADD CONSTRAINT `categories_ibfk_1` FOREIGN KEY (`item_id`) REFERENCES `items` (`item_id`);

--
-- テーブルの制約 `documents`
--
ALTER TABLE `documents`
  ADD CONSTRAINT `category_id_key` FOREIGN KEY (`category_id`) REFERENCES `categories` (`category_id`),
  ADD CONSTRAINT `item_id_key` FOREIGN KEY (`item_id`) REFERENCES `items` (`item_id`);

--
-- テーブルの制約 `stores`
--
ALTER TABLE `stores`
  ADD CONSTRAINT `properties_id_key` FOREIGN KEY (`property_id`) REFERENCES `properties` (`puroperty_id`);

--
-- テーブルの制約 `users`
--
ALTER TABLE `users`
  ADD CONSTRAINT `authorities_id_key` FOREIGN KEY (`authority_id`) REFERENCES `authorities` (`idauthority_id`);

/*!40101 SET CHARACTER_SET_CLIENT=@OLD_CHARACTER_SET_CLIENT */;
/*!40101 SET CHARACTER_SET_RESULTS=@OLD_CHARACTER_SET_RESULTS */;
/*!40101 SET COLLATION_CONNECTION=@OLD_COLLATION_CONNECTION */;
